# MagicaVoxel @ Ephtracy

# group
o 

# material
mtllib saturnVoxel.mtl
usemtl palette

# normals
vn -1 0 0
vn 1 0 0
vn 0 0 1
vn 0 0 -1
vn 0 -1 0
vn 0 1 0

# texcoords
vt 0.400391 0.5
vt 0.404297 0.5
vt 0.705078 0.5
vt 0.728516 0.5

# verts
v -3.6 5.9 0.8
v -3.6 5.9 0.4
v -3.6 6 0.8
v -3.6 6 0.5
v -3.6 6.1 0.5
v -3.6 6.1 0.4
v -3.6 6.1 -0.3
v -3.6 6.2 0.4
v -3.6 6.2 -0.3
v -3.6 6.2 -0.4
v -3.6 6.3 -0.4
v -3.6 6.3 -0.7
v -3.6 6.4 -0.3
v -3.6 6.4 -0.7
v -3.5 5.8 1.2
v -3.5 5.8 1.1
v -3.5 5.9 1.2
v -3.5 5.9 1.1
v -3.5 5.9 0.8
v -3.5 6 1.1
v -3.5 6 0.8
v -3.5 6.3 -0.7
v -3.5 6.3 -1
v -3.5 6.4 -0.7
v -3.5 6.4 -1
v -3.5 6.4 -1.1
v -3.5 6.5 -1
v -3.5 6.5 -1.1
v -3.4 5.7 1.5
v -3.4 5.7 1.3
v -3.4 5.8 1.5
v -3.4 5.8 1.3
v -3.4 5.8 1.2
v -3.4 5.9 1.3
v -3.4 5.9 1.2
v -3.4 6.4 -1.1
v -3.4 6.4 -1.2
v -3.4 6.5 -1.1
v -3.4 6.5 -1.2
v -3.4 6.5 -1.4
v -3.4 6.6 -1.2
v -3.4 6.6 -1.4
v -3.3 5.7 1.7
v -3.3 5.7 1.5
v -3.3 5.8 1.7
v -3.3 5.8 1.5
v -3.3 6.5 -1.4
v -3.3 6.5 -1.6
v -3.3 6.6 -1.4
v -3.3 6.6 -1.6
v -3.2 5.6 1.9
v -3.2 5.6 1.8
v -3.2 5.7 1.9
v -3.2 5.7 1.8
v -3.2 5.7 1.7
v -3.2 5.8 1.8
v -3.2 5.8 1.7
v -3.2 6.5 -1.6
v -3.2 6.5 -1.7
v -3.2 6.6 -1.6
v -3.2 6.6 -1.7
v -3.2 6.6 -1.8
v -3.2 6.7 -1.7
v -3.2 6.7 -1.8
v -3 5.6 2.1
v -3 5.6 1.9
v -3 5.7 2.1
v -3 5.7 1.9
v -3 6.6 -1.8
v -3 6.6 -2
v -3 6.7 -1.8
v -3 6.7 -2
v -2.9 5.5 2.2
v -2.9 5.5 2.1
v -2.9 5.6 2.2
v -2.9 5.6 2.1
v -2.9 6.7 -2
v -2.9 6.7 -2.1
v -2.9 6.8 -2
v -2.9 6.8 -2.1
v -2.8 5.5 2.3
v -2.8 5.5 2.2
v -2.8 5.6 2.3
v -2.8 5.6 2.2
v -2.8 6.7 -2.1
v -2.8 6.7 -2.2
v -2.8 6.8 -2.1
v -2.8 6.8 -2.2
v -2.7 5.5 2.4
v -2.7 5.5 2.3
v -2.7 5.6 2.4
v -2.7 5.6 2.3
v -2.7 6.7 -2.2
v -2.7 6.7 -2.3
v -2.7 6.8 -2.2
v -2.7 6.8 -2.3
v -2.6 5.4 2.5
v -2.6 5.4 2.4
v -2.6 5.5 2.5
v -2.6 5.5 2.4
v -2.6 6.8 -2.3
v -2.6 6.8 -2.4
v -2.6 6.9 -2.3
v -2.6 6.9 -2.4
v -2.5 5.4 2.7
v -2.5 5.4 2.5
v -2.5 5.5 2.7
v -2.5 5.5 2.5
v -2.5 6.8 -2.4
v -2.5 6.8 -2.6
v -2.5 6.9 -2.4
v -2.5 6.9 -2.6
v -2.4 5.4 2.8
v -2.4 5.4 2.7
v -2.4 5.5 2.8
v -2.4 5.5 2.7
v -2.4 6.8 -2.6
v -2.4 6.8 -2.7
v -2.4 6.9 -2.6
v -2.4 6.9 -2.7
v -2.3 5.4 2.9
v -2.3 5.4 2.8
v -2.3 5.5 2.9
v -2.3 5.5 2.8
v -2.3 6.8 -2.7
v -2.3 6.8 -2.8
v -2.3 6.9 -2.7
v -2.3 6.9 -2.8
v -2.2 5.3 3
v -2.2 5.3 2.9
v -2.2 5.4 3
v -2.2 5.4 2.9
v -2.2 6.9 -2.8
v -2.2 6.9 -2.9
v -2.2 7 -2.8
v -2.2 7 -2.9
v -2 5.8 0.3
v -2 5.8 -0.3
v -2 5.9 0.4
v -2 5.9 0.3
v -2 5.9 -0.3
v -2 5.9 -0.4
v -2 6 0.3
v -2 6 0.2
v -2 6.2 0.2
v -2 6.2 0.0999999
v -2 6.3 0.0999999
v -2 6.3 0
v -2 6.4 0
v -2 6.4 -0.2
v -2 6.5 0.4
v -2 6.5 0.3
v -2 6.5 -0.2
v -2 6.5 -0.3
v -2 6.5 -0.4
v -2 6.6 0.3
v -2 6.6 -0.3
v -1.9 5.3 3.1
v -1.9 5.3 3
v -1.9 5.4 3.1
v -1.9 5.4 3
v -1.9 5.4 0.0999999
v -1.9 5.4 -0.0999999
v -1.9 5.5 0.4
v -1.9 5.5 0.3
v -1.9 5.5 0.0999999
v -1.9 5.5 -0.0999999
v -1.9 5.5 -0.4
v -1.9 5.6 0.5
v -1.9 5.6 0.4
v -1.9 5.6 -0.4
v -1.9 5.6 -0.5
v -1.9 5.7 0.6
v -1.9 5.7 0.5
v -1.9 5.7 -0.5
v -1.9 5.7 -0.6
v -1.9 5.8 0.7
v -1.9 5.8 0.6
v -1.9 5.8 0.3
v -1.9 5.8 -0.3
v -1.9 5.8 -0.6
v -1.9 5.8 -0.7
v -1.9 5.9 0.4
v -1.9 5.9 0.3
v -1.9 5.9 -0.3
v -1.9 5.9 -0.4
v -1.9 6.1 0.8
v -1.9 6.1 0.7
v -1.9 6.1 -0.7
v -1.9 6.1 -0.8
v -1.9 6.2 -0.7
v -1.9 6.2 -0.8
v -1.9 6.3 0.8
v -1.9 6.3 0.7
v -1.9 6.3 -0.7
v -1.9 6.3 -0.8
v -1.9 6.4 -0.5
v -1.9 6.4 -0.7
v -1.9 6.5 0.4
v -1.9 6.5 0.3
v -1.9 6.5 -0.3
v -1.9 6.5 -0.4
v -1.9 6.5 -0.5
v -1.9 6.6 0.7
v -1.9 6.6 0.6
v -1.9 6.6 0.3
v -1.9 6.6 -0.3
v -1.9 6.6 -0.6
v -1.9 6.6 -0.7
v -1.9 6.7 0.6
v -1.9 6.7 0.5
v -1.9 6.7 -0.5
v -1.9 6.7 -0.6
v -1.9 6.8 0.5
v -1.9 6.8 0.4
v -1.9 6.8 -0.4
v -1.9 6.8 -0.5
v -1.9 6.9 0.4
v -1.9 6.9 0.0999999
v -1.9 6.9 -0.0999999
v -1.9 6.9 -0.4
v -1.9 6.9 -2.9
v -1.9 6.9 -3
v -1.9 7 0.0999999
v -1.9 7 -0.0999999
v -1.9 7 -2.9
v -1.9 7 -3
v -1.8 5.2 0.2
v -1.8 5.2 0.0999999
v -1.8 5.2 -0.2
v -1.8 5.3 0.5
v -1.8 5.3 0.2
v -1.8 5.3 0.0999999
v -1.8 5.3 -0.2
v -1.8 5.3 -0.5
v -1.8 5.4 0.6
v -1.8 5.4 0.5
v -1.8 5.4 0.0999999
v -1.8 5.4 -0.0999999
v -1.8 5.4 -0.5
v -1.8 5.4 -0.6
v -1.8 5.5 0.7
v -1.8 5.5 0.6
v -1.8 5.5 0.4
v -1.8 5.5 0.3
v -1.8 5.5 0.2
v -1.8 5.5 0.0999999
v -1.8 5.5 -0.0999999
v -1.8 5.5 -0.4
v -1.8 5.5 -0.6
v -1.8 5.5 -0.7
v -1.8 5.6 0.8
v -1.8 5.6 0.7
v -1.8 5.6 0.5
v -1.8 5.6 0.4
v -1.8 5.6 -0.4
v -1.8 5.6 -0.5
v -1.8 5.6 -0.7
v -1.8 5.6 -0.8
v -1.8 5.7 0.9
v -1.8 5.7 0.8
v -1.8 5.7 0.6
v -1.8 5.7 0.5
v -1.8 5.7 -0.5
v -1.8 5.7 -0.6
v -1.8 5.7 -0.8
v -1.8 5.7 -0.9
v -1.8 5.8 0.7
v -1.8 5.8 0.6
v -1.8 5.8 -0.6
v -1.8 5.8 -0.7
v -1.8 6 1
v -1.8 6 0.9
v -1.8 6 -0.8
v -1.8 6 -0.9
v -1.8 6 -1
v -1.8 6.1 0.8
v -1.8 6.1 0.7
v -1.8 6.1 -0.7
v -1.8 6.1 -0.8
v -1.8 6.2 -0.8
v -1.8 6.3 0.8
v -1.8 6.3 0.7
v -1.8 6.3 -0.7
v -1.8 6.3 -0.8
v -1.8 6.4 1
v -1.8 6.4 0.9
v -1.8 6.4 0.8
v -1.8 6.4 -0.7
v -1.8 6.4 -0.9
v -1.8 6.4 -1
v -1.8 6.6 0.7
v -1.8 6.6 0.6
v -1.8 6.6 -0.6
v -1.8 6.6 -0.7
v -1.8 6.7 0.9
v -1.8 6.7 0.8
v -1.8 6.7 0.6
v -1.8 6.7 0.5
v -1.8 6.7 -0.5
v -1.8 6.7 -0.6
v -1.8 6.7 -0.8
v -1.8 6.7 -0.9
v -1.8 6.8 0.8
v -1.8 6.8 0.7
v -1.8 6.8 0.5
v -1.8 6.8 0.4
v -1.8 6.8 -0.4
v -1.8 6.8 -0.5
v -1.8 6.8 -0.7
v -1.8 6.8 -0.8
v -1.8 6.9 0.7
v -1.8 6.9 0.6
v -1.8 6.9 0.4
v -1.8 6.9 0.0999999
v -1.8 6.9 -0.0999999
v -1.8 6.9 -0.4
v -1.8 6.9 -0.6
v -1.8 6.9 -0.7
v -1.8 7 0.6
v -1.8 7 0.5
v -1.8 7 0.0999999
v -1.8 7 -0.0999999
v -1.8 7 -0.5
v -1.8 7 -0.6
v -1.8 7.1 0.5
v -1.8 7.1 0.2
v -1.8 7.1 -0.2
v -1.8 7.1 -0.5
v -1.8 7.2 0.2
v -1.8 7.2 -0.2
v -1.7 5.1 0.4
v -1.7 5.1 -0.2
v -1.7 5.1 -0.4
v -1.7 5.2 3.2
v -1.7 5.2 3.1
v -1.7 5.2 0.6
v -1.7 5.2 0.4
v -1.7 5.2 0.2
v -1.7 5.2 0.0999999
v -1.7 5.2 -0.2
v -1.7 5.2 -0.4
v -1.7 5.2 -0.6
v -1.7 5.3 3.1
v -1.7 5.3 0.7
v -1.7 5.3 0.6
v -1.7 5.3 0.5
v -1.7 5.3 0.2
v -1.7 5.3 -0.2
v -1.7 5.3 -0.5
v -1.7 5.3 -0.6
v -1.7 5.3 -0.7
v -1.7 5.4 3.2
v -1.7 5.4 3.1
v -1.7 5.4 0.8
v -1.7 5.4 0.7
v -1.7 5.4 0.6
v -1.7 5.4 0.5
v -1.7 5.4 -0.5
v -1.7 5.4 -0.6
v -1.7 5.4 -0.7
v -1.7 5.4 -0.8
v -1.7 5.5 0.9
v -1.7 5.5 0.8
v -1.7 5.5 0.7
v -1.7 5.5 0.6
v -1.7 5.5 -0.6
v -1.7 5.5 -0.7
v -1.7 5.5 -0.8
v -1.7 5.5 -0.9
v -1.7 5.6 1
v -1.7 5.6 0.9
v -1.7 5.6 0.8
v -1.7 5.6 0.7
v -1.7 5.6 -0.7
v -1.7 5.6 -0.8
v -1.7 5.6 -0.9
v -1.7 5.6 -1
v -1.7 5.7 0.9
v -1.7 5.7 0.8
v -1.7 5.7 -0.8
v -1.7 5.7 -0.9
v -1.7 5.8 1.1
v -1.7 5.8 1
v -1.7 5.8 -1
v -1.7 5.8 -1.1
v -1.7 6 1
v -1.7 6 0.9
v -1.7 6 -0.9
v -1.7 6 -1
v -1.7 6.4 1
v -1.7 6.4 0.9
v -1.7 6.4 -0.9
v -1.7 6.4 -1
v -1.7 6.5 1.1
v -1.7 6.5 0.9
v -1.7 6.6 1.1
v -1.7 6.6 1
v -1.7 6.6 -1
v -1.7 6.6 -1.1
v -1.7 6.7 0.9
v -1.7 6.7 0.8
v -1.7 6.7 -0.8
v -1.7 6.7 -0.9
v -1.7 6.8 1
v -1.7 6.8 0.9
v -1.7 6.8 0.8
v -1.7 6.8 0.7
v -1.7 6.8 -0.7
v -1.7 6.8 -0.8
v -1.7 6.8 -0.9
v -1.7 6.8 -1
v -1.7 6.9 0.9
v -1.7 6.9 0.8
v -1.7 6.9 0.7
v -1.7 6.9 0.6
v -1.7 6.9 -0.6
v -1.7 6.9 -0.7
v -1.7 6.9 -0.8
v -1.7 6.9 -0.9
v -1.7 6.9 -3
v -1.7 6.9 -3.1
v -1.7 7 0.8
v -1.7 7 0.7
v -1.7 7 0.6
v -1.7 7 0.5
v -1.7 7 -0.5
v -1.7 7 -0.6
v -1.7 7 -0.7
v -1.7 7 -0.8
v -1.7 7 -3
v -1.7 7.1 0.7
v -1.7 7.1 0.6
v -1.7 7.1 0.5
v -1.7 7.1 0.2
v -1.7 7.1 -0.2
v -1.7 7.1 -0.5
v -1.7 7.1 -0.6
v -1.7 7.1 -0.7
v -1.7 7.1 -3
v -1.7 7.1 -3.1
v -1.7 7.2 0.6
v -1.7 7.2 0.4
v -1.7 7.2 0.2
v -1.7 7.2 -0.2
v -1.7 7.2 -0.4
v -1.7 7.2 -0.6
v -1.7 7.3 0.4
v -1.7 7.3 -0.4
v -1.6 4.9 0.2
v -1.6 4.9 -0.2
v -1.6 5 0.5
v -1.6 5 0.2
v -1.6 5 -0.2
v -1.6 5 -0.5
v -1.6 5.1 0.7
v -1.6 5.1 0.5
v -1.6 5.1 0.4
v -1.6 5.1 -0.2
v -1.6 5.1 -0.4
v -1.6 5.1 -0.5
v -1.6 5.1 -0.7
v -1.6 5.2 0.8
v -1.6 5.2 0.7
v -1.6 5.2 0.6
v -1.6 5.2 0.4
v -1.6 5.2 -0.4
v -1.6 5.2 -0.6
v -1.6 5.2 -0.7
v -1.6 5.2 -0.8
v -1.6 5.3 0.9
v -1.6 5.3 0.8
v -1.6 5.3 0.7
v -1.6 5.3 0.6
v -1.6 5.3 -0.6
v -1.6 5.3 -0.7
v -1.6 5.3 -0.8
v -1.6 5.3 -0.9
v -1.6 5.4 1
v -1.6 5.4 0.9
v -1.6 5.4 0.8
v -1.6 5.4 0.7
v -1.6 5.4 -0.7
v -1.6 5.4 -0.8
v -1.6 5.4 -0.9
v -1.6 5.4 -1
v -1.6 5.5 1.1
v -1.6 5.5 1
v -1.6 5.5 0.9
v -1.6 5.5 0.8
v -1.6 5.5 -0.8
v -1.6 5.5 -0.9
v -1.6 5.5 -1
v -1.6 5.5 -1.1
v -1.6 5.6 1
v -1.6 5.6 0.9
v -1.6 5.6 -0.9
v -1.6 5.6 -1
v -1.6 5.7 1.2
v -1.6 5.7 1.1
v -1.6 5.7 -1.1
v -1.6 5.7 -1.2
v -1.6 5.8 1.1
v -1.6 5.8 1
v -1.6 5.8 -1
v -1.6 5.8 -1.1
v -1.6 6 1.3
v -1.6 6 1.2
v -1.6 6 -1.2
v -1.6 6 -1.3
v -1.6 6.4 1.3
v -1.6 6.4 1.2
v -1.6 6.4 -1.2
v -1.6 6.4 -1.3
v -1.6 6.5 1.1
v -1.6 6.6 1.2
v -1.6 6.6 1.1
v -1.6 6.6 1
v -1.6 6.6 -1
v -1.6 6.6 -1.1
v -1.6 6.7 1.2
v -1.6 6.7 1.1
v -1.6 6.7 -1.1
v -1.6 6.7 -1.2
v -1.6 6.8 1
v -1.6 6.8 0.9
v -1.6 6.8 -0.9
v -1.6 6.8 -1
v -1.6 6.9 1.1
v -1.6 6.9 1
v -1.6 6.9 0.9
v -1.6 6.9 0.8
v -1.6 6.9 -0.8
v -1.6 6.9 -0.9
v -1.6 6.9 -1
v -1.6 6.9 -1.1
v -1.6 7 1
v -1.6 7 0.9
v -1.6 7 0.8
v -1.6 7 0.7
v -1.6 7 -0.7
v -1.6 7 -0.8
v -1.6 7 -0.9
v -1.6 7 -1
v -1.6 7.1 0.9
v -1.6 7.1 0.8
v -1.6 7.1 0.7
v -1.6 7.1 0.6
v -1.6 7.1 -0.6
v -1.6 7.1 -0.7
v -1.6 7.1 -0.8
v -1.6 7.1 -0.9
v -1.6 7.2 0.8
v -1.6 7.2 0.7
v -1.6 7.2 0.6
v -1.6 7.2 0.4
v -1.6 7.2 -0.4
v -1.6 7.2 -0.6
v -1.6 7.2 -0.7
v -1.6 7.2 -0.8
v -1.6 7.3 0.7
v -1.6 7.3 0.5
v -1.6 7.3 0.4
v -1.6 7.3 -0.4
v -1.6 7.3 -0.5
v -1.6 7.3 -0.7
v -1.6 7.4 0.5
v -1.6 7.4 0.2
v -1.6 7.4 -0.2
v -1.6 7.4 -0.5
v -1.6 7.5 0.2
v -1.6 7.5 -0.2
v -1.5 4.8 0.3
v -1.5 4.8 -0.3
v -1.5 4.9 0.6
v -1.5 4.9 0.3
v -1.5 4.9 0.2
v -1.5 4.9 -0.2
v -1.5 4.9 -0.3
v -1.5 4.9 -0.6
v -1.5 5 0.8
v -1.5 5 0.6
v -1.5 5 0.5
v -1.5 5 0.2
v -1.5 5 -0.2
v -1.5 5 -0.5
v -1.5 5 -0.6
v -1.5 5 -0.8
v -1.5 5.1 0.9
v -1.5 5.1 0.8
v -1.5 5.1 0.7
v -1.5 5.1 0.5
v -1.5 5.1 -0.5
v -1.5 5.1 -0.7
v -1.5 5.1 -0.8
v -1.5 5.1 -0.9
v -1.5 5.2 3.4
v -1.5 5.2 3.2
v -1.5 5.2 1
v -1.5 5.2 0.9
v -1.5 5.2 0.8
v -1.5 5.2 0.7
v -1.5 5.2 -0.7
v -1.5 5.2 -0.8
v -1.5 5.2 -0.9
v -1.5 5.2 -1
v -1.5 5.3 3.4
v -1.5 5.3 3.2
v -1.5 5.3 1.1
v -1.5 5.3 1
v -1.5 5.3 0.9
v -1.5 5.3 0.8
v -1.5 5.3 -0.8
v -1.5 5.3 -0.9
v -1.5 5.3 -1
v -1.5 5.3 -1.1
v -1.5 5.4 1.2
v -1.5 5.4 1.1
v -1.5 5.4 1
v -1.5 5.4 0.9
v -1.5 5.4 -0.9
v -1.5 5.4 -1
v -1.5 5.4 -1.1
v -1.5 5.4 -1.2
v -1.5 5.5 1.1
v -1.5 5.5 1
v -1.5 5.5 -1
v -1.5 5.5 -1.1
v -1.5 5.6 1.3
v -1.5 5.6 1.2
v -1.5 5.6 -1.2
v -1.5 5.6 -1.3
v -1.5 5.7 1.2
v -1.5 5.7 1.1
v -1.5 5.7 -1.1
v -1.5 5.7 -1.2
v -1.5 5.9 1.4
v -1.5 5.9 1.3
v -1.5 5.9 -1.3
v -1.5 5.9 -1.4
v -1.5 6 1.3
v -1.5 6 1.2
v -1.5 6 -1.2
v -1.5 6 -1.3
v -1.5 6.4 1.4
v -1.5 6.4 1.3
v -1.5 6.4 1.2
v -1.5 6.4 -1.2
v -1.5 6.4 -1.3
v -1.5 6.5 1.4
v -1.5 6.5 1.3
v -1.5 6.5 1.2
v -1.5 6.5 -1.3
v -1.5 6.5 -1.4
v -1.5 6.6 1.2
v -1.5 6.7 1.2
v -1.5 6.7 1.1
v -1.5 6.7 -1.1
v -1.5 6.7 -1.2
v -1.5 6.8 1.3
v -1.5 6.8 1.2
v -1.5 6.8 -1.2
v -1.5 6.8 -1.3
v -1.5 6.9 1.1
v -1.5 6.9 1
v -1.5 6.9 -1
v -1.5 6.9 -1.1
v -1.5 7 1.2
v -1.5 7 1.1
v -1.5 7 1
v -1.5 7 0.9
v -1.5 7 -0.9
v -1.5 7 -1
v -1.5 7 -1.1
v -1.5 7 -1.2
v -1.5 7 -3.1
v -1.5 7 -3.3
v -1.5 7.1 1.1
v -1.5 7.1 1
v -1.5 7.1 0.9
v -1.5 7.1 0.8
v -1.5 7.1 -0.8
v -1.5 7.1 -0.9
v -1.5 7.1 -1
v -1.5 7.1 -1.1
v -1.5 7.1 -3.1
v -1.5 7.1 -3.3
v -1.5 7.2 1
v -1.5 7.2 0.9
v -1.5 7.2 0.8
v -1.5 7.2 0.7
v -1.5 7.2 -0.7
v -1.5 7.2 -0.8
v -1.5 7.2 -0.9
v -1.5 7.2 -1
v -1.5 7.3 0.9
v -1.5 7.3 0.8
v -1.5 7.3 0.7
v -1.5 7.3 0.5
v -1.5 7.3 -0.5
v -1.5 7.3 -0.7
v -1.5 7.3 -0.8
v -1.5 7.3 -0.9
v -1.5 7.4 0.8
v -1.5 7.4 0.6
v -1.5 7.4 0.5
v -1.5 7.4 0.2
v -1.5 7.4 -0.2
v -1.5 7.4 -0.5
v -1.5 7.4 -0.6
v -1.5 7.4 -0.8
v -1.5 7.5 0.6
v -1.5 7.5 0.3
v -1.5 7.5 0.2
v -1.5 7.5 -0.2
v -1.5 7.5 -0.3
v -1.5 7.5 -0.6
v -1.5 7.6 0.3
v -1.5 7.6 -0.3
v -1.4 4.7 0.3
v -1.4 4.7 -0.3
v -1.4 4.8 0.6
v -1.4 4.8 0.3
v -1.4 4.8 -0.3
v -1.4 4.8 -0.6
v -1.4 4.9 0.8
v -1.4 4.9 0.6
v -1.4 4.9 0.3
v -1.4 4.9 -0.3
v -1.4 4.9 -0.6
v -1.4 4.9 -0.8
v -1.4 5 0.9
v -1.4 5 0.8
v -1.4 5 0.6
v -1.4 5 -0.6
v -1.4 5 -0.8
v -1.4 5 -0.9
v -1.4 5.1 1
v -1.4 5.1 0.9
v -1.4 5.1 0.8
v -1.4 5.1 -0.8
v -1.4 5.1 -0.9
v -1.4 5.1 -1
v -1.4 5.2 1.1
v -1.4 5.2 1
v -1.4 5.2 0.9
v -1.4 5.2 -0.9
v -1.4 5.2 -1
v -1.4 5.2 -1.1
v -1.4 5.3 1.2
v -1.4 5.3 1.1
v -1.4 5.3 1
v -1.4 5.3 -1
v -1.4 5.3 -1.1
v -1.4 5.3 -1.2
v -1.4 5.4 1.3
v -1.4 5.4 1.2
v -1.4 5.4 1.1
v -1.4 5.4 -1.1
v -1.4 5.4 -1.2
v -1.4 5.4 -1.3
v -1.4 5.6 1.4
v -1.4 5.6 1.3
v -1.4 5.6 1.2
v -1.4 5.6 -1.2
v -1.4 5.6 -1.3
v -1.4 5.6 -1.4
v -1.4 5.9 1.5
v -1.4 5.9 1.4
v -1.4 5.9 1.3
v -1.4 5.9 -1.3
v -1.4 5.9 -1.4
v -1.4 5.9 -1.5
v -1.4 6.2 1.5
v -1.4 6.2 1.4
v -1.4 6.4 1.4
v -1.4 6.5 1.5
v -1.4 6.5 1.4
v -1.4 6.5 1.3
v -1.4 6.5 -1.3
v -1.4 6.5 -1.4
v -1.4 6.5 -1.5
v -1.4 6.8 1.4
v -1.4 6.8 1.3
v -1.4 6.8 1.2
v -1.4 6.8 -1.2
v -1.4 6.8 -1.3
v -1.4 6.8 -1.4
v -1.4 7 1.3
v -1.4 7 1.2
v -1.4 7 1.1
v -1.4 7 -1.1
v -1.4 7 -1.2
v -1.4 7 -1.3
v -1.4 7.1 1.2
v -1.4 7.1 1.1
v -1.4 7.1 1
v -1.4 7.1 -1
v -1.4 7.1 -1.1
v -1.4 7.1 -1.2
v -1.4 7.2 1.1
v -1.4 7.2 1
v -1.4 7.2 0.9
v -1.4 7.2 -0.9
v -1.4 7.2 -1
v -1.4 7.2 -1.1
v -1.4 7.3 1
v -1.4 7.3 0.9
v -1.4 7.3 0.8
v -1.4 7.3 -0.8
v -1.4 7.3 -0.9
v -1.4 7.3 -1
v -1.4 7.4 0.9
v -1.4 7.4 0.8
v -1.4 7.4 0.6
v -1.4 7.4 -0.6
v -1.4 7.4 -0.7
v -1.4 7.4 -0.8
v -1.4 7.4 -0.9
v -1.4 7.5 0.8
v -1.4 7.5 0.6
v -1.4 7.5 0.3
v -1.4 7.5 -0.3
v -1.4 7.5 -0.6
v -1.4 7.5 -0.7
v -1.4 7.5 -0.8
v -1.4 7.6 0.6
v -1.4 7.6 0.3
v -1.4 7.6 -0.3
v -1.4 7.6 -0.6
v -1.4 7.7 0.3
v -1.4 7.7 -0.3
v -1.3 4.6 0.2
v -1.3 4.6 -0.2
v -1.3 4.7 0.6
v -1.3 4.7 0.3
v -1.3 4.7 0.2
v -1.3 4.7 -0.2
v -1.3 4.7 -0.3
v -1.3 4.7 -0.6
v -1.3 4.8 0.8
v -1.3 4.8 0.6
v -1.3 4.8 0.3
v -1.3 4.8 -0.3
v -1.3 4.8 -0.6
v -1.3 4.8 -0.8
v -1.3 4.9 0.9
v -1.3 4.9 0.8
v -1.3 4.9 0.6
v -1.3 4.9 -0.6
v -1.3 4.9 -0.8
v -1.3 4.9 -0.9
v -1.3 5 1.1
v -1.3 5 0.9
v -1.3 5 0.8
v -1.3 5 -0.8
v -1.3 5 -0.9
v -1.3 5 -1.1
v -1.3 5.1 1.2
v -1.3 5.1 1.1
v -1.3 5.1 1
v -1.3 5.1 0.9
v -1.3 5.1 -0.9
v -1.3 5.1 -1
v -1.3 5.1 -1.1
v -1.3 5.1 -1.2
v -1.3 5.2 3.5
v -1.3 5.2 3.4
v -1.3 5.2 1.1
v -1.3 5.2 1
v -1.3 5.2 -1
v -1.3 5.2 -1.1
v -1.3 5.3 3.5
v -1.3 5.3 3.4
v -1.3 5.3 1.3
v -1.3 5.3 1.2
v -1.3 5.3 1.1
v -1.3 5.3 -1.1
v -1.3 5.3 -1.2
v -1.3 5.3 -1.3
v -1.3 5.4 1.4
v -1.3 5.4 1.3
v -1.3 5.4 1.2
v -1.3 5.4 -1.2
v -1.3 5.4 -1.3
v -1.3 5.4 -1.4
v -1.3 5.6 1.5
v -1.3 5.6 1.4
v -1.3 5.6 1.3
v -1.3 5.6 -1.3
v -1.3 5.6 -1.4
v -1.3 5.6 -1.5
v -1.3 5.9 1.5
v -1.3 5.9 1.4
v -1.3 5.9 -1.4
v -1.3 5.9 -1.5
v -1.3 6 1.6
v -1.3 6 1.5
v -1.3 6 -1.5
v -1.3 6 -1.6
v -1.3 6.2 1.5
v -1.3 6.4 1.6
v -1.3 6.4 1.5
v -1.3 6.4 -1.5
v -1.3 6.4 -1.6
v -1.3 6.5 1.5
v -1.3 6.5 1.4
v -1.3 6.5 -1.4
v -1.3 6.5 -1.5
v -1.3 6.8 1.5
v -1.3 6.8 1.4
v -1.3 6.8 1.3
v -1.3 6.8 -1.3
v -1.3 6.8 -1.4
v -1.3 6.8 -1.5
v -1.3 7 1.4
v -1.3 7 1.3
v -1.3 7 1.2
v -1.3 7 -1.2
v -1.3 7 -1.3
v -1.3 7 -1.4
v -1.3 7 -3.3
v -1.3 7 -3.4
v -1.3 7.1 1.3
v -1.3 7.1 1.2
v -1.3 7.1 1.1
v -1.3 7.1 -1.1
v -1.3 7.1 -1.2
v -1.3 7.1 -1.3
v -1.3 7.1 -3.3
v -1.3 7.1 -3.4
v -1.3 7.2 1.1
v -1.3 7.2 1
v -1.3 7.2 -1
v -1.3 7.2 -1.1
v -1.3 7.3 1.2
v -1.3 7.3 1.1
v -1.3 7.3 1
v -1.3 7.3 0.9
v -1.3 7.3 -0.9
v -1.3 7.3 -1
v -1.3 7.3 -1.1
v -1.3 7.3 -1.2
v -1.3 7.4 1.1
v -1.3 7.4 0.9
v -1.3 7.4 0.8
v -1.3 7.4 -0.8
v -1.3 7.4 -0.9
v -1.3 7.4 -1.1
v -1.3 7.5 0.9
v -1.3 7.5 0.8
v -1.3 7.5 0.6
v -1.3 7.5 -0.6
v -1.3 7.5 -0.7
v -1.3 7.5 -0.8
v -1.3 7.5 -0.9
v -1.3 7.6 0.8
v -1.3 7.6 0.6
v -1.3 7.6 0.3
v -1.3 7.6 -0.3
v -1.3 7.6 -0.6
v -1.3 7.6 -0.7
v -1.3 7.6 -0.8
v -1.3 7.7 0.6
v -1.3 7.7 0.3
v -1.3 7.7 0.2
v -1.3 7.7 -0.2
v -1.3 7.7 -0.3
v -1.3 7.7 -0.6
v -1.3 7.8 0.2
v -1.3 7.8 -0.2
v -1.2 4.6 0.5
v -1.2 4.6 0.2
v -1.2 4.6 -0.2
v -1.2 4.6 -0.5
v -1.2 4.7 0.8
v -1.2 4.7 0.6
v -1.2 4.7 0.5
v -1.2 4.7 0.2
v -1.2 4.7 -0.2
v -1.2 4.7 -0.5
v -1.2 4.7 -0.6
v -1.2 4.7 -0.8
v -1.2 4.8 0.9
v -1.2 4.8 0.8
v -1.2 4.8 0.6
v -1.2 4.8 -0.6
v -1.2 4.8 -0.8
v -1.2 4.8 -0.9
v -1.2 4.9 1.1
v -1.2 4.9 0.9
v -1.2 4.9 0.8
v -1.2 4.9 -0.8
v -1.2 4.9 -0.9
v -1.2 4.9 -1.1
v -1.2 5 1.2
v -1.2 5 1.1
v -1.2 5 0.9
v -1.2 5 -0.9
v -1.2 5 -1.1
v -1.2 5 -1.2
v -1.2 5.1 1.3
v -1.2 5.1 1.2
v -1.2 5.1 1.1
v -1.2 5.1 -1.1
v -1.2 5.1 -1.2
v -1.2 5.1 -1.3
v -1.2 5.3 1.4
v -1.2 5.3 1.3
v -1.2 5.3 1.2
v -1.2 5.3 -1.2
v -1.2 5.3 -1.3
v -1.2 5.3 -1.4
v -1.2 5.4 1.5
v -1.2 5.4 1.4
v -1.2 5.4 1.3
v -1.2 5.4 -1.3
v -1.2 5.4 -1.4
v -1.2 5.4 -1.5
v -1.2 5.6 1.5
v -1.2 5.6 1.4
v -1.2 5.6 -1.4
v -1.2 5.6 -1.5
v -1.2 5.7 1.6
v -1.2 5.7 1.5
v -1.2 5.7 -1.5
v -1.2 5.7 -1.6
v -1.2 6 1.6
v -1.2 6 1.5
v -1.2 6 -1.5
v -1.2 6 -1.6
v -1.2 6.4 1.6
v -1.2 6.4 1.5
v -1.2 6.4 -1.5
v -1.2 6.4 -1.6
v -1.2 6.7 1.6
v -1.2 6.7 1.5
v -1.2 6.7 -1.5
v -1.2 6.7 -1.6
v -1.2 6.8 1.5
v -1.2 6.8 1.4
v -1.2 6.8 -1.4
v -1.2 6.8 -1.5
v -1.2 7 1.5
v -1.2 7 1.4
v -1.2 7 1.3
v -1.2 7 -1.3
v -1.2 7 -1.4
v -1.2 7 -1.5
v -1.2 7.1 1.4
v -1.2 7.1 1.3
v -1.2 7.1 1.2
v -1.2 7.1 -1.2
v -1.2 7.1 -1.3
v -1.2 7.1 -1.4
v -1.2 7.3 1.3
v -1.2 7.3 1.2
v -1.2 7.3 1.1
v -1.2 7.3 -1.1
v -1.2 7.3 -1.2
v -1.2 7.3 -1.3
v -1.2 7.4 1.2
v -1.2 7.4 1.1
v -1.2 7.4 0.9
v -1.2 7.4 -0.9
v -1.2 7.4 -1.1
v -1.2 7.4 -1.2
v -1.2 7.5 1.1
v -1.2 7.5 0.9
v -1.2 7.5 0.8
v -1.2 7.5 -0.8
v -1.2 7.5 -0.9
v -1.2 7.5 -1.1
v -1.2 7.6 0.9
v -1.2 7.6 0.8
v -1.2 7.6 0.6
v -1.2 7.6 -0.6
v -1.2 7.6 -0.7
v -1.2 7.6 -0.8
v -1.2 7.6 -0.9
v -1.2 7.7 0.8
v -1.2 7.7 0.6
v -1.2 7.7 0.5
v -1.2 7.7 0.2
v -1.2 7.7 -0.2
v -1.2 7.7 -0.5
v -1.2 7.7 -0.6
v -1.2 7.7 -0.7
v -1.2 7.7 -0.8
v -1.2 7.8 0.5
v -1.2 7.8 0.2
v -1.2 7.8 -0.2
v -1.2 7.8 -0.5
v -1.1 4.5 0.4
v -1.1 4.5 -0.4
v -1.1 4.6 0.7
v -1.1 4.6 0.5
v -1.1 4.6 0.4
v -1.1 4.6 -0.4
v -1.1 4.6 -0.5
v -1.1 4.6 -0.7
v -1.1 4.7 0.9
v -1.1 4.7 0.8
v -1.1 4.7 0.7
v -1.1 4.7 0.5
v -1.1 4.7 -0.5
v -1.1 4.7 -0.7
v -1.1 4.7 -0.8
v -1.1 4.7 -0.9
v -1.1 4.8 1
v -1.1 4.8 0.9
v -1.1 4.8 0.8
v -1.1 4.8 -0.8
v -1.1 4.8 -0.9
v -1.1 4.8 -1
v -1.1 4.9 1.2
v -1.1 4.9 1.1
v -1.1 4.9 1
v -1.1 4.9 0.9
v -1.1 4.9 -0.9
v -1.1 4.9 -1
v -1.1 4.9 -1.1
v -1.1 4.9 -1.2
v -1.1 5 1.3
v -1.1 5 1.2
v -1.1 5 1.1
v -1.1 5 -1.1
v -1.1 5 -1.2
v -1.1 5 -1.3
v -1.1 5.1 1.3
v -1.1 5.1 1.2
v -1.1 5.1 -1.2
v -1.1 5.1 -1.3
v -1.1 5.2 1.4
v -1.1 5.2 1.3
v -1.1 5.2 -1.3
v -1.1 5.2 -1.4
v -1.1 5.3 1.5
v -1.1 5.3 1.4
v -1.1 5.3 1.3
v -1.1 5.3 -1.3
v -1.1 5.3 -1.4
v -1.1 5.3 -1.5
v -1.1 5.4 1.5
v -1.1 5.4 1.4
v -1.1 5.4 -1.4
v -1.1 5.4 -1.5
v -1.1 5.5 1.6
v -1.1 5.5 1.5
v -1.1 5.5 -1.5
v -1.1 5.5 -1.6
v -1.1 5.7 1.6
v -1.1 5.7 1.5
v -1.1 5.7 -1.5
v -1.1 5.7 -1.6
v -1.1 5.8 1.7
v -1.1 5.8 1.6
v -1.1 5.8 -1.6
v -1.1 5.8 -1.7
v -1.1 6.4 -1.6
v -1.1 6.4 -1.7
v -1.1 6.6 1.7
v -1.1 6.6 1.6
v -1.1 6.6 -1.6
v -1.1 6.6 -1.7
v -1.1 6.7 1.6
v -1.1 6.7 1.5
v -1.1 6.7 -1.5
v -1.1 6.7 -1.6
v -1.1 6.9 1.6
v -1.1 6.9 1.5
v -1.1 6.9 -1.5
v -1.1 6.9 -1.6
v -1.1 7 1.5
v -1.1 7 1.4
v -1.1 7 -1.4
v -1.1 7 -1.5
v -1.1 7.1 1.5
v -1.1 7.1 1.4
v -1.1 7.1 1.3
v -1.1 7.1 -1.3
v -1.1 7.1 -1.4
v -1.1 7.1 -1.5
v -1.1 7.2 1.4
v -1.1 7.2 1.3
v -1.1 7.2 -1.3
v -1.1 7.2 -1.4
v -1.1 7.3 1.3
v -1.1 7.3 1.2
v -1.1 7.3 -1.2
v -1.1 7.3 -1.3
v -1.1 7.4 1.3
v -1.1 7.4 1.2
v -1.1 7.4 1.1
v -1.1 7.4 -1.1
v -1.1 7.4 -1.2
v -1.1 7.4 -1.3
v -1.1 7.5 1.2
v -1.1 7.5 1.1
v -1.1 7.5 1
v -1.1 7.5 0.9
v -1.1 7.5 -0.9
v -1.1 7.5 -1
v -1.1 7.5 -1.1
v -1.1 7.5 -1.2
v -1.1 7.6 1
v -1.1 7.6 0.9
v -1.1 7.6 0.8
v -1.1 7.6 -0.8
v -1.1 7.6 -0.9
v -1.1 7.6 -1
v -1.1 7.7 0.9
v -1.1 7.7 0.8
v -1.1 7.7 0.7
v -1.1 7.7 0.5
v -1.1 7.7 -0.5
v -1.1 7.7 -0.7
v -1.1 7.7 -0.8
v -1.1 7.7 -0.9
v -1.1 7.8 0.7
v -1.1 7.8 0.5
v -1.1 7.8 0.4
v -1.1 7.8 -0.4
v -1.1 7.8 -0.5
v -1.1 7.8 -0.7
v -1.1 7.9 0.4
v -1.1 7.9 -0.4
v -1 4.4 0.2
v -1 4.4 -0.2
v -1 4.5 0.6
v -1 4.5 0.4
v -1 4.5 0.2
v -1 4.5 -0.2
v -1 4.5 -0.4
v -1 4.5 -0.6
v -1 4.6 0.8
v -1 4.6 0.7
v -1 4.6 0.6
v -1 4.6 0.4
v -1 4.6 -0.4
v -1 4.6 -0.6
v -1 4.6 -0.7
v -1 4.6 -0.8
v -1 4.7 1
v -1 4.7 0.9
v -1 4.7 0.8
v -1 4.7 0.7
v -1 4.7 -0.7
v -1 4.7 -0.8
v -1 4.7 -0.9
v -1 4.7 -1
v -1 4.8 1.1
v -1 4.8 1
v -1 4.8 0.9
v -1 4.8 -0.9
v -1 4.8 -1
v -1 4.8 -1.1
v -1 4.9 1.1
v -1 4.9 1
v -1 4.9 -1
v -1 4.9 -1.1
v -1 5.1 1.4
v -1 5.1 1.3
v -1 5.1 -1.3
v -1 5.1 -1.4
v -1 5.2 1.5
v -1 5.2 1.4
v -1 5.2 1.3
v -1 5.2 -1.3
v -1 5.2 -1.4
v -1 5.2 -1.5
v -1 5.3 1.5
v -1 5.3 1.4
v -1 5.3 -1.4
v -1 5.3 -1.5
v -1 5.4 1.6
v -1 5.4 1.5
v -1 5.4 -1.5
v -1 5.4 -1.6
v -1 5.5 1.6
v -1 5.5 1.5
v -1 5.5 -1.5
v -1 5.5 -1.6
v -1 5.6 1.7
v -1 5.6 1.6
v -1 5.6 -1.6
v -1 5.6 -1.7
v -1 5.7 -1.6
v -1 5.7 -1.7
v -1 5.8 1.7
v -1 5.8 1.6
v -1 5.8 -1.6
v -1 5.8 -1.7
v -1 6 1.8
v -1 6 1.7
v -1 6 -1.7
v -1 6 -1.8
v -1 6.4 1.8
v -1 6.4 1.7
v -1 6.4 -1.7
v -1 6.4 -1.8
v -1 6.6 1.7
v -1 6.6 1.6
v -1 6.6 -1.6
v -1 6.6 -1.7
v -1 6.8 1.7
v -1 6.8 1.6
v -1 6.8 -1.6
v -1 6.8 -1.7
v -1 6.9 1.6
v -1 6.9 1.5
v -1 6.9 -1.5
v -1 6.9 -1.6
v -1 7 1.6
v -1 7 1.5
v -1 7 -1.5
v -1 7 -1.6
v -1 7.1 1.5
v -1 7.1 1.4
v -1 7.1 -1.4
v -1 7.1 -1.5
v -1 7.2 1.5
v -1 7.2 1.4
v -1 7.2 1.3
v -1 7.2 -1.3
v -1 7.2 -1.4
v -1 7.2 -1.5
v -1 7.3 1.4
v -1 7.3 1.3
v -1 7.3 -1.3
v -1 7.3 -1.4
v -1 7.5 1.1
v -1 7.5 1
v -1 7.5 -1
v -1 7.5 -1.1
v -1 7.6 1.1
v -1 7.6 1
v -1 7.6 0.9
v -1 7.6 -0.9
v -1 7.6 -1
v -1 7.6 -1.1
v -1 7.7 1
v -1 7.7 0.9
v -1 7.7 0.8
v -1 7.7 0.7
v -1 7.7 -0.7
v -1 7.7 -0.8
v -1 7.7 -0.9
v -1 7.7 -1
v -1 7.8 0.8
v -1 7.8 0.7
v -1 7.8 0.6
v -1 7.8 0.4
v -1 7.8 -0.4
v -1 7.8 -0.6
v -1 7.8 -0.7
v -1 7.8 -0.8
v -1 7.9 0.6
v -1 7.9 0.4
v -1 7.9 0.2
v -1 7.9 -0.2
v -1 7.9 -0.4
v -1 7.9 -0.6
v -1 8 0.2
v -1 8 -0.2
v -0.9 4.4 0.5
v -0.9 4.4 0.2
v -0.9 4.4 -0.2
v -0.9 4.4 -0.5
v -0.9 4.5 0.7
v -0.9 4.5 0.6
v -0.9 4.5 0.5
v -0.9 4.5 0.2
v -0.9 4.5 -0.2
v -0.9 4.5 -0.5
v -0.9 4.5 -0.6
v -0.9 4.5 -0.7
v -0.9 4.6 0.9
v -0.9 4.6 0.8
v -0.9 4.6 0.7
v -0.9 4.6 0.6
v -0.9 4.6 -0.6
v -0.9 4.6 -0.7
v -0.9 4.6 -0.8
v -0.9 4.6 -0.9
v -0.9 4.7 1.1
v -0.9 4.7 1
v -0.9 4.7 0.9
v -0.9 4.7 0.8
v -0.9 4.7 -0.8
v -0.9 4.7 -0.9
v -0.9 4.7 -1
v -0.9 4.7 -1.1
v -0.9 4.8 1.2
v -0.9 4.8 1.1
v -0.9 4.8 1
v -0.9 4.8 -1
v -0.9 4.8 -1.1
v -0.9 4.8 -1.2
v -0.9 4.9 1.3
v -0.9 4.9 1.2
v -0.9 4.9 1.1
v -0.9 4.9 -1.1
v -0.9 4.9 -1.2
v -0.9 4.9 -1.3
v -0.9 5 1.4
v -0.9 5 1.3
v -0.9 5 1.2
v -0.9 5 -1.2
v -0.9 5 -1.3
v -0.9 5 -1.4
v -0.9 5.1 1.5
v -0.9 5.1 1.4
v -0.9 5.1 1.3
v -0.9 5.1 -1.3
v -0.9 5.1 -1.4
v -0.9 5.1 -1.5
v -0.9 5.2 1.5
v -0.9 5.2 1.4
v -0.9 5.2 -1.4
v -0.9 5.2 -1.5
v -0.9 5.3 1.6
v -0.9 5.3 1.5
v -0.9 5.3 -1.5
v -0.9 5.3 -1.6
v -0.9 5.4 1.6
v -0.9 5.4 1.5
v -0.9 5.4 -1.5
v -0.9 5.4 -1.6
v -0.9 5.5 1.7
v -0.9 5.5 1.6
v -0.9 5.5 -1.6
v -0.9 5.5 -1.7
v -0.9 5.6 1.7
v -0.9 5.6 1.6
v -0.9 5.6 -1.6
v -0.9 5.6 -1.7
v -0.9 5.7 1.8
v -0.9 5.7 1.7
v -0.9 5.7 -1.7
v -0.9 5.7 -1.8
v -0.9 6 1.8
v -0.9 6 1.7
v -0.9 6 -1.7
v -0.9 6 -1.8
v -0.9 6.4 1.8
v -0.9 6.4 1.7
v -0.9 6.4 -1.7
v -0.9 6.4 -1.8
v -0.9 6.5 -1.7
v -0.9 6.5 -1.8
v -0.9 6.7 1.8
v -0.9 6.7 1.7
v -0.9 6.7 -1.7
v -0.9 6.7 -1.8
v -0.9 6.8 1.7
v -0.9 6.8 1.6
v -0.9 6.8 -1.6
v -0.9 6.8 -1.7
v -0.9 6.9 1.7
v -0.9 6.9 1.6
v -0.9 6.9 -1.6
v -0.9 6.9 -1.7
v -0.9 7 1.6
v -0.9 7 1.5
v -0.9 7 -1.5
v -0.9 7 -1.6
v -0.9 7.1 1.6
v -0.9 7.1 1.5
v -0.9 7.1 -1.5
v -0.9 7.1 -1.6
v -0.9 7.2 1.5
v -0.9 7.2 1.4
v -0.9 7.2 -1.4
v -0.9 7.2 -1.5
v -0.9 7.3 1.5
v -0.9 7.3 1.4
v -0.9 7.3 1.3
v -0.9 7.3 -1.3
v -0.9 7.3 -1.4
v -0.9 7.3 -1.5
v -0.9 7.4 1.4
v -0.9 7.4 1.3
v -0.9 7.4 1.2
v -0.9 7.4 -1.2
v -0.9 7.4 -1.3
v -0.9 7.4 -1.4
v -0.9 7.5 1.3
v -0.9 7.5 1.2
v -0.9 7.5 1.1
v -0.9 7.5 -1.1
v -0.9 7.5 -1.2
v -0.9 7.5 -1.3
v -0.9 7.6 1.2
v -0.9 7.6 1.1
v -0.9 7.6 1
v -0.9 7.6 -1
v -0.9 7.6 -1.1
v -0.9 7.6 -1.2
v -0.9 7.7 1.1
v -0.9 7.7 1
v -0.9 7.7 0.9
v -0.9 7.7 0.8
v -0.9 7.7 -0.8
v -0.9 7.7 -0.9
v -0.9 7.7 -1
v -0.9 7.7 -1.1
v -0.9 7.8 0.9
v -0.9 7.8 0.8
v -0.9 7.8 0.7
v -0.9 7.8 0.6
v -0.9 7.8 -0.6
v -0.9 7.8 -0.7
v -0.9 7.8 -0.8
v -0.9 7.8 -0.9
v -0.9 7.9 0.7
v -0.9 7.9 0.6
v -0.9 7.9 0.5
v -0.9 7.9 0.2
v -0.9 7.9 -0.2
v -0.9 7.9 -0.5
v -0.9 7.9 -0.6
v -0.9 7.9 -0.7
v -0.9 8 0.5
v -0.9 8 0.2
v -0.9 8 -0.2
v -0.9 8 -0.5
v -0.8 4.3 0.0999999
v -0.8 4.3 -0.0999999
v -0.8 4.4 0.6
v -0.8 4.4 0.5
v -0.8 4.4 0.0999999
v -0.8 4.4 -0.0999999
v -0.8 4.4 -0.5
v -0.8 4.4 -0.6
v -0.8 4.5 0.8
v -0.8 4.5 0.7
v -0.8 4.5 0.6
v -0.8 4.5 0.5
v -0.8 4.5 -0.5
v -0.8 4.5 -0.6
v -0.8 4.5 -0.7
v -0.8 4.5 -0.8
v -0.8 4.6 1
v -0.8 4.6 0.9
v -0.8 4.6 0.8
v -0.8 4.6 0.7
v -0.8 4.6 -0.7
v -0.8 4.6 -0.8
v -0.8 4.6 -0.9
v -0.8 4.6 -1
v -0.8 4.7 1.2
v -0.8 4.7 1.1
v -0.8 4.7 1
v -0.8 4.7 0.9
v -0.8 4.7 -0.9
v -0.8 4.7 -1
v -0.8 4.7 -1.1
v -0.8 4.7 -1.2
v -0.8 4.8 1.3
v -0.8 4.8 1.2
v -0.8 4.8 1.1
v -0.8 4.8 -1.1
v -0.8 4.8 -1.2
v -0.8 4.8 -1.3
v -0.8 4.9 1.4
v -0.8 4.9 1.3
v -0.8 4.9 1.2
v -0.8 4.9 -1.2
v -0.8 4.9 -1.3
v -0.8 4.9 -1.4
v -0.8 5 1.5
v -0.8 5 1.4
v -0.8 5 1.3
v -0.8 5 -1.3
v -0.8 5 -1.4
v -0.8 5 -1.5
v -0.8 5.1 1.5
v -0.8 5.1 1.4
v -0.8 5.1 -1.4
v -0.8 5.1 -1.5
v -0.8 5.2 3.6
v -0.8 5.2 3.5
v -0.8 5.2 1.6
v -0.8 5.2 1.5
v -0.8 5.2 -1.5
v -0.8 5.2 -1.6
v -0.8 5.3 3.6
v -0.8 5.3 3.5
v -0.8 5.3 1.6
v -0.8 5.3 1.5
v -0.8 5.3 -1.5
v -0.8 5.3 -1.6
v -0.8 5.4 1.7
v -0.8 5.4 1.6
v -0.8 5.4 -1.6
v -0.8 5.4 -1.7
v -0.8 5.5 1.7
v -0.8 5.5 1.6
v -0.8 5.5 -1.6
v -0.8 5.5 -1.7
v -0.8 5.6 1.8
v -0.8 5.6 1.7
v -0.8 5.6 -1.7
v -0.8 5.6 -1.8
v -0.8 5.7 1.8
v -0.8 5.7 1.7
v -0.8 5.7 -1.7
v -0.8 5.7 -1.8
v -0.8 6.1 1.9
v -0.8 6.1 1.8
v -0.8 6.1 -1.8
v -0.8 6.1 -1.9
v -0.8 6.3 1.9
v -0.8 6.3 1.8
v -0.8 6.3 -1.8
v -0.8 6.3 -1.9
v -0.8 6.7 1.8
v -0.8 6.7 1.7
v -0.8 6.7 -1.7
v -0.8 6.7 -1.8
v -0.8 6.8 1.8
v -0.8 6.8 1.7
v -0.8 6.8 -1.7
v -0.8 6.8 -1.8
v -0.8 6.9 1.7
v -0.8 6.9 1.6
v -0.8 6.9 -1.6
v -0.8 6.9 -1.7
v -0.8 7 1.7
v -0.8 7 1.6
v -0.8 7 -1.6
v -0.8 7 -1.7
v -0.8 7 -3.4
v -0.8 7 -3.5
v -0.8 7.1 1.6
v -0.8 7.1 1.5
v -0.8 7.1 -1.5
v -0.8 7.1 -1.6
v -0.8 7.1 -3.4
v -0.8 7.1 -3.5
v -0.8 7.2 1.6
v -0.8 7.2 1.5
v -0.8 7.2 -1.5
v -0.8 7.2 -1.6
v -0.8 7.3 1.5
v -0.8 7.3 1.4
v -0.8 7.3 -1.4
v -0.8 7.3 -1.5
v -0.8 7.4 1.5
v -0.8 7.4 1.4
v -0.8 7.4 1.3
v -0.8 7.4 -1.3
v -0.8 7.4 -1.4
v -0.8 7.4 -1.5
v -0.8 7.5 1.4
v -0.8 7.5 1.3
v -0.8 7.5 1.2
v -0.8 7.5 -1.2
v -0.8 7.5 -1.3
v -0.8 7.5 -1.4
v -0.8 7.6 1.3
v -0.8 7.6 1.2
v -0.8 7.6 1.1
v -0.8 7.6 -1.1
v -0.8 7.6 -1.2
v -0.8 7.6 -1.3
v -0.8 7.7 1.2
v -0.8 7.7 1.1
v -0.8 7.7 1
v -0.8 7.7 0.9
v -0.8 7.7 -0.9
v -0.8 7.7 -1
v -0.8 7.7 -1.1
v -0.8 7.7 -1.2
v -0.8 7.8 1
v -0.8 7.8 0.9
v -0.8 7.8 0.8
v -0.8 7.8 0.7
v -0.8 7.8 -0.7
v -0.8 7.8 -0.8
v -0.8 7.8 -0.9
v -0.8 7.8 -1
v -0.8 7.9 0.8
v -0.8 7.9 0.7
v -0.8 7.9 0.6
v -0.8 7.9 0.5
v -0.8 7.9 -0.5
v -0.8 7.9 -0.6
v -0.8 7.9 -0.7
v -0.8 7.9 -0.8
v -0.8 8 0.6
v -0.8 8 0.5
v -0.8 8 0.0999999
v -0.8 8 -0.0999999
v -0.8 8 -0.5
v -0.8 8 -0.6
v -0.8 8.1 0.0999999
v -0.8 8.1 -0.0999999
v -0.7 4.3 0.4
v -0.7 4.3 0.0999999
v -0.7 4.3 -0.0999999
v -0.7 4.3 -0.4
v -0.7 4.4 0.7
v -0.7 4.4 0.6
v -0.7 4.4 0.4
v -0.7 4.4 0.0999999
v -0.7 4.4 -0.0999999
v -0.7 4.4 -0.4
v -0.7 4.4 -0.6
v -0.7 4.4 -0.7
v -0.7 4.5 0.9
v -0.7 4.5 0.8
v -0.7 4.5 0.7
v -0.7 4.5 0.6
v -0.7 4.5 -0.6
v -0.7 4.5 -0.7
v -0.7 4.5 -0.8
v -0.7 4.5 -0.9
v -0.7 4.6 1.1
v -0.7 4.6 1
v -0.7 4.6 0.9
v -0.7 4.6 0.8
v -0.7 4.6 -0.8
v -0.7 4.6 -0.9
v -0.7 4.6 -1
v -0.7 4.6 -1.1
v -0.7 4.7 1.1
v -0.7 4.7 1
v -0.7 4.7 -1
v -0.7 4.7 -1.1
v -0.7 5.1 1.6
v -0.7 5.1 1.5
v -0.7 5.1 -1.5
v -0.7 5.1 -1.6
v -0.7 5.2 1.6
v -0.7 5.2 1.5
v -0.7 5.2 -1.5
v -0.7 5.2 -1.6
v -0.7 5.3 1.7
v -0.7 5.3 1.6
v -0.7 5.3 -1.6
v -0.7 5.3 -1.7
v -0.7 5.4 1.7
v -0.7 5.4 1.6
v -0.7 5.4 -1.6
v -0.7 5.4 -1.7
v -0.7 5.5 1.8
v -0.7 5.5 1.7
v -0.7 5.5 -1.7
v -0.7 5.5 -1.8
v -0.7 5.6 1.8
v -0.7 5.6 1.7
v -0.7 5.6 -1.7
v -0.7 5.6 -1.8
v -0.7 5.8 1.9
v -0.7 5.8 1.8
v -0.7 5.8 -1.8
v -0.7 5.8 -1.9
v -0.7 5.9 -1.8
v -0.7 5.9 -1.9
v -0.7 6.1 1.9
v -0.7 6.1 1.8
v -0.7 6.1 -1.8
v -0.7 6.1 -1.9
v -0.7 6.3 1.9
v -0.7 6.3 1.8
v -0.7 6.3 -1.8
v -0.7 6.3 -1.9
v -0.7 6.5 -1.8
v -0.7 6.6 1.9
v -0.7 6.6 1.8
v -0.7 6.6 -1.8
v -0.7 6.6 -1.9
v -0.7 6.8 1.8
v -0.7 6.8 1.7
v -0.7 6.8 -1.7
v -0.7 6.8 -1.8
v -0.7 6.9 1.8
v -0.7 6.9 1.7
v -0.7 6.9 -1.7
v -0.7 6.9 -1.8
v -0.7 7 1.7
v -0.7 7 1.6
v -0.7 7 -1.6
v -0.7 7 -1.7
v -0.7 7.1 1.7
v -0.7 7.1 1.6
v -0.7 7.1 -1.6
v -0.7 7.1 -1.7
v -0.7 7.2 1.6
v -0.7 7.2 1.5
v -0.7 7.2 -1.5
v -0.7 7.2 -1.6
v -0.7 7.3 1.6
v -0.7 7.3 1.5
v -0.7 7.3 -1.5
v -0.7 7.3 -1.6
v -0.7 7.7 1.1
v -0.7 7.7 1
v -0.7 7.7 -1
v -0.7 7.7 -1.1
v -0.7 7.8 1.1
v -0.7 7.8 1
v -0.7 7.8 0.9
v -0.7 7.8 0.8
v -0.7 7.8 -0.8
v -0.7 7.8 -0.9
v -0.7 7.8 -1
v -0.7 7.8 -1.1
v -0.7 7.9 0.9
v -0.7 7.9 0.8
v -0.7 7.9 0.7
v -0.7 7.9 0.6
v -0.7 7.9 -0.6
v -0.7 7.9 -0.7
v -0.7 7.9 -0.8
v -0.7 7.9 -0.9
v -0.7 8 0.7
v -0.7 8 0.6
v -0.7 8 0.4
v -0.7 8 0.0999999
v -0.7 8 -0.0999999
v -0.7 8 -0.4
v -0.7 8 -0.6
v -0.7 8 -0.7
v -0.7 8.1 0.4
v -0.7 8.1 0.0999999
v -0.7 8.1 -0.0999999
v -0.7 8.1 -0.4
v -0.6 4.3 0.5
v -0.6 4.3 0.4
v -0.6 4.3 -0.4
v -0.6 4.3 -0.5
v -0.6 4.4 0.8
v -0.6 4.4 0.7
v -0.6 4.4 0.5
v -0.6 4.4 0.4
v -0.6 4.4 -0.4
v -0.6 4.4 -0.5
v -0.6 4.4 -0.7
v -0.6 4.4 -0.8
v -0.6 4.5 1
v -0.6 4.5 0.9
v -0.6 4.5 0.8
v -0.6 4.5 0.7
v -0.6 4.5 -0.7
v -0.6 4.5 -0.8
v -0.6 4.5 -0.9
v -0.6 4.5 -1
v -0.6 4.6 1
v -0.6 4.6 0.9
v -0.6 4.6 -0.9
v -0.6 4.6 -1
v -0.6 4.7 1.3
v -0.6 4.7 1.2
v -0.6 4.7 -1.2
v -0.6 4.7 -1.3
v -0.6 4.8 1.4
v -0.6 4.8 1.3
v -0.6 4.8 1.2
v -0.6 4.8 -1.2
v -0.6 4.8 -1.3
v -0.6 4.8 -1.4
v -0.6 4.9 1.5
v -0.6 4.9 1.4
v -0.6 4.9 1.3
v -0.6 4.9 -1.3
v -0.6 4.9 -1.4
v -0.6 4.9 -1.5
v -0.6 5 1.5
v -0.6 5 1.4
v -0.6 5 -1.4
v -0.6 5 -1.5
v -0.6 5.2 1.7
v -0.6 5.2 1.6
v -0.6 5.2 -1.6
v -0.6 5.2 -1.7
v -0.6 5.3 1.7
v -0.6 5.3 1.6
v -0.6 5.3 -1.6
v -0.6 5.3 -1.7
v -0.6 5.4 1.8
v -0.6 5.4 1.7
v -0.6 5.4 -1.7
v -0.6 5.4 -1.8
v -0.6 5.5 1.8
v -0.6 5.5 1.7
v -0.6 5.5 -1.7
v -0.6 5.5 -1.8
v -0.6 5.7 1.9
v -0.6 5.7 1.8
v -0.6 5.7 -1.8
v -0.6 5.7 -1.9
v -0.6 5.8 1.9
v -0.6 5.8 1.8
v -0.6 5.8 -1.8
v -0.6 5.8 -1.9
v -0.6 6.6 1.9
v -0.6 6.6 1.8
v -0.6 6.6 -1.8
v -0.6 6.6 -1.9
v -0.6 6.7 1.9
v -0.6 6.7 1.8
v -0.6 6.7 -1.8
v -0.6 6.7 -1.9
v -0.6 6.9 1.8
v -0.6 6.9 1.7
v -0.6 6.9 -1.7
v -0.6 6.9 -1.8
v -0.6 7 1.8
v -0.6 7 1.7
v -0.6 7 -1.7
v -0.6 7 -1.8
v -0.6 7.1 1.7
v -0.6 7.1 1.6
v -0.6 7.1 -1.6
v -0.6 7.1 -1.7
v -0.6 7.2 1.7
v -0.6 7.2 1.6
v -0.6 7.2 -1.6
v -0.6 7.2 -1.7
v -0.6 7.4 1.5
v -0.6 7.4 1.4
v -0.6 7.4 -1.4
v -0.6 7.4 -1.5
v -0.6 7.5 1.5
v -0.6 7.5 1.4
v -0.6 7.5 1.3
v -0.6 7.5 -1.3
v -0.6 7.5 -1.4
v -0.6 7.5 -1.5
v -0.6 7.6 1.4
v -0.6 7.6 1.3
v -0.6 7.6 1.2
v -0.6 7.6 -1.2
v -0.6 7.6 -1.3
v -0.6 7.6 -1.4
v -0.6 7.7 1.3
v -0.6 7.7 1.2
v -0.6 7.7 -1.2
v -0.6 7.7 -1.3
v -0.6 7.8 1
v -0.6 7.8 0.9
v -0.6 7.8 -0.9
v -0.6 7.8 -1
v -0.6 7.9 1
v -0.6 7.9 0.9
v -0.6 7.9 0.8
v -0.6 7.9 0.7
v -0.6 7.9 -0.7
v -0.6 7.9 -0.8
v -0.6 7.9 -0.9
v -0.6 7.9 -1
v -0.6 8 0.8
v -0.6 8 0.7
v -0.6 8 0.5
v -0.6 8 0.4
v -0.6 8 -0.4
v -0.6 8 -0.5
v -0.6 8 -0.7
v -0.6 8 -0.8
v -0.6 8.1 0.5
v -0.6 8.1 0.4
v -0.6 8.1 -0.4
v -0.6 8.1 -0.5
v -0.5 4.3 0.6
v -0.5 4.3 0.5
v -0.5 4.3 -0.5
v -0.5 4.3 -0.6
v -0.5 4.4 0.9
v -0.5 4.4 0.8
v -0.5 4.4 0.6
v -0.5 4.4 0.5
v -0.5 4.4 -0.5
v -0.5 4.4 -0.6
v -0.5 4.4 -0.8
v -0.5 4.4 -0.9
v -0.5 4.5 0.9
v -0.5 4.5 0.8
v -0.5 4.5 -0.8
v -0.5 4.5 -0.9
v -0.5 4.6 1.2
v -0.5 4.6 1.1
v -0.5 4.6 -1.1
v -0.5 4.6 -1.2
v -0.5 4.7 1.2
v -0.5 4.7 1.1
v -0.5 4.7 -1.1
v -0.5 4.7 -1.2
v -0.5 5 1.6
v -0.5 5 1.5
v -0.5 5 -1.5
v -0.5 5 -1.6
v -0.5 5.1 1.6
v -0.5 5.1 1.5
v -0.5 5.1 -1.5
v -0.5 5.1 -1.6
v -0.5 5.3 1.8
v -0.5 5.3 1.7
v -0.5 5.3 -1.7
v -0.5 5.3 -1.8
v -0.5 5.4 1.8
v -0.5 5.4 1.7
v -0.5 5.4 -1.7
v -0.5 5.4 -1.8
v -0.5 5.6 1.9
v -0.5 5.6 1.8
v -0.5 5.6 -1.8
v -0.5 5.6 -1.9
v -0.5 5.7 1.9
v -0.5 5.7 1.8
v -0.5 5.7 -1.8
v -0.5 5.7 -1.9
v -0.5 6.7 1.9
v -0.5 6.7 1.8
v -0.5 6.7 -1.8
v -0.5 6.7 -1.9
v -0.5 6.8 1.9
v -0.5 6.8 1.8
v -0.5 6.8 -1.8
v -0.5 6.8 -1.9
v -0.5 7 1.8
v -0.5 7 1.7
v -0.5 7 -1.7
v -0.5 7 -1.8
v -0.5 7.1 1.8
v -0.5 7.1 1.7
v -0.5 7.1 -1.7
v -0.5 7.1 -1.8
v -0.5 7.3 1.6
v -0.5 7.3 1.5
v -0.5 7.3 -1.5
v -0.5 7.3 -1.6
v -0.5 7.4 1.6
v -0.5 7.4 1.5
v -0.5 7.4 -1.5
v -0.5 7.4 -1.6
v -0.5 7.7 1.2
v -0.5 7.7 1.1
v -0.5 7.7 -1.1
v -0.5 7.7 -1.2
v -0.5 7.8 1.2
v -0.5 7.8 1.1
v -0.5 7.8 -1.1
v -0.5 7.8 -1.2
v -0.5 7.9 0.9
v -0.5 7.9 0.8
v -0.5 7.9 -0.8
v -0.5 7.9 -0.9
v -0.5 8 0.9
v -0.5 8 0.8
v -0.5 8 0.6
v -0.5 8 0.5
v -0.5 8 -0.5
v -0.5 8 -0.6
v -0.5 8 -0.8
v -0.5 8 -0.9
v -0.5 8.1 0.6
v -0.5 8.1 0.5
v -0.5 8.1 -0.5
v -0.5 8.1 -0.6
v -0.4 4.2 0.3
v -0.4 4.2 -0.3
v -0.4 4.3 0.7
v -0.4 4.3 0.6
v -0.4 4.3 0.3
v -0.4 4.3 -0.3
v -0.4 4.3 -0.6
v -0.4 4.3 -0.7
v -0.4 4.4 0.7
v -0.4 4.4 0.6
v -0.4 4.4 -0.6
v -0.4 4.4 -0.7
v -0.4 4.5 1.1
v -0.4 4.5 1
v -0.4 4.5 -1
v -0.4 4.5 -1.1
v -0.4 4.6 1.1
v -0.4 4.6 1
v -0.4 4.6 -1
v -0.4 4.6 -1.1
v -0.4 5.1 1.7
v -0.4 5.1 1.6
v -0.4 5.1 -1.6
v -0.4 5.1 -1.7
v -0.4 5.2 1.7
v -0.4 5.2 1.6
v -0.4 5.2 -1.6
v -0.4 5.2 -1.7
v -0.4 5.5 1.9
v -0.4 5.5 1.8
v -0.4 5.5 -1.8
v -0.4 5.5 -1.9
v -0.4 5.6 1.9
v -0.4 5.6 1.8
v -0.4 5.6 -1.8
v -0.4 5.6 -1.9
v -0.4 5.9 2
v -0.4 5.9 1.9
v -0.4 5.9 -1.9
v -0.4 5.9 -2
v -0.4 6.5 2
v -0.4 6.5 1.9
v -0.4 6.5 -1.9
v -0.4 6.5 -2
v -0.4 6.8 1.9
v -0.4 6.8 1.8
v -0.4 6.8 -1.8
v -0.4 6.8 -1.9
v -0.4 6.9 1.9
v -0.4 6.9 1.8
v -0.4 6.9 -1.8
v -0.4 6.9 -1.9
v -0.4 7.2 1.7
v -0.4 7.2 1.6
v -0.4 7.2 -1.6
v -0.4 7.2 -1.7
v -0.4 7.3 1.7
v -0.4 7.3 1.6
v -0.4 7.3 -1.6
v -0.4 7.3 -1.7
v -0.4 7.8 1.1
v -0.4 7.8 1
v -0.4 7.8 -1
v -0.4 7.8 -1.1
v -0.4 7.9 1.1
v -0.4 7.9 1
v -0.4 7.9 -1
v -0.4 7.9 -1.1
v -0.4 8 0.7
v -0.4 8 0.6
v -0.4 8 -0.6
v -0.4 8 -0.7
v -0.4 8.1 0.7
v -0.4 8.1 0.6
v -0.4 8.1 0.3
v -0.4 8.1 -0.3
v -0.4 8.1 -0.6
v -0.4 8.1 -0.7
v -0.4 8.2 0.3
v -0.4 8.2 -0.3
v -0.3 4.2 0.4
v -0.3 4.2 0.3
v -0.3 4.2 -0.3
v -0.3 4.2 -0.4
v -0.3 4.3 0.4
v -0.3 4.3 0.3
v -0.3 4.3 -0.3
v -0.3 4.3 -0.4
v -0.3 4.7 1.4
v -0.3 4.7 1.3
v -0.3 4.7 -1.3
v -0.3 4.7 -1.4
v -0.3 4.8 1.5
v -0.3 4.8 1.4
v -0.3 4.8 1.3
v -0.3 4.8 -1.3
v -0.3 4.8 -1.4
v -0.3 4.8 -1.5
v -0.3 4.9 1.5
v -0.3 4.9 1.4
v -0.3 4.9 -1.4
v -0.3 4.9 -1.5
v -0.3 5.8 2
v -0.3 5.8 1.9
v -0.3 5.8 -1.9
v -0.3 5.8 -2
v -0.3 5.9 2
v -0.3 5.9 1.9
v -0.3 5.9 -1.9
v -0.3 5.9 -2
v -0.3 6.5 2
v -0.3 6.5 1.9
v -0.3 6.5 -1.9
v -0.3 6.5 -2
v -0.3 6.6 2
v -0.3 6.6 1.9
v -0.3 6.6 -1.9
v -0.3 6.6 -2
v -0.3 7.5 1.5
v -0.3 7.5 1.4
v -0.3 7.5 -1.4
v -0.3 7.5 -1.5
v -0.3 7.6 1.5
v -0.3 7.6 1.4
v -0.3 7.6 1.3
v -0.3 7.6 -1.3
v -0.3 7.6 -1.4
v -0.3 7.6 -1.5
v -0.3 7.7 1.4
v -0.3 7.7 1.3
v -0.3 7.7 -1.3
v -0.3 7.7 -1.4
v -0.3 8.1 0.4
v -0.3 8.1 0.3
v -0.3 8.1 -0.3
v -0.3 8.1 -0.4
v -0.3 8.2 0.4
v -0.3 8.2 0.3
v -0.3 8.2 -0.3
v -0.3 8.2 -0.4
v -0.2 4.4 1
v -0.2 4.4 0.9
v -0.2 4.4 -0.9
v -0.2 4.4 -1
v -0.2 4.5 1
v -0.2 4.5 0.9
v -0.2 4.5 -0.9
v -0.2 4.5 -1
v -0.2 4.6 1.3
v -0.2 4.6 1.2
v -0.2 4.6 -1.2
v -0.2 4.6 -1.3
v -0.2 4.7 1.3
v -0.2 4.7 1.2
v -0.2 4.7 -1.2
v -0.2 4.7 -1.3
v -0.2 4.9 1.6
v -0.2 4.9 1.5
v -0.2 4.9 -1.5
v -0.2 4.9 -1.6
v -0.2 5 1.6
v -0.2 5 1.5
v -0.2 5 -1.5
v -0.2 5 -1.6
v -0.2 5.2 1.8
v -0.2 5.2 1.7
v -0.2 5.2 -1.7
v -0.2 5.2 -1.8
v -0.2 5.3 1.8
v -0.2 5.3 1.7
v -0.2 5.3 -1.7
v -0.2 5.3 -1.8
v -0.2 7.1 1.8
v -0.2 7.1 1.7
v -0.2 7.1 -1.7
v -0.2 7.1 -1.8
v -0.2 7.2 1.8
v -0.2 7.2 1.7
v -0.2 7.2 -1.7
v -0.2 7.2 -1.8
v -0.2 7.4 1.6
v -0.2 7.4 1.5
v -0.2 7.4 -1.5
v -0.2 7.4 -1.6
v -0.2 7.5 1.6
v -0.2 7.5 1.5
v -0.2 7.5 -1.5
v -0.2 7.5 -1.6
v -0.2 7.7 1.3
v -0.2 7.7 1.2
v -0.2 7.7 -1.2
v -0.2 7.7 -1.3
v -0.2 7.8 1.3
v -0.2 7.8 1.2
v -0.2 7.8 -1.2
v -0.2 7.8 -1.3
v -0.2 7.9 1
v -0.2 7.9 0.9
v -0.2 7.9 -0.9
v -0.2 7.9 -1
v -0.2 8 1
v -0.2 8 0.9
v -0.2 8 -0.9
v -0.2 8 -1
v -0.0999999 4.3 0.8
v -0.0999999 4.3 0.7
v -0.0999999 4.3 -0.7
v -0.0999999 4.3 -0.8
v -0.0999999 4.4 0.8
v -0.0999999 4.4 0.7
v -0.0999999 4.4 -0.7
v -0.0999999 4.4 -0.8
v -0.0999999 5.4 1.9
v -0.0999999 5.4 1.8
v -0.0999999 5.4 -1.8
v -0.0999999 5.4 -1.9
v -0.0999999 5.5 1.9
v -0.0999999 5.5 1.8
v -0.0999999 5.5 -1.8
v -0.0999999 5.5 -1.9
v -0.0999999 6.9 1.9
v -0.0999999 6.9 1.8
v -0.0999999 6.9 -1.8
v -0.0999999 6.9 -1.9
v -0.0999999 7 1.9
v -0.0999999 7 1.8
v -0.0999999 7 -1.8
v -0.0999999 7 -1.9
v -0.0999999 8 0.8
v -0.0999999 8 0.7
v -0.0999999 8 -0.7
v -0.0999999 8 -0.8
v -0.0999999 8.1 0.8
v -0.0999999 8.1 0.7
v -0.0999999 8.1 -0.7
v -0.0999999 8.1 -0.8
v 0.5 6.8 -2.6
v 0.5 6.8 -2.7
v 0.5 6.9 -2.6
v 0.5 6.9 -2.7
v 0.7 5.4 2.5
v 0.7 5.4 2.4
v 0.7 5.5 2.5
v 0.7 5.5 2.4
v 1.1 5.5 2.4
v 1.1 5.5 2.3
v 1.1 5.6 2.4
v 1.1 5.6 2.3
v 1.1 6.8 -2.4
v 1.1 6.8 -2.6
v 1.1 6.9 -2.4
v 1.1 6.9 -2.6
v 1.3 5.5 2.3
v 1.3 5.5 2.2
v 1.3 5.6 2.3
v 1.3 5.6 2.2
v 1.3 6.8 -2.3
v 1.3 6.8 -2.4
v 1.3 6.9 -2.3
v 1.3 6.9 -2.4
v 1.4 5.5 2.2
v 1.4 5.5 2.1
v 1.4 5.6 2.2
v 1.4 5.6 2.1
v 1.4 6.7 -2.2
v 1.4 6.7 -2.3
v 1.4 6.8 -2.2
v 1.4 6.8 -2.3
v 1.5 6.7 -2
v 1.5 6.7 -2.2
v 1.5 6.8 -2
v 1.5 6.8 -2.2
v 1.7 5.6 2.1
v 1.7 5.6 1.9
v 1.7 5.7 2.1
v 1.7 5.7 1.9
v 1.9 5.6 1.9
v 1.9 5.6 1.8
v 1.9 5.7 1.9
v 1.9 5.7 1.8
v 2 5.7 1.8
v 2 5.7 1.7
v 2 5.8 1.8
v 2 5.8 1.7
v 2 6.6 -1.8
v 2 6.6 -2
v 2 6.7 -1.8
v 2 6.7 -2
v 2.1 5.7 1.7
v 2.1 5.7 1.5
v 2.1 5.8 1.7
v 2.1 5.8 1.5
v 2.1 6.5 -1.6
v 2.1 6.5 -1.7
v 2.1 6.6 -1.6
v 2.1 6.6 -1.7
v 2.1 6.6 -1.8
v 2.1 6.7 -1.7
v 2.1 6.7 -1.8
v 2.2 5.7 1.5
v 2.2 5.7 1.3
v 2.2 5.8 1.5
v 2.2 5.8 1.3
v 2.2 5.8 1.1
v 2.2 5.9 1.3
v 2.2 5.9 1.1
v 2.2 6.5 -1.2
v 2.2 6.5 -1.6
v 2.2 6.6 -1.2
v 2.2 6.6 -1.6
v 2.3 5.9 1.1
v 2.3 5.9 0.8
v 2.3 6 1.1
v 2.3 6 0.8
v 2.3 6.3 -0.9
v 2.3 6.3 -1
v 2.3 6.4 -0.9
v 2.3 6.4 -1
v 2.3 6.4 -1.2
v 2.3 6.5 -1
v 2.3 6.5 -1.2
v 2.5 5.9 0.8
v 2.5 5.9 0.5
v 2.5 6 0.8
v 2.5 6 0.5
v 2.5 6.3 -0.7
v 2.5 6.3 -0.9
v 2.5 6.4 -0.7
v 2.5 6.4 -0.9
v 2.6 5.9 0.5
v 2.6 5.9 0.4
v 2.6 6 0.5
v 2.6 6.1 0.5
v 2.6 6.1 0.4
v 2.6 6.1 -0.3
v 2.6 6.2 0.4
v 2.6 6.2 -0.3
v 2.6 6.2 -0.4
v 2.6 6.3 -0.4
v 2.6 6.3 -0.7
v 2.6 6.4 -0.3
v 2.6 6.4 -0.7
v -2.7 5.9 0.5
v -2.7 5.9 0.4
v -2.7 6 0.5
v -2.7 6.1 0.5
v -2.7 6.1 0.4
v -2.7 6.1 -0.3
v -2.7 6.2 0.4
v -2.7 6.2 -0.3
v -2.7 6.2 -0.4
v -2.7 6.3 -0.4
v -2.7 6.3 -0.7
v -2.7 6.4 -0.3
v -2.7 6.4 -0.7
v -2.5 5.9 1.1
v -2.5 5.9 0.5
v -2.5 6 1.1
v -2.5 6 0.5
v -2.5 6.3 -0.7
v -2.5 6.3 -1
v -2.5 6.4 -0.7
v -2.5 6.4 -1
v -2.5 6.4 -1.2
v -2.5 6.5 -1
v -2.5 6.5 -1.2
v -2.4 5.8 1.3
v -2.4 5.8 1.1
v -2.4 5.9 1.3
v -2.4 5.9 1.1
v -2.4 6.5 -1.2
v -2.4 6.5 -1.4
v -2.4 6.6 -1.2
v -2.4 6.6 -1.4
v -2.3 5.7 1.5
v -2.3 5.7 1.3
v -2.3 5.8 1.5
v -2.3 5.8 1.3
v -2.3 6.5 -1.4
v -2.3 6.5 -1.6
v -2.3 6.6 -1.4
v -2.3 6.6 -1.6
v -2.2 5.7 1.7
v -2.2 5.7 1.5
v -2.2 5.8 1.7
v -2.2 5.8 1.5
v -2.2 6.5 -1.6
v -2.2 6.5 -1.7
v -2.2 6.6 -1.6
v -2.2 6.6 -1.7
v -2.2 6.6 -1.8
v -2.2 6.7 -1.7
v -2.2 6.7 -1.8
v -2 5.7 1.8
v -2 5.7 1.7
v -2 5.8 1.8
v -2 5.8 1.7
v -2 6.6 -1.8
v -2 6.6 -2
v -2 6.7 -1.8
v -2 6.7 -2
v -1.9 5.6 1.9
v -1.9 5.6 1.8
v -1.9 5.7 1.9
v -1.9 5.7 1.8
v -1.7 5.6 2.1
v -1.7 5.6 1.9
v -1.7 5.7 2.1
v -1.7 5.7 1.9
v -1.6 5.5 2.2
v -1.6 5.5 2.1
v -1.6 5.6 2.2
v -1.6 5.6 2.1
v -1.6 6.7 -2
v -1.6 6.7 -2.3
v -1.6 6.8 -2
v -1.6 6.8 -2.3
v -1.4 5.5 2.3
v -1.4 5.5 2.2
v -1.4 5.6 2.3
v -1.4 5.6 2.2
v -1.4 6.8 -2.3
v -1.4 6.8 -2.4
v -1.4 6.9 -2.3
v -1.4 6.9 -2.4
v -1 5.5 2.4
v -1 5.5 2.3
v -1 5.6 2.4
v -1 5.6 2.3
v -1 6.8 -2.4
v -1 6.8 -2.6
v -1 6.9 -2.4
v -1 6.9 -2.6
v -0.8 5.4 2.5
v -0.8 5.4 2.4
v -0.8 5.5 2.5
v -0.8 5.5 2.4
v -0.6 6.8 -2.6
v -0.6 6.8 -2.7
v -0.6 6.9 -2.6
v -0.6 6.9 -2.7
v 0.0999999 4.3 0.8
v 0.0999999 4.3 0.7
v 0.0999999 4.3 -0.7
v 0.0999999 4.3 -0.8
v 0.0999999 4.4 0.8
v 0.0999999 4.4 0.7
v 0.0999999 4.4 -0.7
v 0.0999999 4.4 -0.8
v 0.0999999 5.4 1.9
v 0.0999999 5.4 1.8
v 0.0999999 5.4 -1.8
v 0.0999999 5.4 -1.9
v 0.0999999 5.5 1.9
v 0.0999999 5.5 1.8
v 0.0999999 5.5 -1.8
v 0.0999999 5.5 -1.9
v 0.0999999 6.9 1.9
v 0.0999999 6.9 1.8
v 0.0999999 6.9 -1.8
v 0.0999999 6.9 -1.9
v 0.0999999 7 1.9
v 0.0999999 7 1.8
v 0.0999999 7 -1.8
v 0.0999999 7 -1.9
v 0.0999999 8 0.8
v 0.0999999 8 0.7
v 0.0999999 8 -0.7
v 0.0999999 8 -0.8
v 0.0999999 8.1 0.8
v 0.0999999 8.1 0.7
v 0.0999999 8.1 -0.7
v 0.0999999 8.1 -0.8
v 0.2 4.4 1
v 0.2 4.4 0.9
v 0.2 4.4 -0.9
v 0.2 4.4 -1
v 0.2 4.5 1
v 0.2 4.5 0.9
v 0.2 4.5 -0.9
v 0.2 4.5 -1
v 0.2 4.6 1.3
v 0.2 4.6 1.2
v 0.2 4.6 -1.2
v 0.2 4.6 -1.3
v 0.2 4.7 1.3
v 0.2 4.7 1.2
v 0.2 4.7 -1.2
v 0.2 4.7 -1.3
v 0.2 4.9 1.6
v 0.2 4.9 1.5
v 0.2 4.9 -1.5
v 0.2 4.9 -1.6
v 0.2 5 1.6
v 0.2 5 1.5
v 0.2 5 -1.5
v 0.2 5 -1.6
v 0.2 5.2 1.8
v 0.2 5.2 1.7
v 0.2 5.2 -1.7
v 0.2 5.2 -1.8
v 0.2 5.3 1.8
v 0.2 5.3 1.7
v 0.2 5.3 -1.7
v 0.2 5.3 -1.8
v 0.2 7.1 1.8
v 0.2 7.1 1.7
v 0.2 7.1 -1.7
v 0.2 7.1 -1.8
v 0.2 7.2 1.8
v 0.2 7.2 1.7
v 0.2 7.2 -1.7
v 0.2 7.2 -1.8
v 0.2 7.4 1.6
v 0.2 7.4 1.5
v 0.2 7.4 -1.5
v 0.2 7.4 -1.6
v 0.2 7.5 1.6
v 0.2 7.5 1.5
v 0.2 7.5 -1.5
v 0.2 7.5 -1.6
v 0.2 7.7 1.3
v 0.2 7.7 1.2
v 0.2 7.7 -1.2
v 0.2 7.7 -1.3
v 0.2 7.8 1.3
v 0.2 7.8 1.2
v 0.2 7.8 -1.2
v 0.2 7.8 -1.3
v 0.2 7.9 1
v 0.2 7.9 0.9
v 0.2 7.9 -0.9
v 0.2 7.9 -1
v 0.2 8 1
v 0.2 8 0.9
v 0.2 8 -0.9
v 0.2 8 -1
v 0.3 4.2 0.4
v 0.3 4.2 0.3
v 0.3 4.2 -0.3
v 0.3 4.2 -0.4
v 0.3 4.3 0.4
v 0.3 4.3 0.3
v 0.3 4.3 -0.3
v 0.3 4.3 -0.4
v 0.3 4.7 1.4
v 0.3 4.7 1.3
v 0.3 4.7 -1.3
v 0.3 4.7 -1.4
v 0.3 4.8 1.5
v 0.3 4.8 1.4
v 0.3 4.8 1.3
v 0.3 4.8 -1.3
v 0.3 4.8 -1.4
v 0.3 4.8 -1.5
v 0.3 4.9 1.5
v 0.3 4.9 1.4
v 0.3 4.9 -1.4
v 0.3 4.9 -1.5
v 0.3 5.8 2
v 0.3 5.8 1.9
v 0.3 5.8 -1.9
v 0.3 5.8 -2
v 0.3 5.9 2
v 0.3 5.9 1.9
v 0.3 5.9 -1.9
v 0.3 5.9 -2
v 0.3 6.5 2
v 0.3 6.5 1.9
v 0.3 6.5 -1.9
v 0.3 6.5 -2
v 0.3 6.6 2
v 0.3 6.6 1.9
v 0.3 6.6 -1.9
v 0.3 6.6 -2
v 0.3 7.5 1.5
v 0.3 7.5 1.4
v 0.3 7.5 -1.4
v 0.3 7.5 -1.5
v 0.3 7.6 1.5
v 0.3 7.6 1.4
v 0.3 7.6 1.3
v 0.3 7.6 -1.3
v 0.3 7.6 -1.4
v 0.3 7.6 -1.5
v 0.3 7.7 1.4
v 0.3 7.7 1.3
v 0.3 7.7 -1.3
v 0.3 7.7 -1.4
v 0.3 8.1 0.4
v 0.3 8.1 0.3
v 0.3 8.1 -0.3
v 0.3 8.1 -0.4
v 0.3 8.2 0.4
v 0.3 8.2 0.3
v 0.3 8.2 -0.3
v 0.3 8.2 -0.4
v 0.4 4.2 0.3
v 0.4 4.2 -0.3
v 0.4 4.3 0.7
v 0.4 4.3 0.6
v 0.4 4.3 0.3
v 0.4 4.3 -0.3
v 0.4 4.3 -0.6
v 0.4 4.3 -0.7
v 0.4 4.4 0.7
v 0.4 4.4 0.6
v 0.4 4.4 -0.6
v 0.4 4.4 -0.7
v 0.4 4.5 1.1
v 0.4 4.5 1
v 0.4 4.5 -1
v 0.4 4.5 -1.1
v 0.4 4.6 1.1
v 0.4 4.6 1
v 0.4 4.6 -1
v 0.4 4.6 -1.1
v 0.4 5.1 1.7
v 0.4 5.1 1.6
v 0.4 5.1 -1.6
v 0.4 5.1 -1.7
v 0.4 5.2 1.7
v 0.4 5.2 1.6
v 0.4 5.2 -1.6
v 0.4 5.2 -1.7
v 0.4 5.5 1.9
v 0.4 5.5 1.8
v 0.4 5.5 -1.8
v 0.4 5.5 -1.9
v 0.4 5.6 1.9
v 0.4 5.6 1.8
v 0.4 5.6 -1.8
v 0.4 5.6 -1.9
v 0.4 5.9 2
v 0.4 5.9 1.9
v 0.4 5.9 -1.9
v 0.4 5.9 -2
v 0.4 6.5 2
v 0.4 6.5 1.9
v 0.4 6.5 -1.9
v 0.4 6.5 -2
v 0.4 6.8 1.9
v 0.4 6.8 1.8
v 0.4 6.8 -1.8
v 0.4 6.8 -1.9
v 0.4 6.9 1.9
v 0.4 6.9 1.8
v 0.4 6.9 -1.8
v 0.4 6.9 -1.9
v 0.4 7.2 1.7
v 0.4 7.2 1.6
v 0.4 7.2 -1.6
v 0.4 7.2 -1.7
v 0.4 7.3 1.7
v 0.4 7.3 1.6
v 0.4 7.3 -1.6
v 0.4 7.3 -1.7
v 0.4 7.8 1.1
v 0.4 7.8 1
v 0.4 7.8 -1
v 0.4 7.8 -1.1
v 0.4 7.9 1.1
v 0.4 7.9 1
v 0.4 7.9 -1
v 0.4 7.9 -1.1
v 0.4 8 0.7
v 0.4 8 0.6
v 0.4 8 -0.6
v 0.4 8 -0.7
v 0.4 8.1 0.7
v 0.4 8.1 0.6
v 0.4 8.1 0.3
v 0.4 8.1 -0.3
v 0.4 8.1 -0.6
v 0.4 8.1 -0.7
v 0.4 8.2 0.3
v 0.4 8.2 -0.3
v 0.5 4.3 0.6
v 0.5 4.3 0.5
v 0.5 4.3 -0.5
v 0.5 4.3 -0.6
v 0.5 4.4 0.9
v 0.5 4.4 0.8
v 0.5 4.4 0.6
v 0.5 4.4 0.5
v 0.5 4.4 -0.5
v 0.5 4.4 -0.6
v 0.5 4.4 -0.8
v 0.5 4.4 -0.9
v 0.5 4.5 0.9
v 0.5 4.5 0.8
v 0.5 4.5 -0.8
v 0.5 4.5 -0.9
v 0.5 4.6 1.2
v 0.5 4.6 1.1
v 0.5 4.6 -1.1
v 0.5 4.6 -1.2
v 0.5 4.7 1.2
v 0.5 4.7 1.1
v 0.5 4.7 -1.1
v 0.5 4.7 -1.2
v 0.5 5 1.6
v 0.5 5 1.5
v 0.5 5 -1.5
v 0.5 5 -1.6
v 0.5 5.1 1.6
v 0.5 5.1 1.5
v 0.5 5.1 -1.5
v 0.5 5.1 -1.6
v 0.5 5.2 3.6
v 0.5 5.2 3.5
v 0.5 5.3 3.6
v 0.5 5.3 3.5
v 0.5 5.3 1.8
v 0.5 5.3 1.7
v 0.5 5.3 -1.7
v 0.5 5.3 -1.8
v 0.5 5.4 1.8
v 0.5 5.4 1.7
v 0.5 5.4 -1.7
v 0.5 5.4 -1.8
v 0.5 5.6 1.9
v 0.5 5.6 1.8
v 0.5 5.6 -1.8
v 0.5 5.6 -1.9
v 0.5 5.7 1.9
v 0.5 5.7 1.8
v 0.5 5.7 -1.8
v 0.5 5.7 -1.9
v 0.5 6.7 1.9
v 0.5 6.7 1.8
v 0.5 6.7 -1.8
v 0.5 6.7 -1.9
v 0.5 6.8 1.9
v 0.5 6.8 1.8
v 0.5 6.8 -1.8
v 0.5 6.8 -1.9
v 0.5 7 1.8
v 0.5 7 1.7
v 0.5 7 -1.7
v 0.5 7 -1.8
v 0.5 7 -3.4
v 0.5 7 -3.5
v 0.5 7.1 1.8
v 0.5 7.1 1.7
v 0.5 7.1 -1.7
v 0.5 7.1 -1.8
v 0.5 7.1 -3.4
v 0.5 7.1 -3.5
v 0.5 7.3 1.6
v 0.5 7.3 1.5
v 0.5 7.3 -1.5
v 0.5 7.3 -1.6
v 0.5 7.4 1.6
v 0.5 7.4 1.5
v 0.5 7.4 -1.5
v 0.5 7.4 -1.6
v 0.5 7.7 1.2
v 0.5 7.7 1.1
v 0.5 7.7 -1.1
v 0.5 7.7 -1.2
v 0.5 7.8 1.2
v 0.5 7.8 1.1
v 0.5 7.8 -1.1
v 0.5 7.8 -1.2
v 0.5 7.9 0.9
v 0.5 7.9 0.8
v 0.5 7.9 -0.8
v 0.5 7.9 -0.9
v 0.5 8 0.9
v 0.5 8 0.8
v 0.5 8 0.6
v 0.5 8 0.5
v 0.5 8 -0.5
v 0.5 8 -0.6
v 0.5 8 -0.8
v 0.5 8 -0.9
v 0.5 8.1 0.6
v 0.5 8.1 0.5
v 0.5 8.1 -0.5
v 0.5 8.1 -0.6
v 0.6 4.3 0.5
v 0.6 4.3 0.4
v 0.6 4.3 -0.4
v 0.6 4.3 -0.5
v 0.6 4.4 0.8
v 0.6 4.4 0.7
v 0.6 4.4 0.5
v 0.6 4.4 0.4
v 0.6 4.4 -0.4
v 0.6 4.4 -0.5
v 0.6 4.4 -0.7
v 0.6 4.4 -0.8
v 0.6 4.5 1
v 0.6 4.5 0.9
v 0.6 4.5 0.8
v 0.6 4.5 0.7
v 0.6 4.5 -0.7
v 0.6 4.5 -0.8
v 0.6 4.5 -0.9
v 0.6 4.5 -1
v 0.6 4.6 1
v 0.6 4.6 0.9
v 0.6 4.6 -0.9
v 0.6 4.6 -1
v 0.6 4.7 1.3
v 0.6 4.7 1.2
v 0.6 4.7 -1.2
v 0.6 4.7 -1.3
v 0.6 4.8 1.4
v 0.6 4.8 1.3
v 0.6 4.8 1.2
v 0.6 4.8 -1.2
v 0.6 4.8 -1.3
v 0.6 4.8 -1.4
v 0.6 4.9 1.5
v 0.6 4.9 1.4
v 0.6 4.9 1.3
v 0.6 4.9 -1.3
v 0.6 4.9 -1.4
v 0.6 4.9 -1.5
v 0.6 5 1.5
v 0.6 5 1.4
v 0.6 5 -1.4
v 0.6 5 -1.5
v 0.6 5.2 1.7
v 0.6 5.2 1.6
v 0.6 5.2 -1.6
v 0.6 5.2 -1.7
v 0.6 5.3 1.7
v 0.6 5.3 1.6
v 0.6 5.3 -1.6
v 0.6 5.3 -1.7
v 0.6 5.4 1.8
v 0.6 5.4 1.7
v 0.6 5.4 -1.7
v 0.6 5.4 -1.8
v 0.6 5.5 1.8
v 0.6 5.5 1.7
v 0.6 5.5 -1.7
v 0.6 5.5 -1.8
v 0.6 5.7 1.9
v 0.6 5.7 1.8
v 0.6 5.7 -1.8
v 0.6 5.7 -1.9
v 0.6 5.8 1.9
v 0.6 5.8 1.8
v 0.6 5.8 -1.8
v 0.6 5.8 -1.9
v 0.6 6.6 1.9
v 0.6 6.6 1.8
v 0.6 6.6 -1.8
v 0.6 6.6 -1.9
v 0.6 6.7 1.9
v 0.6 6.7 1.8
v 0.6 6.7 -1.8
v 0.6 6.7 -1.9
v 0.6 6.9 1.8
v 0.6 6.9 1.7
v 0.6 6.9 -1.7
v 0.6 6.9 -1.8
v 0.6 7 1.8
v 0.6 7 1.7
v 0.6 7 -1.7
v 0.6 7 -1.8
v 0.6 7.1 1.7
v 0.6 7.1 1.6
v 0.6 7.1 -1.6
v 0.6 7.1 -1.7
v 0.6 7.2 1.7
v 0.6 7.2 1.6
v 0.6 7.2 -1.6
v 0.6 7.2 -1.7
v 0.6 7.4 1.5
v 0.6 7.4 1.4
v 0.6 7.4 -1.4
v 0.6 7.4 -1.5
v 0.6 7.5 1.5
v 0.6 7.5 1.4
v 0.6 7.5 1.3
v 0.6 7.5 -1.3
v 0.6 7.5 -1.4
v 0.6 7.5 -1.5
v 0.6 7.6 1.4
v 0.6 7.6 1.3
v 0.6 7.6 1.2
v 0.6 7.6 -1.2
v 0.6 7.6 -1.3
v 0.6 7.6 -1.4
v 0.6 7.7 1.3
v 0.6 7.7 1.2
v 0.6 7.7 -1.2
v 0.6 7.7 -1.3
v 0.6 7.8 1
v 0.6 7.8 0.9
v 0.6 7.8 -0.9
v 0.6 7.8 -1
v 0.6 7.9 1
v 0.6 7.9 0.9
v 0.6 7.9 0.8
v 0.6 7.9 0.7
v 0.6 7.9 -0.7
v 0.6 7.9 -0.8
v 0.6 7.9 -0.9
v 0.6 7.9 -1
v 0.6 8 0.8
v 0.6 8 0.7
v 0.6 8 0.5
v 0.6 8 0.4
v 0.6 8 -0.4
v 0.6 8 -0.5
v 0.6 8 -0.7
v 0.6 8 -0.8
v 0.6 8.1 0.5
v 0.6 8.1 0.4
v 0.6 8.1 -0.4
v 0.6 8.1 -0.5
v 0.7 4.3 0.4
v 0.7 4.3 0.0999999
v 0.7 4.3 -0.0999999
v 0.7 4.3 -0.4
v 0.7 4.4 0.7
v 0.7 4.4 0.6
v 0.7 4.4 0.4
v 0.7 4.4 0.0999999
v 0.7 4.4 -0.0999999
v 0.7 4.4 -0.4
v 0.7 4.4 -0.6
v 0.7 4.4 -0.7
v 0.7 4.5 0.9
v 0.7 4.5 0.8
v 0.7 4.5 0.7
v 0.7 4.5 0.6
v 0.7 4.5 -0.6
v 0.7 4.5 -0.7
v 0.7 4.5 -0.8
v 0.7 4.5 -0.9
v 0.7 4.6 1.1
v 0.7 4.6 1
v 0.7 4.6 0.9
v 0.7 4.6 0.8
v 0.7 4.6 -0.8
v 0.7 4.6 -0.9
v 0.7 4.6 -1
v 0.7 4.6 -1.1
v 0.7 4.7 1.1
v 0.7 4.7 1
v 0.7 4.7 -1
v 0.7 4.7 -1.1
v 0.7 5.1 1.6
v 0.7 5.1 1.5
v 0.7 5.1 -1.5
v 0.7 5.1 -1.6
v 0.7 5.2 1.6
v 0.7 5.2 1.5
v 0.7 5.2 -1.5
v 0.7 5.2 -1.6
v 0.7 5.3 1.7
v 0.7 5.3 1.6
v 0.7 5.3 -1.6
v 0.7 5.3 -1.7
v 0.7 5.4 1.7
v 0.7 5.4 1.6
v 0.7 5.4 -1.6
v 0.7 5.4 -1.7
v 0.7 5.5 1.8
v 0.7 5.5 1.7
v 0.7 5.5 -1.7
v 0.7 5.5 -1.8
v 0.7 5.6 1.8
v 0.7 5.6 1.7
v 0.7 5.6 -1.7
v 0.7 5.6 -1.8
v 0.7 5.8 1.9
v 0.7 5.8 1.8
v 0.7 5.8 -1.8
v 0.7 5.8 -1.9
v 0.7 6.1 1.9
v 0.7 6.1 1.8
v 0.7 6.1 -1.8
v 0.7 6.1 -1.9
v 0.7 6.3 1.9
v 0.7 6.3 1.8
v 0.7 6.3 -1.8
v 0.7 6.3 -1.9
v 0.7 6.6 1.9
v 0.7 6.6 1.8
v 0.7 6.6 -1.8
v 0.7 6.6 -1.9
v 0.7 6.8 1.8
v 0.7 6.8 1.7
v 0.7 6.8 -1.7
v 0.7 6.8 -1.8
v 0.7 6.9 1.8
v 0.7 6.9 1.7
v 0.7 6.9 -1.7
v 0.7 6.9 -1.8
v 0.7 7 1.7
v 0.7 7 1.6
v 0.7 7 -1.6
v 0.7 7 -1.7
v 0.7 7.1 1.7
v 0.7 7.1 1.6
v 0.7 7.1 -1.6
v 0.7 7.1 -1.7
v 0.7 7.2 1.6
v 0.7 7.2 1.5
v 0.7 7.2 -1.5
v 0.7 7.2 -1.6
v 0.7 7.3 1.6
v 0.7 7.3 1.5
v 0.7 7.3 -1.5
v 0.7 7.3 -1.6
v 0.7 7.7 1.1
v 0.7 7.7 1
v 0.7 7.7 -1
v 0.7 7.7 -1.1
v 0.7 7.8 1.1
v 0.7 7.8 1
v 0.7 7.8 0.9
v 0.7 7.8 0.8
v 0.7 7.8 -0.8
v 0.7 7.8 -0.9
v 0.7 7.8 -1
v 0.7 7.8 -1.1
v 0.7 7.9 0.9
v 0.7 7.9 0.8
v 0.7 7.9 0.7
v 0.7 7.9 0.6
v 0.7 7.9 -0.6
v 0.7 7.9 -0.7
v 0.7 7.9 -0.8
v 0.7 7.9 -0.9
v 0.7 8 0.7
v 0.7 8 0.6
v 0.7 8 0.4
v 0.7 8 0.0999999
v 0.7 8 -0.0999999
v 0.7 8 -0.4
v 0.7 8 -0.6
v 0.7 8 -0.7
v 0.7 8.1 0.4
v 0.7 8.1 0.0999999
v 0.7 8.1 -0.0999999
v 0.7 8.1 -0.4
v 0.8 4.3 0.0999999
v 0.8 4.3 -0.0999999
v 0.8 4.4 0.6
v 0.8 4.4 0.5
v 0.8 4.4 0.0999999
v 0.8 4.4 -0.0999999
v 0.8 4.4 -0.5
v 0.8 4.4 -0.6
v 0.8 4.5 0.8
v 0.8 4.5 0.7
v 0.8 4.5 0.6
v 0.8 4.5 0.5
v 0.8 4.5 -0.5
v 0.8 4.5 -0.6
v 0.8 4.5 -0.7
v 0.8 4.5 -0.8
v 0.8 4.6 1
v 0.8 4.6 0.9
v 0.8 4.6 0.8
v 0.8 4.6 0.7
v 0.8 4.6 -0.7
v 0.8 4.6 -0.8
v 0.8 4.6 -0.9
v 0.8 4.6 -1
v 0.8 4.7 1.2
v 0.8 4.7 1.1
v 0.8 4.7 1
v 0.8 4.7 0.9
v 0.8 4.7 -0.9
v 0.8 4.7 -1
v 0.8 4.7 -1.1
v 0.8 4.7 -1.2
v 0.8 4.8 1.3
v 0.8 4.8 1.2
v 0.8 4.8 1.1
v 0.8 4.8 -1.1
v 0.8 4.8 -1.2
v 0.8 4.8 -1.3
v 0.8 4.9 1.4
v 0.8 4.9 1.3
v 0.8 4.9 1.2
v 0.8 4.9 -1.2
v 0.8 4.9 -1.3
v 0.8 4.9 -1.4
v 0.8 5 1.5
v 0.8 5 1.4
v 0.8 5 1.3
v 0.8 5 -1.3
v 0.8 5 -1.4
v 0.8 5 -1.5
v 0.8 5.1 1.5
v 0.8 5.1 1.4
v 0.8 5.1 -1.4
v 0.8 5.1 -1.5
v 0.8 5.2 1.6
v 0.8 5.2 1.5
v 0.8 5.2 -1.5
v 0.8 5.2 -1.6
v 0.8 5.3 1.6
v 0.8 5.3 1.5
v 0.8 5.3 -1.5
v 0.8 5.3 -1.6
v 0.8 5.4 1.7
v 0.8 5.4 1.6
v 0.8 5.4 -1.6
v 0.8 5.4 -1.7
v 0.8 5.5 1.7
v 0.8 5.5 1.6
v 0.8 5.5 -1.6
v 0.8 5.5 -1.7
v 0.8 5.6 1.8
v 0.8 5.6 1.7
v 0.8 5.6 -1.7
v 0.8 5.6 -1.8
v 0.8 5.7 1.8
v 0.8 5.7 1.7
v 0.8 5.7 -1.7
v 0.8 5.7 -1.8
v 0.8 6.1 1.9
v 0.8 6.1 1.8
v 0.8 6.1 -1.8
v 0.8 6.1 -1.9
v 0.8 6.3 1.9
v 0.8 6.3 1.8
v 0.8 6.3 -1.8
v 0.8 6.3 -1.9
v 0.8 6.7 1.8
v 0.8 6.7 1.7
v 0.8 6.7 -1.7
v 0.8 6.7 -1.8
v 0.8 6.8 1.8
v 0.8 6.8 1.7
v 0.8 6.8 -1.7
v 0.8 6.8 -1.8
v 0.8 6.9 1.7
v 0.8 6.9 1.6
v 0.8 6.9 -1.6
v 0.8 6.9 -1.7
v 0.8 7 1.7
v 0.8 7 1.6
v 0.8 7 -1.6
v 0.8 7 -1.7
v 0.8 7.1 1.6
v 0.8 7.1 1.5
v 0.8 7.1 -1.5
v 0.8 7.1 -1.6
v 0.8 7.2 1.6
v 0.8 7.2 1.5
v 0.8 7.2 -1.5
v 0.8 7.2 -1.6
v 0.8 7.3 1.5
v 0.8 7.3 1.4
v 0.8 7.3 -1.4
v 0.8 7.3 -1.5
v 0.8 7.4 1.5
v 0.8 7.4 1.4
v 0.8 7.4 1.3
v 0.8 7.4 -1.3
v 0.8 7.4 -1.4
v 0.8 7.4 -1.5
v 0.8 7.5 1.4
v 0.8 7.5 1.3
v 0.8 7.5 1.2
v 0.8 7.5 -1.2
v 0.8 7.5 -1.3
v 0.8 7.5 -1.4
v 0.8 7.6 1.3
v 0.8 7.6 1.2
v 0.8 7.6 1.1
v 0.8 7.6 -1.1
v 0.8 7.6 -1.2
v 0.8 7.6 -1.3
v 0.8 7.7 1.2
v 0.8 7.7 1.1
v 0.8 7.7 1
v 0.8 7.7 0.9
v 0.8 7.7 -0.9
v 0.8 7.7 -1
v 0.8 7.7 -1.1
v 0.8 7.7 -1.2
v 0.8 7.8 1
v 0.8 7.8 0.9
v 0.8 7.8 0.8
v 0.8 7.8 0.7
v 0.8 7.8 -0.7
v 0.8 7.8 -0.8
v 0.8 7.8 -0.9
v 0.8 7.8 -1
v 0.8 7.9 0.8
v 0.8 7.9 0.7
v 0.8 7.9 0.6
v 0.8 7.9 0.5
v 0.8 7.9 -0.5
v 0.8 7.9 -0.6
v 0.8 7.9 -0.7
v 0.8 7.9 -0.8
v 0.8 8 0.6
v 0.8 8 0.5
v 0.8 8 0.0999999
v 0.8 8 -0.0999999
v 0.8 8 -0.5
v 0.8 8 -0.6
v 0.8 8.1 0.0999999
v 0.8 8.1 -0.0999999
v 0.9 4.4 0.5
v 0.9 4.4 0.2
v 0.9 4.4 -0.2
v 0.9 4.4 -0.5
v 0.9 4.5 0.7
v 0.9 4.5 0.6
v 0.9 4.5 0.5
v 0.9 4.5 0.2
v 0.9 4.5 -0.2
v 0.9 4.5 -0.5
v 0.9 4.5 -0.6
v 0.9 4.5 -0.7
v 0.9 4.6 0.9
v 0.9 4.6 0.8
v 0.9 4.6 0.7
v 0.9 4.6 0.6
v 0.9 4.6 -0.6
v 0.9 4.6 -0.7
v 0.9 4.6 -0.8
v 0.9 4.6 -0.9
v 0.9 4.7 1.1
v 0.9 4.7 1
v 0.9 4.7 0.9
v 0.9 4.7 0.8
v 0.9 4.7 -0.8
v 0.9 4.7 -0.9
v 0.9 4.7 -1
v 0.9 4.7 -1.1
v 0.9 4.8 1.2
v 0.9 4.8 1.1
v 0.9 4.8 1
v 0.9 4.8 -1
v 0.9 4.8 -1.1
v 0.9 4.8 -1.2
v 0.9 4.9 1.3
v 0.9 4.9 1.2
v 0.9 4.9 1.1
v 0.9 4.9 -1.1
v 0.9 4.9 -1.2
v 0.9 4.9 -1.3
v 0.9 5 1.4
v 0.9 5 1.3
v 0.9 5 1.2
v 0.9 5 -1.2
v 0.9 5 -1.3
v 0.9 5 -1.4
v 0.9 5.1 1.5
v 0.9 5.1 1.4
v 0.9 5.1 1.3
v 0.9 5.1 -1.3
v 0.9 5.1 -1.4
v 0.9 5.1 -1.5
v 0.9 5.2 1.5
v 0.9 5.2 1.4
v 0.9 5.2 -1.4
v 0.9 5.2 -1.5
v 0.9 5.3 1.6
v 0.9 5.3 1.5
v 0.9 5.3 -1.5
v 0.9 5.3 -1.6
v 0.9 5.4 1.6
v 0.9 5.4 1.5
v 0.9 5.4 -1.5
v 0.9 5.4 -1.6
v 0.9 5.5 1.7
v 0.9 5.5 1.6
v 0.9 5.5 -1.6
v 0.9 5.5 -1.7
v 0.9 5.6 1.7
v 0.9 5.6 1.6
v 0.9 5.6 -1.6
v 0.9 5.6 -1.7
v 0.9 5.7 1.8
v 0.9 5.7 1.7
v 0.9 5.7 -1.7
v 0.9 5.7 -1.8
v 0.9 6 1.8
v 0.9 6 1.7
v 0.9 6 -1.7
v 0.9 6 -1.8
v 0.9 6.4 1.8
v 0.9 6.4 1.7
v 0.9 6.4 -1.7
v 0.9 6.4 -1.8
v 0.9 6.7 1.8
v 0.9 6.7 1.7
v 0.9 6.7 -1.7
v 0.9 6.7 -1.8
v 0.9 6.8 1.7
v 0.9 6.8 1.6
v 0.9 6.8 -1.6
v 0.9 6.8 -1.7
v 0.9 6.9 1.7
v 0.9 6.9 1.6
v 0.9 6.9 -1.6
v 0.9 6.9 -1.7
v 0.9 7 1.6
v 0.9 7 1.5
v 0.9 7 -1.5
v 0.9 7 -1.6
v 0.9 7.1 1.6
v 0.9 7.1 1.5
v 0.9 7.1 -1.5
v 0.9 7.1 -1.6
v 0.9 7.2 1.5
v 0.9 7.2 1.4
v 0.9 7.2 -1.4
v 0.9 7.2 -1.5
v 0.9 7.3 1.5
v 0.9 7.3 1.4
v 0.9 7.3 1.3
v 0.9 7.3 -1.3
v 0.9 7.3 -1.4
v 0.9 7.3 -1.5
v 0.9 7.4 1.4
v 0.9 7.4 1.3
v 0.9 7.4 1.2
v 0.9 7.4 -1.2
v 0.9 7.4 -1.3
v 0.9 7.4 -1.4
v 0.9 7.5 1.3
v 0.9 7.5 1.2
v 0.9 7.5 1.1
v 0.9 7.5 -1.1
v 0.9 7.5 -1.2
v 0.9 7.5 -1.3
v 0.9 7.6 1.2
v 0.9 7.6 1.1
v 0.9 7.6 1
v 0.9 7.6 -1
v 0.9 7.6 -1.1
v 0.9 7.6 -1.2
v 0.9 7.7 1.1
v 0.9 7.7 1
v 0.9 7.7 0.9
v 0.9 7.7 0.8
v 0.9 7.7 -0.8
v 0.9 7.7 -0.9
v 0.9 7.7 -1
v 0.9 7.7 -1.1
v 0.9 7.8 0.9
v 0.9 7.8 0.8
v 0.9 7.8 0.7
v 0.9 7.8 0.6
v 0.9 7.8 -0.6
v 0.9 7.8 -0.7
v 0.9 7.8 -0.8
v 0.9 7.8 -0.9
v 0.9 7.9 0.7
v 0.9 7.9 0.6
v 0.9 7.9 0.5
v 0.9 7.9 0.2
v 0.9 7.9 -0.2
v 0.9 7.9 -0.5
v 0.9 7.9 -0.6
v 0.9 7.9 -0.7
v 0.9 8 0.5
v 0.9 8 0.2
v 0.9 8 -0.2
v 0.9 8 -0.5
v 1 4.4 0.2
v 1 4.4 -0.2
v 1 4.5 0.6
v 1 4.5 0.4
v 1 4.5 0.2
v 1 4.5 -0.0999999
v 1 4.5 -0.2
v 1 4.5 -0.4
v 1 4.5 -0.6
v 1 4.6 0.8
v 1 4.6 0.7
v 1 4.6 0.6
v 1 4.6 0.4
v 1 4.6 -0.4
v 1 4.6 -0.6
v 1 4.6 -0.7
v 1 4.6 -0.8
v 1 4.7 1
v 1 4.7 0.9
v 1 4.7 0.8
v 1 4.7 0.7
v 1 4.7 -0.7
v 1 4.7 -0.8
v 1 4.7 -0.9
v 1 4.7 -1
v 1 4.8 1.1
v 1 4.8 1
v 1 4.8 0.9
v 1 4.8 -0.9
v 1 4.8 -1
v 1 4.8 -1.1
v 1 4.9 1.1
v 1 4.9 1
v 1 4.9 -1
v 1 4.9 -1.1
v 1 5.1 1.4
v 1 5.1 1.3
v 1 5.1 -1.3
v 1 5.1 -1.4
v 1 5.2 3.5
v 1 5.2 3.4
v 1 5.2 1.5
v 1 5.2 1.4
v 1 5.2 1.3
v 1 5.2 -1.3
v 1 5.2 -1.4
v 1 5.2 -1.5
v 1 5.3 3.5
v 1 5.3 3.4
v 1 5.3 1.5
v 1 5.3 1.4
v 1 5.3 -1.4
v 1 5.3 -1.5
v 1 5.4 1.6
v 1 5.4 1.5
v 1 5.4 -1.5
v 1 5.4 -1.6
v 1 5.5 1.6
v 1 5.5 1.5
v 1 5.5 -1.5
v 1 5.5 -1.6
v 1 5.6 1.7
v 1 5.6 1.6
v 1 5.6 -1.6
v 1 5.6 -1.7
v 1 5.8 1.7
v 1 5.8 1.6
v 1 5.8 -1.6
v 1 5.8 -1.7
v 1 6 1.8
v 1 6 1.7
v 1 6 -1.7
v 1 6 -1.8
v 1 6.4 1.8
v 1 6.4 1.7
v 1 6.4 -1.7
v 1 6.4 -1.8
v 1 6.6 1.7
v 1 6.6 1.6
v 1 6.6 -1.6
v 1 6.6 -1.7
v 1 6.8 1.7
v 1 6.8 1.6
v 1 6.8 -1.6
v 1 6.8 -1.7
v 1 6.9 1.6
v 1 6.9 1.5
v 1 6.9 -1.5
v 1 6.9 -1.6
v 1 7 1.6
v 1 7 1.5
v 1 7 -1.5
v 1 7 -1.6
v 1 7 -3.3
v 1 7 -3.4
v 1 7.1 1.5
v 1 7.1 1.4
v 1 7.1 -1.4
v 1 7.1 -1.5
v 1 7.1 -3.3
v 1 7.1 -3.4
v 1 7.2 1.5
v 1 7.2 1.4
v 1 7.2 1.3
v 1 7.2 -1.3
v 1 7.2 -1.4
v 1 7.2 -1.5
v 1 7.3 1.4
v 1 7.3 1.3
v 1 7.3 -1.3
v 1 7.3 -1.4
v 1 7.5 1.1
v 1 7.5 1
v 1 7.5 -1
v 1 7.5 -1.1
v 1 7.6 1.1
v 1 7.6 1
v 1 7.6 0.9
v 1 7.6 -0.9
v 1 7.6 -1
v 1 7.6 -1.1
v 1 7.7 1
v 1 7.7 0.9
v 1 7.7 0.8
v 1 7.7 0.7
v 1 7.7 -0.7
v 1 7.7 -0.8
v 1 7.7 -0.9
v 1 7.7 -1
v 1 7.8 0.8
v 1 7.8 0.7
v 1 7.8 0.6
v 1 7.8 0.4
v 1 7.8 -0.4
v 1 7.8 -0.6
v 1 7.8 -0.7
v 1 7.8 -0.8
v 1 7.9 0.6
v 1 7.9 0.4
v 1 7.9 0.2
v 1 7.9 -0.2
v 1 7.9 -0.4
v 1 7.9 -0.6
v 1 8 0.2
v 1 8 -0.2
v 1.1 4.5 0.4
v 1.1 4.5 -0.0999999
v 1.1 4.5 -0.4
v 1.1 4.6 0.7
v 1.1 4.6 0.5
v 1.1 4.6 0.4
v 1.1 4.6 -0.0999999
v 1.1 4.6 -0.4
v 1.1 4.6 -0.5
v 1.1 4.6 -0.7
v 1.1 4.7 0.9
v 1.1 4.7 0.8
v 1.1 4.7 0.7
v 1.1 4.7 0.5
v 1.1 4.7 -0.5
v 1.1 4.7 -0.6
v 1.1 4.7 -0.7
v 1.1 4.7 -0.8
v 1.1 4.7 -0.9
v 1.1 4.8 1
v 1.1 4.8 0.9
v 1.1 4.8 0.8
v 1.1 4.8 -0.8
v 1.1 4.8 -0.9
v 1.1 4.8 -1
v 1.1 4.9 1.2
v 1.1 4.9 1.1
v 1.1 4.9 1
v 1.1 4.9 0.9
v 1.1 4.9 -0.9
v 1.1 4.9 -1
v 1.1 4.9 -1.1
v 1.1 4.9 -1.2
v 1.1 5 1.3
v 1.1 5 1.2
v 1.1 5 1.1
v 1.1 5 -1.1
v 1.1 5 -1.2
v 1.1 5 -1.3
v 1.1 5.1 1.3
v 1.1 5.1 1.2
v 1.1 5.1 -1.2
v 1.1 5.1 -1.3
v 1.1 5.2 1.4
v 1.1 5.2 1.3
v 1.1 5.2 -1.3
v 1.1 5.2 -1.4
v 1.1 5.3 1.5
v 1.1 5.3 1.4
v 1.1 5.3 1.3
v 1.1 5.3 -1.3
v 1.1 5.3 -1.4
v 1.1 5.3 -1.5
v 1.1 5.4 1.5
v 1.1 5.4 1.4
v 1.1 5.4 -1.4
v 1.1 5.4 -1.5
v 1.1 5.5 1.6
v 1.1 5.5 1.5
v 1.1 5.5 -1.5
v 1.1 5.5 -1.6
v 1.1 5.7 1.6
v 1.1 5.7 1.5
v 1.1 5.7 -1.5
v 1.1 5.7 -1.6
v 1.1 5.8 1.7
v 1.1 5.8 1.6
v 1.1 5.8 -1.6
v 1.1 5.8 -1.7
v 1.1 6.6 1.7
v 1.1 6.6 1.6
v 1.1 6.6 -1.6
v 1.1 6.6 -1.7
v 1.1 6.7 1.6
v 1.1 6.7 1.5
v 1.1 6.7 -1.5
v 1.1 6.7 -1.6
v 1.1 6.8 1.6
v 1.1 6.8 1.5
v 1.1 6.9 1.6
v 1.1 6.9 1.5
v 1.1 6.9 -1.5
v 1.1 6.9 -1.6
v 1.1 7 1.5
v 1.1 7 1.4
v 1.1 7 -1.4
v 1.1 7 -1.5
v 1.1 7.1 1.5
v 1.1 7.1 1.4
v 1.1 7.1 1.3
v 1.1 7.1 -1.3
v 1.1 7.1 -1.4
v 1.1 7.1 -1.5
v 1.1 7.2 1.4
v 1.1 7.2 1.3
v 1.1 7.2 -1.3
v 1.1 7.2 -1.4
v 1.1 7.3 1.3
v 1.1 7.3 1.2
v 1.1 7.3 -1.2
v 1.1 7.3 -1.3
v 1.1 7.4 1.3
v 1.1 7.4 1.2
v 1.1 7.4 1.1
v 1.1 7.4 -1.1
v 1.1 7.4 -1.2
v 1.1 7.4 -1.3
v 1.1 7.5 1.2
v 1.1 7.5 1.1
v 1.1 7.5 1
v 1.1 7.5 0.9
v 1.1 7.5 -0.9
v 1.1 7.5 -1
v 1.1 7.5 -1.1
v 1.1 7.5 -1.2
v 1.1 7.6 1
v 1.1 7.6 0.9
v 1.1 7.6 0.8
v 1.1 7.6 -0.8
v 1.1 7.6 -0.9
v 1.1 7.6 -1
v 1.1 7.7 0.9
v 1.1 7.7 0.8
v 1.1 7.7 0.7
v 1.1 7.7 0.5
v 1.1 7.7 -0.5
v 1.1 7.7 -0.7
v 1.1 7.7 -0.8
v 1.1 7.7 -0.9
v 1.1 7.8 0.7
v 1.1 7.8 0.5
v 1.1 7.8 0.4
v 1.1 7.8 -0.4
v 1.1 7.8 -0.5
v 1.1 7.8 -0.7
v 1.1 7.9 0.4
v 1.1 7.9 -0.4
v 1.2 4.6 0.5
v 1.2 4.6 0.2
v 1.2 4.6 -0.2
v 1.2 4.6 -0.5
v 1.2 4.7 0.8
v 1.2 4.7 0.6
v 1.2 4.7 0.5
v 1.2 4.7 0.2
v 1.2 4.7 -0.2
v 1.2 4.7 -0.5
v 1.2 4.7 -0.6
v 1.2 4.7 -0.8
v 1.2 4.8 0.9
v 1.2 4.8 0.8
v 1.2 4.8 0.6
v 1.2 4.8 -0.6
v 1.2 4.8 -0.7
v 1.2 4.8 -0.8
v 1.2 4.8 -0.9
v 1.2 4.9 1.1
v 1.2 4.9 0.9
v 1.2 4.9 0.8
v 1.2 4.9 -0.8
v 1.2 4.9 -0.9
v 1.2 4.9 -1.1
v 1.2 5 1.2
v 1.2 5 1.1
v 1.2 5 0.9
v 1.2 5 -0.9
v 1.2 5 -1.1
v 1.2 5 -1.2
v 1.2 5.1 1.3
v 1.2 5.1 1.2
v 1.2 5.1 1.1
v 1.2 5.1 -1.1
v 1.2 5.1 -1.2
v 1.2 5.1 -1.3
v 1.2 5.2 3.4
v 1.2 5.2 3.2
v 1.2 5.2 1.3
v 1.2 5.2 1.2
v 1.2 5.2 -1.2
v 1.2 5.3 3.4
v 1.2 5.3 3.2
v 1.2 5.3 1.4
v 1.2 5.3 1.3
v 1.2 5.3 1.2
v 1.2 5.3 -1.2
v 1.2 5.3 -1.3
v 1.2 5.3 -1.4
v 1.2 5.4 1.5
v 1.2 5.4 1.4
v 1.2 5.4 1.3
v 1.2 5.4 -1.3
v 1.2 5.4 -1.4
v 1.2 5.4 -1.5
v 1.2 5.6 1.5
v 1.2 5.6 1.4
v 1.2 5.6 -1.4
v 1.2 5.6 -1.5
v 1.2 5.7 1.6
v 1.2 5.7 1.5
v 1.2 5.7 -1.5
v 1.2 5.7 -1.6
v 1.2 5.8 -1.5
v 1.2 6 1.6
v 1.2 6 1.5
v 1.2 6 -1.5
v 1.2 6 -1.6
v 1.2 6.4 1.6
v 1.2 6.4 1.5
v 1.2 6.4 -1.5
v 1.2 6.4 -1.6
v 1.2 6.7 1.6
v 1.2 6.7 1.5
v 1.2 6.7 -1.5
v 1.2 6.7 -1.6
v 1.2 6.8 1.5
v 1.2 6.8 1.4
v 1.2 6.8 -1.4
v 1.2 6.8 -1.5
v 1.2 7 1.5
v 1.2 7 1.4
v 1.2 7 1.3
v 1.2 7 -1.3
v 1.2 7 -1.4
v 1.2 7 -1.5
v 1.2 7 -3.1
v 1.2 7 -3.3
v 1.2 7.1 1.4
v 1.2 7.1 1.3
v 1.2 7.1 1.2
v 1.2 7.1 -1.2
v 1.2 7.1 -1.3
v 1.2 7.1 -1.4
v 1.2 7.1 -3.1
v 1.2 7.1 -3.3
v 1.2 7.3 1.3
v 1.2 7.3 1.2
v 1.2 7.3 1.1
v 1.2 7.3 -1.1
v 1.2 7.3 -1.2
v 1.2 7.3 -1.3
v 1.2 7.4 1.2
v 1.2 7.4 1.1
v 1.2 7.4 0.9
v 1.2 7.4 -0.9
v 1.2 7.4 -1.1
v 1.2 7.4 -1.2
v 1.2 7.5 1.1
v 1.2 7.5 0.9
v 1.2 7.5 0.8
v 1.2 7.5 -0.8
v 1.2 7.5 -0.9
v 1.2 7.5 -1.1
v 1.2 7.6 0.9
v 1.2 7.6 0.8
v 1.2 7.6 0.6
v 1.2 7.6 -0.6
v 1.2 7.6 -0.8
v 1.2 7.6 -0.9
v 1.2 7.7 0.8
v 1.2 7.7 0.6
v 1.2 7.7 0.5
v 1.2 7.7 0.2
v 1.2 7.7 -0.2
v 1.2 7.7 -0.5
v 1.2 7.7 -0.6
v 1.2 7.7 -0.8
v 1.2 7.8 0.5
v 1.2 7.8 0.2
v 1.2 7.8 -0.2
v 1.2 7.8 -0.5
v 1.3 4.6 0.2
v 1.3 4.6 -0.2
v 1.3 4.7 0.6
v 1.3 4.7 0.3
v 1.3 4.7 0.2
v 1.3 4.7 -0.2
v 1.3 4.7 -0.3
v 1.3 4.7 -0.6
v 1.3 4.8 0.8
v 1.3 4.8 0.6
v 1.3 4.8 0.3
v 1.3 4.8 -0.3
v 1.3 4.8 -0.6
v 1.3 4.8 -0.7
v 1.3 4.8 -0.8
v 1.3 4.9 0.9
v 1.3 4.9 0.8
v 1.3 4.9 0.6
v 1.3 4.9 -0.6
v 1.3 4.9 -0.7
v 1.3 4.9 -0.8
v 1.3 4.9 -0.9
v 1.3 5 1.1
v 1.3 5 0.9
v 1.3 5 0.8
v 1.3 5 -0.8
v 1.3 5 -0.9
v 1.3 5 -1.1
v 1.3 5.1 1.2
v 1.3 5.1 1.1
v 1.3 5.1 1
v 1.3 5.1 0.9
v 1.3 5.1 -0.9
v 1.3 5.1 -1
v 1.3 5.1 -1.1
v 1.3 5.1 -1.2
v 1.3 5.2 1.1
v 1.3 5.2 1
v 1.3 5.2 -1
v 1.3 5.2 -1.1
v 1.3 5.2 -1.2
v 1.3 5.3 1.3
v 1.3 5.3 1.2
v 1.3 5.3 1.1
v 1.3 5.3 -1.1
v 1.3 5.3 -1.2
v 1.3 5.3 -1.3
v 1.3 5.4 1.4
v 1.3 5.4 1.3
v 1.3 5.4 1.2
v 1.3 5.4 -1.2
v 1.3 5.4 -1.3
v 1.3 5.4 -1.4
v 1.3 5.6 1.5
v 1.3 5.6 1.4
v 1.3 5.6 1.3
v 1.3 5.6 -1.3
v 1.3 5.6 -1.4
v 1.3 5.6 -1.5
v 1.3 5.8 -1.4
v 1.3 5.8 -1.5
v 1.3 5.9 1.5
v 1.3 5.9 1.4
v 1.3 5.9 -1.4
v 1.3 5.9 -1.5
v 1.3 6 1.6
v 1.3 6 1.5
v 1.3 6 -1.5
v 1.3 6 -1.6
v 1.3 6.4 1.6
v 1.3 6.4 1.5
v 1.3 6.4 -1.5
v 1.3 6.4 -1.6
v 1.3 6.5 1.5
v 1.3 6.5 1.4
v 1.3 6.5 -1.4
v 1.3 6.5 -1.5
v 1.3 6.8 1.5
v 1.3 6.8 1.4
v 1.3 6.8 1.3
v 1.3 6.8 -1.3
v 1.3 6.8 -1.4
v 1.3 6.8 -1.5
v 1.3 7 1.4
v 1.3 7 1.3
v 1.3 7 1.2
v 1.3 7 -1.2
v 1.3 7 -1.3
v 1.3 7 -1.4
v 1.3 7.1 1.3
v 1.3 7.1 1.2
v 1.3 7.1 1.1
v 1.3 7.1 -1.1
v 1.3 7.1 -1.2
v 1.3 7.1 -1.3
v 1.3 7.2 1.1
v 1.3 7.2 1
v 1.3 7.2 -1
v 1.3 7.2 -1.1
v 1.3 7.3 1.2
v 1.3 7.3 1.1
v 1.3 7.3 1
v 1.3 7.3 0.9
v 1.3 7.3 -0.9
v 1.3 7.3 -1
v 1.3 7.3 -1.1
v 1.3 7.3 -1.2
v 1.3 7.4 1.1
v 1.3 7.4 0.9
v 1.3 7.4 0.8
v 1.3 7.4 -0.8
v 1.3 7.4 -0.9
v 1.3 7.4 -1.1
v 1.3 7.5 0.9
v 1.3 7.5 0.8
v 1.3 7.5 0.6
v 1.3 7.5 -0.6
v 1.3 7.5 -0.8
v 1.3 7.5 -0.9
v 1.3 7.6 0.8
v 1.3 7.6 0.6
v 1.3 7.6 0.3
v 1.3 7.6 -0.3
v 1.3 7.6 -0.6
v 1.3 7.6 -0.8
v 1.3 7.7 0.6
v 1.3 7.7 0.3
v 1.3 7.7 0.2
v 1.3 7.7 -0.2
v 1.3 7.7 -0.3
v 1.3 7.7 -0.6
v 1.3 7.8 0.2
v 1.3 7.8 -0.2
v 1.4 4.7 0.3
v 1.4 4.7 -0.3
v 1.4 4.8 0.6
v 1.4 4.8 0.3
v 1.4 4.8 -0.3
v 1.4 4.8 -0.6
v 1.4 4.9 0.8
v 1.4 4.9 0.6
v 1.4 4.9 0.3
v 1.4 4.9 -0.3
v 1.4 4.9 -0.5
v 1.4 4.9 -0.6
v 1.4 4.9 -0.8
v 1.4 5 0.9
v 1.4 5 0.8
v 1.4 5 0.6
v 1.4 5 -0.6
v 1.4 5 -0.8
v 1.4 5 -0.9
v 1.4 5.1 1
v 1.4 5.1 0.9
v 1.4 5.1 0.8
v 1.4 5.1 -0.8
v 1.4 5.1 -0.9
v 1.4 5.1 -1
v 1.4 5.2 3.2
v 1.4 5.2 3.1
v 1.4 5.2 1.1
v 1.4 5.2 1
v 1.4 5.2 0.9
v 1.4 5.2 -0.9
v 1.4 5.2 -1
v 1.4 5.2 -1.1
v 1.4 5.3 3.1
v 1.4 5.3 1.2
v 1.4 5.3 1.1
v 1.4 5.3 1
v 1.4 5.3 -1
v 1.4 5.3 -1.1
v 1.4 5.3 -1.2
v 1.4 5.4 3.2
v 1.4 5.4 3.1
v 1.4 5.4 1.3
v 1.4 5.4 1.2
v 1.4 5.4 1.1
v 1.4 5.4 -1.1
v 1.4 5.4 -1.2
v 1.4 5.4 -1.3
v 1.4 5.6 1.4
v 1.4 5.6 1.3
v 1.4 5.6 1.2
v 1.4 5.6 -1.2
v 1.4 5.6 -1.3
v 1.4 5.6 -1.4
v 1.4 5.9 1.5
v 1.4 5.9 1.4
v 1.4 5.9 1.3
v 1.4 5.9 -1.3
v 1.4 5.9 -1.4
v 1.4 5.9 -1.5
v 1.4 6.5 1.5
v 1.4 6.5 1.4
v 1.4 6.5 1.3
v 1.4 6.5 -1.3
v 1.4 6.5 -1.4
v 1.4 6.5 -1.5
v 1.4 6.8 1.4
v 1.4 6.8 1.3
v 1.4 6.8 1.2
v 1.4 6.8 -1.2
v 1.4 6.8 -1.3
v 1.4 6.8 -1.4
v 1.4 6.9 -3
v 1.4 6.9 -3.1
v 1.4 7 1.3
v 1.4 7 1.2
v 1.4 7 1.1
v 1.4 7 -1.1
v 1.4 7 -1.2
v 1.4 7 -1.3
v 1.4 7 -3
v 1.4 7.1 1.2
v 1.4 7.1 1.1
v 1.4 7.1 1
v 1.4 7.1 -1
v 1.4 7.1 -1.1
v 1.4 7.1 -1.2
v 1.4 7.1 -3
v 1.4 7.1 -3.1
v 1.4 7.2 1.1
v 1.4 7.2 1
v 1.4 7.2 0.9
v 1.4 7.2 -0.9
v 1.4 7.2 -1
v 1.4 7.2 -1.1
v 1.4 7.3 1
v 1.4 7.3 0.9
v 1.4 7.3 0.8
v 1.4 7.3 -0.8
v 1.4 7.3 -0.9
v 1.4 7.3 -1
v 1.4 7.4 0.9
v 1.4 7.4 0.8
v 1.4 7.4 0.6
v 1.4 7.4 -0.6
v 1.4 7.4 -0.8
v 1.4 7.4 -0.9
v 1.4 7.5 0.8
v 1.4 7.5 0.6
v 1.4 7.5 0.3
v 1.4 7.5 -0.3
v 1.4 7.5 -0.6
v 1.4 7.5 -0.8
v 1.4 7.6 0.6
v 1.4 7.6 0.3
v 1.4 7.6 -0.3
v 1.4 7.6 -0.6
v 1.4 7.7 0.3
v 1.4 7.7 -0.3
v 1.5 4.8 0.3
v 1.5 4.8 -0.3
v 1.5 4.9 0.6
v 1.5 4.9 0.3
v 1.5 4.9 0.2
v 1.5 4.9 -0.2
v 1.5 4.9 -0.3
v 1.5 4.9 -0.5
v 1.5 4.9 -0.6
v 1.5 5 0.8
v 1.5 5 0.6
v 1.5 5 0.5
v 1.5 5 0.2
v 1.5 5 -0.2
v 1.5 5 -0.5
v 1.5 5 -0.6
v 1.5 5 -0.8
v 1.5 5.1 0.9
v 1.5 5.1 0.8
v 1.5 5.1 0.7
v 1.5 5.1 0.5
v 1.5 5.1 -0.5
v 1.5 5.1 -0.7
v 1.5 5.1 -0.8
v 1.5 5.1 -0.9
v 1.5 5.2 1
v 1.5 5.2 0.9
v 1.5 5.2 0.8
v 1.5 5.2 0.7
v 1.5 5.2 -0.7
v 1.5 5.2 -0.8
v 1.5 5.2 -0.9
v 1.5 5.2 -1
v 1.5 5.3 1.1
v 1.5 5.3 1
v 1.5 5.3 0.9
v 1.5 5.3 0.8
v 1.5 5.3 -0.8
v 1.5 5.3 -0.9
v 1.5 5.3 -1
v 1.5 5.3 -1.1
v 1.5 5.4 1.2
v 1.5 5.4 1.1
v 1.5 5.4 1
v 1.5 5.4 0.9
v 1.5 5.4 -0.9
v 1.5 5.4 -1
v 1.5 5.4 -1.1
v 1.5 5.4 -1.2
v 1.5 5.5 1.1
v 1.5 5.5 1
v 1.5 5.5 -1
v 1.5 5.5 -1.1
v 1.5 5.6 1.3
v 1.5 5.6 1.2
v 1.5 5.6 -1.2
v 1.5 5.6 -1.3
v 1.5 5.7 1.2
v 1.5 5.7 1.1
v 1.5 5.7 -1.1
v 1.5 5.7 -1.2
v 1.5 5.9 1.4
v 1.5 5.9 1.3
v 1.5 5.9 -1.2
v 1.5 5.9 -1.3
v 1.5 5.9 -1.4
v 1.5 6 1.3
v 1.5 6 1.2
v 1.5 6 -1.2
v 1.5 6 -1.3
v 1.5 6.4 1.3
v 1.5 6.4 1.2
v 1.5 6.4 -1.2
v 1.5 6.4 -1.3
v 1.5 6.5 1.4
v 1.5 6.5 1.3
v 1.5 6.5 -1.3
v 1.5 6.5 -1.4
v 1.5 6.7 1.2
v 1.5 6.7 1.1
v 1.5 6.7 -1.1
v 1.5 6.7 -1.2
v 1.5 6.8 1.3
v 1.5 6.8 1.2
v 1.5 6.8 -1.2
v 1.5 6.8 -1.3
v 1.5 6.9 1.1
v 1.5 6.9 1
v 1.5 6.9 -1
v 1.5 6.9 -1.1
v 1.5 7 1.2
v 1.5 7 1.1
v 1.5 7 1
v 1.5 7 0.9
v 1.5 7 -0.9
v 1.5 7 -1
v 1.5 7 -1.1
v 1.5 7 -1.2
v 1.5 7.1 1.1
v 1.5 7.1 1
v 1.5 7.1 0.9
v 1.5 7.1 0.8
v 1.5 7.1 -0.8
v 1.5 7.1 -0.9
v 1.5 7.1 -1
v 1.5 7.1 -1.1
v 1.5 7.2 1
v 1.5 7.2 0.9
v 1.5 7.2 0.8
v 1.5 7.2 0.7
v 1.5 7.2 -0.7
v 1.5 7.2 -0.8
v 1.5 7.2 -0.9
v 1.5 7.2 -1
v 1.5 7.3 0.9
v 1.5 7.3 0.8
v 1.5 7.3 0.7
v 1.5 7.3 0.5
v 1.5 7.3 -0.5
v 1.5 7.3 -0.7
v 1.5 7.3 -0.8
v 1.5 7.3 -0.9
v 1.5 7.4 0.8
v 1.5 7.4 0.6
v 1.5 7.4 0.5
v 1.5 7.4 0.2
v 1.5 7.4 -0.2
v 1.5 7.4 -0.5
v 1.5 7.4 -0.6
v 1.5 7.4 -0.8
v 1.5 7.5 0.6
v 1.5 7.5 0.3
v 1.5 7.5 0.2
v 1.5 7.5 -0.2
v 1.5 7.5 -0.3
v 1.5 7.5 -0.6
v 1.5 7.6 0.3
v 1.5 7.6 -0.3
v 1.6 4.9 0.2
v 1.6 4.9 -0.2
v 1.6 5 0.5
v 1.6 5 0.2
v 1.6 5 -0.0999999
v 1.6 5 -0.2
v 1.6 5 -0.5
v 1.6 5.1 0.7
v 1.6 5.1 0.5
v 1.6 5.1 0.4
v 1.6 5.1 -0.0999999
v 1.6 5.1 -0.4
v 1.6 5.1 -0.5
v 1.6 5.1 -0.7
v 1.6 5.2 0.8
v 1.6 5.2 0.7
v 1.6 5.2 0.6
v 1.6 5.2 0.5
v 1.6 5.2 0.4
v 1.6 5.2 -0.4
v 1.6 5.2 -0.6
v 1.6 5.2 -0.7
v 1.6 5.2 -0.8
v 1.6 5.3 3.1
v 1.6 5.3 3
v 1.6 5.3 0.9
v 1.6 5.3 0.8
v 1.6 5.3 0.7
v 1.6 5.3 0.6
v 1.6 5.3 -0.6
v 1.6 5.3 -0.7
v 1.6 5.3 -0.8
v 1.6 5.3 -0.9
v 1.6 5.4 3.1
v 1.6 5.4 3
v 1.6 5.4 1
v 1.6 5.4 0.9
v 1.6 5.4 0.8
v 1.6 5.4 0.7
v 1.6 5.4 -0.7
v 1.6 5.4 -0.8
v 1.6 5.4 -0.9
v 1.6 5.4 -1
v 1.6 5.5 1.1
v 1.6 5.5 1
v 1.6 5.5 0.9
v 1.6 5.5 0.8
v 1.6 5.5 -0.8
v 1.6 5.5 -0.9
v 1.6 5.5 -1
v 1.6 5.5 -1.1
v 1.6 5.6 1
v 1.6 5.6 0.9
v 1.6 5.6 -0.9
v 1.6 5.6 -1
v 1.6 5.7 1.2
v 1.6 5.7 1.1
v 1.6 5.7 -1.1
v 1.6 5.7 -1.2
v 1.6 5.8 1.1
v 1.6 5.8 1
v 1.6 5.8 -1
v 1.6 5.8 -1.1
v 1.6 6 1.3
v 1.6 6 1.2
v 1.6 6 -1.2
v 1.6 6 -1.3
v 1.6 6.4 1.3
v 1.6 6.4 1.2
v 1.6 6.4 -1.2
v 1.6 6.4 -1.3
v 1.6 6.6 1.1
v 1.6 6.6 1
v 1.6 6.6 -1
v 1.6 6.6 -1.1
v 1.6 6.7 1.2
v 1.6 6.7 1.1
v 1.6 6.7 -1.1
v 1.6 6.7 -1.2
v 1.6 6.8 1
v 1.6 6.8 0.9
v 1.6 6.8 -0.9
v 1.6 6.8 -1
v 1.6 6.9 1.1
v 1.6 6.9 1
v 1.6 6.9 0.9
v 1.6 6.9 0.8
v 1.6 6.9 -0.8
v 1.6 6.9 -0.9
v 1.6 6.9 -1
v 1.6 6.9 -1.1
v 1.6 6.9 -2.9
v 1.6 6.9 -3
v 1.6 7 1
v 1.6 7 0.9
v 1.6 7 0.8
v 1.6 7 0.7
v 1.6 7 -0.7
v 1.6 7 -0.8
v 1.6 7 -0.9
v 1.6 7 -1
v 1.6 7 -2.9
v 1.6 7 -3
v 1.6 7.1 0.9
v 1.6 7.1 0.8
v 1.6 7.1 0.7
v 1.6 7.1 0.6
v 1.6 7.1 -0.6
v 1.6 7.1 -0.7
v 1.6 7.1 -0.8
v 1.6 7.1 -0.9
v 1.6 7.2 0.8
v 1.6 7.2 0.7
v 1.6 7.2 0.6
v 1.6 7.2 0.4
v 1.6 7.2 -0.4
v 1.6 7.2 -0.6
v 1.6 7.2 -0.7
v 1.6 7.2 -0.8
v 1.6 7.3 0.7
v 1.6 7.3 0.5
v 1.6 7.3 0.4
v 1.6 7.3 0.0999999
v 1.6 7.3 -0.3
v 1.6 7.3 -0.4
v 1.6 7.3 -0.5
v 1.6 7.3 -0.7
v 1.6 7.4 0.5
v 1.6 7.4 0.2
v 1.6 7.4 -0.2
v 1.6 7.4 -0.5
v 1.6 7.5 0.2
v 1.6 7.5 -0.2
v 1.7 5.1 0.4
v 1.7 5.1 -0.4
v 1.7 5.2 0.6
v 1.7 5.2 0.4
v 1.7 5.2 0.2
v 1.7 5.2 -0.2
v 1.7 5.2 -0.4
v 1.7 5.2 -0.6
v 1.7 5.3 0.7
v 1.7 5.3 0.6
v 1.7 5.3 0.5
v 1.7 5.3 0.2
v 1.7 5.3 -0.2
v 1.7 5.3 -0.5
v 1.7 5.3 -0.6
v 1.7 5.3 -0.7
v 1.7 5.4 0.8
v 1.7 5.4 0.7
v 1.7 5.4 0.6
v 1.7 5.4 0.5
v 1.7 5.4 -0.5
v 1.7 5.4 -0.6
v 1.7 5.4 -0.7
v 1.7 5.4 -0.8
v 1.7 5.5 0.9
v 1.7 5.5 0.8
v 1.7 5.5 0.7
v 1.7 5.5 0.6
v 1.7 5.5 -0.6
v 1.7 5.5 -0.7
v 1.7 5.5 -0.8
v 1.7 5.5 -0.9
v 1.7 5.6 1
v 1.7 5.6 0.9
v 1.7 5.6 0.8
v 1.7 5.6 0.7
v 1.7 5.6 -0.7
v 1.7 5.6 -0.8
v 1.7 5.6 -0.9
v 1.7 5.6 -1
v 1.7 5.7 0.9
v 1.7 5.7 0.8
v 1.7 5.7 -0.8
v 1.7 5.7 -0.9
v 1.7 5.8 1.1
v 1.7 5.8 1
v 1.7 5.8 -1
v 1.7 5.8 -1.1
v 1.7 6 1
v 1.7 6 0.9
v 1.7 6 -0.9
v 1.7 6 -1
v 1.7 6.4 1
v 1.7 6.4 0.9
v 1.7 6.4 -0.9
v 1.7 6.4 -1
v 1.7 6.6 1.1
v 1.7 6.6 1
v 1.7 6.6 -1
v 1.7 6.6 -1.1
v 1.7 6.7 0.9
v 1.7 6.7 0.8
v 1.7 6.7 -0.8
v 1.7 6.7 -0.9
v 1.7 6.8 1
v 1.7 6.8 0.9
v 1.7 6.8 0.8
v 1.7 6.8 0.7
v 1.7 6.8 -0.7
v 1.7 6.8 -0.8
v 1.7 6.8 -0.9
v 1.7 6.8 -1
v 1.7 6.9 0.9
v 1.7 6.9 0.8
v 1.7 6.9 0.7
v 1.7 6.9 0.6
v 1.7 6.9 -0.6
v 1.7 6.9 -0.7
v 1.7 6.9 -0.8
v 1.7 6.9 -0.9
v 1.7 7 0.8
v 1.7 7 0.7
v 1.7 7 0.6
v 1.7 7 0.5
v 1.7 7 -0.5
v 1.7 7 -0.6
v 1.7 7 -0.7
v 1.7 7 -0.8
v 1.7 7.1 0.7
v 1.7 7.1 0.6
v 1.7 7.1 0.5
v 1.7 7.1 0.4
v 1.7 7.1 0.2
v 1.7 7.1 -0.2
v 1.7 7.1 -0.4
v 1.7 7.1 -0.5
v 1.7 7.1 -0.6
v 1.7 7.1 -0.7
v 1.7 7.2 0.6
v 1.7 7.2 0.4
v 1.7 7.2 0.2
v 1.7 7.2 0.0999999
v 1.7 7.2 -0.2
v 1.7 7.2 -0.3
v 1.7 7.2 -0.4
v 1.7 7.2 -0.6
v 1.7 7.3 0.4
v 1.7 7.3 0.0999999
v 1.7 7.3 -0.3
v 1.7 7.3 -0.4
v 1.8 5.2 0.2
v 1.8 5.2 -0.2
v 1.8 5.3 0.5
v 1.8 5.3 0.2
v 1.8 5.3 -0.2
v 1.8 5.3 -0.5
v 1.8 5.4 0.6
v 1.8 5.4 0.5
v 1.8 5.4 0.0999999
v 1.8 5.4 -0.0999999
v 1.8 5.4 -0.5
v 1.8 5.4 -0.6
v 1.8 5.5 0.7
v 1.8 5.5 0.6
v 1.8 5.5 0.4
v 1.8 5.5 0.0999999
v 1.8 5.5 -0.0999999
v 1.8 5.5 -0.4
v 1.8 5.5 -0.6
v 1.8 5.5 -0.7
v 1.8 5.6 0.8
v 1.8 5.6 0.7
v 1.8 5.6 0.5
v 1.8 5.6 0.4
v 1.8 5.6 -0.4
v 1.8 5.6 -0.5
v 1.8 5.6 -0.7
v 1.8 5.6 -0.8
v 1.8 5.7 0.9
v 1.8 5.7 0.8
v 1.8 5.7 0.6
v 1.8 5.7 0.5
v 1.8 5.7 -0.5
v 1.8 5.7 -0.6
v 1.8 5.7 -0.8
v 1.8 5.7 -0.9
v 1.8 5.8 0.7
v 1.8 5.8 0.6
v 1.8 5.8 -0.6
v 1.8 5.8 -0.7
v 1.8 6 1
v 1.8 6 0.9
v 1.8 6 -0.9
v 1.8 6 -1
v 1.8 6.1 0.8
v 1.8 6.1 0.7
v 1.8 6.1 -0.7
v 1.8 6.1 -0.8
v 1.8 6.3 0.8
v 1.8 6.3 0.7
v 1.8 6.3 -0.7
v 1.8 6.3 -0.8
v 1.8 6.4 1
v 1.8 6.4 0.9
v 1.8 6.4 -0.9
v 1.8 6.4 -1
v 1.8 6.6 0.7
v 1.8 6.6 0.6
v 1.8 6.6 -0.6
v 1.8 6.6 -0.7
v 1.8 6.7 0.9
v 1.8 6.7 0.8
v 1.8 6.7 0.6
v 1.8 6.7 0.5
v 1.8 6.7 -0.5
v 1.8 6.7 -0.6
v 1.8 6.7 -0.8
v 1.8 6.7 -0.9
v 1.8 6.8 0.8
v 1.8 6.8 0.7
v 1.8 6.8 0.5
v 1.8 6.8 0.4
v 1.8 6.8 -0.4
v 1.8 6.8 -0.5
v 1.8 6.8 -0.6
v 1.8 6.8 -0.7
v 1.8 6.8 -0.8
v 1.8 6.9 0.7
v 1.8 6.9 0.6
v 1.8 6.9 0.5
v 1.8 6.9 0.4
v 1.8 6.9 0.0999999
v 1.8 6.9 -0.0999999
v 1.8 6.9 -0.4
v 1.8 6.9 -0.6
v 1.8 6.9 -0.7
v 1.8 7 0.6
v 1.8 7 0.5
v 1.8 7 0.0999999
v 1.8 7 -0.0999999
v 1.8 7 -0.5
v 1.8 7 -0.6
v 1.8 7.1 0.5
v 1.8 7.1 0.4
v 1.8 7.1 0.2
v 1.8 7.1 -0.2
v 1.8 7.1 -0.5
v 1.8 7.2 0.2
v 1.8 7.2 -0.2
v 1.9 5.3 3
v 1.9 5.3 2.9
v 1.9 5.4 3
v 1.9 5.4 2.9
v 1.9 5.4 0.0999999
v 1.9 5.4 -0.0999999
v 1.9 5.5 0.4
v 1.9 5.5 0.0999999
v 1.9 5.5 -0.0999999
v 1.9 5.5 -0.4
v 1.9 5.6 0.5
v 1.9 5.6 0.4
v 1.9 5.6 -0.4
v 1.9 5.6 -0.5
v 1.9 5.7 0.6
v 1.9 5.7 0.5
v 1.9 5.7 -0.5
v 1.9 5.7 -0.6
v 1.9 5.8 0.7
v 1.9 5.8 0.6
v 1.9 5.8 0.3
v 1.9 5.8 -0.3
v 1.9 5.8 -0.6
v 1.9 5.8 -0.7
v 1.9 5.9 0.4
v 1.9 5.9 0.3
v 1.9 5.9 -0.3
v 1.9 5.9 -0.4
v 1.9 6.1 0.8
v 1.9 6.1 0.7
v 1.9 6.1 -0.7
v 1.9 6.1 -0.8
v 1.9 6.3 0.8
v 1.9 6.3 0.7
v 1.9 6.3 -0.7
v 1.9 6.3 -0.8
v 1.9 6.4 -0.4
v 1.9 6.4 -0.5
v 1.9 6.5 0.4
v 1.9 6.5 0.3
v 1.9 6.5 -0.3
v 1.9 6.5 -0.4
v 1.9 6.5 -0.5
v 1.9 6.5 -0.6
v 1.9 6.6 0.7
v 1.9 6.6 0.6
v 1.9 6.6 0.5
v 1.9 6.6 0.4
v 1.9 6.6 0.3
v 1.9 6.6 -0.3
v 1.9 6.6 -0.6
v 1.9 6.6 -0.7
v 1.9 6.7 0.6
v 1.9 6.7 0.5
v 1.9 6.7 -0.5
v 1.9 6.7 -0.6
v 1.9 6.8 0.5
v 1.9 6.8 0.4
v 1.9 6.8 -0.4
v 1.9 6.8 -0.5
v 1.9 6.9 0.4
v 1.9 6.9 0.0999999
v 1.9 6.9 -0.0999999
v 1.9 6.9 -0.4
v 1.9 6.9 -2.8
v 1.9 6.9 -2.9
v 1.9 7 0.0999999
v 1.9 7 -0.0999999
v 1.9 7 -2.8
v 1.9 7 -2.9
v 2 5.4 2.9
v 2 5.4 2.8
v 2 5.5 2.9
v 2 5.5 2.8
v 2 5.8 0.3
v 2 5.8 -0.3
v 2 5.9 0.4
v 2 5.9 0.3
v 2 5.9 -0.3
v 2 5.9 -0.4
v 2 6.3 0.0999999
v 2 6.3 -0.3
v 2 6.4 0.3
v 2 6.4 0.0999999
v 2 6.4 -0.3
v 2 6.4 -0.4
v 2 6.5 0.4
v 2 6.5 0.3
v 2 6.5 -0.3
v 2 6.5 -0.4
v 2 6.6 0.3
v 2 6.6 -0.3
v 2 6.8 -2.7
v 2 6.8 -2.8
v 2 6.9 -2.7
v 2 6.9 -2.8
v 2.1 5.4 2.8
v 2.1 5.4 2.7
v 2.1 5.5 2.8
v 2.1 5.5 2.7
v 2.1 6.8 -2.6
v 2.1 6.8 -2.7
v 2.1 6.9 -2.6
v 2.1 6.9 -2.7
v 2.2 5.4 2.7
v 2.2 5.4 2.5
v 2.2 5.5 2.7
v 2.2 5.5 2.5
v 2.2 6.8 -2.4
v 2.2 6.8 -2.6
v 2.2 6.9 -2.4
v 2.2 6.9 -2.6
v 2.3 5.4 2.5
v 2.3 5.4 2.4
v 2.3 5.5 2.5
v 2.3 5.5 2.4
v 2.3 6.8 -2.3
v 2.3 6.8 -2.4
v 2.3 6.9 -2.3
v 2.3 6.9 -2.4
v 2.4 5.5 2.4
v 2.4 5.5 2.3
v 2.4 5.6 2.4
v 2.4 5.6 2.3
v 2.4 6.7 -2.2
v 2.4 6.7 -2.3
v 2.4 6.8 -2.2
v 2.4 6.8 -2.3
v 2.5 5.5 2.3
v 2.5 5.5 2.2
v 2.5 5.6 2.3
v 2.5 5.6 2.2
v 2.5 6.7 -2.1
v 2.5 6.7 -2.2
v 2.5 6.8 -2.1
v 2.5 6.8 -2.2
v 2.6 5.5 2.2
v 2.6 5.5 2.1
v 2.6 5.6 2.2
v 2.6 5.6 2.1
v 2.6 6.7 -2
v 2.6 6.7 -2.1
v 2.6 6.8 -2
v 2.6 6.8 -2.1
v 2.7 5.6 2.1
v 2.7 5.6 1.9
v 2.7 5.7 2.1
v 2.7 5.7 1.9
v 2.7 6.6 -1.8
v 2.7 6.6 -2
v 2.7 6.7 -1.8
v 2.7 6.7 -2
v 2.9 5.6 1.9
v 2.9 5.6 1.8
v 2.9 5.7 1.9
v 2.9 5.7 1.8
v 2.9 5.7 1.7
v 2.9 5.8 1.8
v 2.9 5.8 1.7
v 2.9 6.5 -1.6
v 2.9 6.5 -1.7
v 2.9 6.6 -1.6
v 2.9 6.6 -1.7
v 2.9 6.6 -1.8
v 2.9 6.7 -1.7
v 2.9 6.7 -1.8
v 3 5.7 1.7
v 3 5.7 1.5
v 3 5.8 1.7
v 3 5.8 1.5
v 3 6.5 -1.4
v 3 6.5 -1.6
v 3 6.6 -1.4
v 3 6.6 -1.6
v 3.1 5.7 1.5
v 3.1 5.7 1.3
v 3.1 5.8 1.5
v 3.1 5.8 1.3
v 3.1 5.8 1.2
v 3.1 5.9 1.3
v 3.1 5.9 1.2
v 3.1 6.4 -1.1
v 3.1 6.4 -1.2
v 3.1 6.5 -1.1
v 3.1 6.5 -1.2
v 3.1 6.5 -1.4
v 3.1 6.6 -1.2
v 3.1 6.6 -1.4
v 3.2 5.8 1.2
v 3.2 5.8 1.1
v 3.2 5.9 1.2
v 3.2 5.9 1.1
v 3.2 5.9 0.8
v 3.2 6 1.1
v 3.2 6 0.8
v 3.2 6.3 -0.7
v 3.2 6.3 -1
v 3.2 6.4 -0.7
v 3.2 6.4 -1
v 3.2 6.4 -1.1
v 3.2 6.5 -1
v 3.2 6.5 -1.1
v 3.3 5.9 0.8
v 3.3 5.9 0.4
v 3.3 6 0.8
v 3.3 6 0.5
v 3.3 6.1 0.5
v 3.3 6.1 0.4
v 3.3 6.1 -0.3
v 3.3 6.2 0.4
v 3.3 6.2 -0.3
v 3.3 6.2 -0.4
v 3.3 6.3 -0.4
v 3.3 6.3 -0.7
v 3.3 6.4 -0.3
v 3.3 6.4 -0.7
v -0.8 5.2 3.6
v -0.8 5.3 3.6
v 0.5 5.2 3.6
v 0.5 5.3 3.6
v -1.3 5.2 3.5
v -1.3 5.3 3.5
v -0.8 5.2 3.5
v -0.8 5.3 3.5
v 0.5 5.2 3.5
v 0.5 5.3 3.5
v 1 5.2 3.5
v 1 5.3 3.5
v -1.5 5.2 3.4
v -1.5 5.3 3.4
v -1.3 5.2 3.4
v -1.3 5.3 3.4
v 1 5.2 3.4
v 1 5.3 3.4
v 1.2 5.2 3.4
v 1.2 5.3 3.4
v -1.7 5.2 3.2
v -1.7 5.4 3.2
v -1.5 5.2 3.2
v -1.5 5.3 3.2
v -1.5 5.4 3.2
v -1.3 5.3 3.2
v 1 5.3 3.2
v 1.2 5.2 3.2
v 1.2 5.3 3.2
v 1.2 5.4 3.2
v 1.4 5.2 3.2
v 1.4 5.4 3.2
v -1.9 5.3 3.1
v -1.9 5.4 3.1
v -1.7 5.3 3.1
v -1.7 5.4 3.1
v 1.4 5.3 3.1
v 1.4 5.4 3.1
v 1.6 5.3 3.1
v 1.6 5.4 3.1
v -2.2 5.3 3
v -2.2 5.4 3
v -1.9 5.3 3
v -1.9 5.4 3
v 1.6 5.3 3
v 1.6 5.4 3
v 1.9 5.3 3
v 1.9 5.4 3
v -2.3 5.4 2.9
v -2.3 5.5 2.9
v -2.2 5.4 2.9
v -2.2 5.5 2.9
v -1.9 5.4 2.9
v -1.4 5.4 2.9
v -1.4 5.5 2.9
v -1 5.4 2.9
v -0.6 5.4 2.9
v -0.6 5.5 2.9
v 0.5 5.4 2.9
v 0.5 5.5 2.9
v 0.9 5.4 2.9
v 1.2 5.4 2.9
v 1.2 5.5 2.9
v 1.6 5.4 2.9
v 1.9 5.4 2.9
v 1.9 5.5 2.9
v 2 5.4 2.9
v 2 5.5 2.9
v -2.4 5.4 2.8
v -2.4 5.5 2.8
v -2.3 5.4 2.8
v -2.3 5.5 2.8
v 2 5.4 2.8
v 2 5.5 2.8
v 2.1 5.4 2.8
v 2.1 5.5 2.8
v -2.5 5.4 2.7
v -2.5 5.5 2.7
v -2.4 5.4 2.7
v -2.4 5.5 2.7
v 2.1 5.4 2.7
v 2.1 5.5 2.7
v 2.2 5.4 2.7
v 2.2 5.5 2.7
v -2.6 5.4 2.5
v -2.6 5.5 2.5
v -2.5 5.4 2.5
v -2.5 5.5 2.5
v 2.2 5.4 2.5
v 2.2 5.5 2.5
v 2.3 5.4 2.5
v 2.3 5.5 2.5
v -2.7 5.5 2.4
v -2.7 5.6 2.4
v -2.6 5.5 2.4
v -2.6 5.6 2.4
v -2.5 5.5 2.4
v -2 5.5 2.4
v -2 5.6 2.4
v -1.9 5.5 2.4
v -1.7 5.5 2.4
v -1.7 5.6 2.4
v -1.6 5.5 2.4
v -1 5.5 2.4
v -1 5.6 2.4
v 1.1 5.5 2.4
v 1.1 5.6 2.4
v 1.4 5.5 2.4
v 1.5 5.5 2.4
v 1.5 5.6 2.4
v 1.7 5.5 2.4
v 1.9 5.5 2.4
v 1.9 5.6 2.4
v 2.2 5.5 2.4
v 2.3 5.5 2.4
v 2.3 5.6 2.4
v 2.4 5.5 2.4
v 2.4 5.6 2.4
v -2.8 5.5 2.3
v -2.8 5.6 2.3
v -2.7 5.5 2.3
v -2.7 5.6 2.3
v 2.4 5.5 2.3
v 2.4 5.6 2.3
v 2.5 5.5 2.3
v 2.5 5.6 2.3
v -2.9 5.5 2.2
v -2.9 5.6 2.2
v -2.8 5.5 2.2
v -2.8 5.6 2.2
v 2.5 5.5 2.2
v 2.5 5.6 2.2
v 2.6 5.5 2.2
v 2.6 5.6 2.2
v -3 5.6 2.1
v -3 5.7 2.1
v -2.9 5.6 2.1
v -2.9 5.7 2.1
v -2.8 5.6 2.1
v -2.5 5.6 2.1
v -2.5 5.7 2.1
v -2.3 5.6 2.1
v -2.3 5.7 2.1
v -2 5.6 2.1
v -1.7 5.6 2.1
v -1.7 5.7 2.1
v 1.7 5.6 2.1
v 1.7 5.7 2.1
v 1.9 5.6 2.1
v 2.1 5.6 2.1
v 2.1 5.7 2.1
v 2.3 5.6 2.1
v 2.3 5.7 2.1
v 2.5 5.6 2.1
v 2.6 5.6 2.1
v 2.6 5.7 2.1
v 2.7 5.6 2.1
v 2.7 5.7 2.1
v -0.4 5.9 2
v -0.4 6.5 2
v -0.3 5.8 2
v -0.3 5.9 2
v -0.3 6.3 2
v -0.3 6.5 2
v -0.3 6.6 2
v -0.2 5.8 2
v -0.2 5.9 2
v -0.2 6.3 2
v -0.2 6.4 2
v 0.2 5.8 2
v 0.2 5.9 2
v 0.2 6.3 2
v 0.2 6.4 2
v 0.3 5.8 2
v 0.3 5.9 2
v 0.3 6.3 2
v 0.3 6.5 2
v 0.3 6.6 2
v 0.4 5.9 2
v 0.4 6.5 2
v -3.2 5.6 1.9
v -3.2 5.7 1.9
v -3 5.6 1.9
v -3 5.7 1.9
v -0.8 6.1 1.9
v -0.8 6.3 1.9
v -0.7 5.8 1.9
v -0.7 6.1 1.9
v -0.7 6.3 1.9
v -0.7 6.6 1.9
v -0.6 5.7 1.9
v -0.6 5.8 1.9
v -0.6 6.6 1.9
v -0.6 6.7 1.9
v -0.5 5.6 1.9
v -0.5 5.7 1.9
v -0.5 6.7 1.9
v -0.5 6.8 1.9
v -0.4 5.5 1.9
v -0.4 5.6 1.9
v -0.4 5.9 1.9
v -0.4 6.5 1.9
v -0.4 6.8 1.9
v -0.4 6.9 1.9
v -0.3 5.8 1.9
v -0.3 5.9 1.9
v -0.3 6.5 1.9
v -0.3 6.6 1.9
v -0.2 5.8 1.9
v -0.0999999 5.4 1.9
v -0.0999999 5.5 1.9
v -0.0999999 6.9 1.9
v -0.0999999 7 1.9
v 0.0999999 5.4 1.9
v 0.0999999 5.5 1.9
v 0.0999999 6.9 1.9
v 0.0999999 7 1.9
v 0.2 5.8 1.9
v 0.3 5.8 1.9
v 0.3 5.9 1.9
v 0.3 6.5 1.9
v 0.3 6.6 1.9
v 0.4 5.5 1.9
v 0.4 5.6 1.9
v 0.4 5.9 1.9
v 0.4 6.5 1.9
v 0.4 6.8 1.9
v 0.4 6.9 1.9
v 0.5 5.6 1.9
v 0.5 5.7 1.9
v 0.5 6.7 1.9
v 0.5 6.8 1.9
v 0.6 5.7 1.9
v 0.6 5.8 1.9
v 0.6 6.6 1.9
v 0.6 6.7 1.9
v 0.7 5.8 1.9
v 0.7 6.1 1.9
v 0.7 6.3 1.9
v 0.7 6.6 1.9
v 0.8 6.1 1.9
v 0.8 6.3 1.9
v 2.7 5.6 1.9
v 2.7 5.7 1.9
v 2.9 5.6 1.9
v 2.9 5.7 1.9
v -3.2 5.7 1.8
v -3.2 5.8 1.8
v -3 5.7 1.8
v -3 5.8 1.8
v -2.7 5.7 1.8
v -2.7 5.8 1.8
v -2.6 5.7 1.8
v -2.5 5.7 1.8
v -2.5 5.8 1.8
v -2.4 5.7 1.8
v -2 5.7 1.8
v -2 5.8 1.8
v -1 6 1.8
v -1 6.4 1.8
v -0.9 5.7 1.8
v -0.9 6 1.8
v -0.9 6.4 1.8
v -0.9 6.7 1.8
v -0.8 5.6 1.8
v -0.8 5.7 1.8
v -0.8 6.1 1.8
v -0.8 6.3 1.8
v -0.8 6.7 1.8
v -0.8 6.8 1.8
v -0.7 5.5 1.8
v -0.7 5.6 1.8
v -0.7 5.8 1.8
v -0.7 6.1 1.8
v -0.7 6.3 1.8
v -0.7 6.6 1.8
v -0.7 6.8 1.8
v -0.7 6.9 1.8
v -0.6 5.4 1.8
v -0.6 5.5 1.8
v -0.6 5.7 1.8
v -0.6 5.8 1.8
v -0.6 6.6 1.8
v -0.6 6.7 1.8
v -0.6 6.9 1.8
v -0.6 7 1.8
v -0.5 5.3 1.8
v -0.5 5.4 1.8
v -0.5 5.6 1.8
v -0.5 5.7 1.8
v -0.5 6.7 1.8
v -0.5 6.8 1.8
v -0.5 7 1.8
v -0.5 7.1 1.8
v -0.4 5.5 1.8
v -0.4 5.6 1.8
v -0.4 6.8 1.8
v -0.4 6.9 1.8
v -0.2 5.2 1.8
v -0.2 5.3 1.8
v -0.2 7.1 1.8
v -0.2 7.2 1.8
v -0.0999999 5.4 1.8
v -0.0999999 5.5 1.8
v -0.0999999 6.9 1.8
v -0.0999999 7 1.8
v 0.0999999 5.4 1.8
v 0.0999999 5.5 1.8
v 0.0999999 6.9 1.8
v 0.0999999 7 1.8
v 0.2 5.2 1.8
v 0.2 5.3 1.8
v 0.2 7.1 1.8
v 0.2 7.2 1.8
v 0.4 5.5 1.8
v 0.4 5.6 1.8
v 0.4 6.8 1.8
v 0.4 6.9 1.8
v 0.4 7 1.8
v 0.4 7.1 1.8
v 0.5 5.3 1.8
v 0.5 5.4 1.8
v 0.5 5.6 1.8
v 0.5 5.7 1.8
v 0.5 6.7 1.8
v 0.5 6.8 1.8
v 0.5 6.9 1.8
v 0.5 7 1.8
v 0.5 7.1 1.8
v 0.6 5.4 1.8
v 0.6 5.5 1.8
v 0.6 5.7 1.8
v 0.6 5.8 1.8
v 0.6 6.6 1.8
v 0.6 6.7 1.8
v 0.6 6.9 1.8
v 0.6 7 1.8
v 0.7 5.5 1.8
v 0.7 5.6 1.8
v 0.7 5.8 1.8
v 0.7 6.1 1.8
v 0.7 6.3 1.8
v 0.7 6.6 1.8
v 0.7 6.8 1.8
v 0.7 6.9 1.8
v 0.8 5.6 1.8
v 0.8 5.7 1.8
v 0.8 6.1 1.8
v 0.8 6.3 1.8
v 0.8 6.7 1.8
v 0.8 6.8 1.8
v 0.9 5.7 1.8
v 0.9 6 1.8
v 0.9 6.4 1.8
v 0.9 6.7 1.8
v 1 6 1.8
v 1 6.4 1.8
v 2 5.7 1.8
v 2 5.8 1.8
v 2.2 5.7 1.8
v 2.2 5.8 1.8
v 2.4 5.7 1.8
v 2.5 5.7 1.8
v 2.5 5.8 1.8
v 2.7 5.7 1.8
v 2.7 5.8 1.8
v 2.9 5.7 1.8
v 2.9 5.8 1.8
v -3.3 5.7 1.7
v -3.3 5.8 1.7
v -3.2 5.7 1.7
v -3.2 5.8 1.7
v -1.1 5.8 1.7
v -1.1 6.6 1.7
v -1 5.6 1.7
v -1 5.8 1.7
v -1 6 1.7
v -1 6.4 1.7
v -1 6.6 1.7
v -1 6.8 1.7
v -0.9 5.5 1.7
v -0.9 5.6 1.7
v -0.9 5.7 1.7
v -0.9 6 1.7
v -0.9 6.4 1.7
v -0.9 6.7 1.7
v -0.9 6.8 1.7
v -0.9 6.9 1.7
v -0.8 5.4 1.7
v -0.8 5.5 1.7
v -0.8 5.6 1.7
v -0.8 5.7 1.7
v -0.8 6.7 1.7
v -0.8 6.8 1.7
v -0.8 6.9 1.7
v -0.8 7 1.7
v -0.7 5.3 1.7
v -0.7 5.4 1.7
v -0.7 5.5 1.7
v -0.7 5.6 1.7
v -0.7 6.8 1.7
v -0.7 6.9 1.7
v -0.7 7 1.7
v -0.7 7.1 1.7
v -0.6 5.2 1.7
v -0.6 5.3 1.7
v -0.6 5.4 1.7
v -0.6 5.5 1.7
v -0.6 6.9 1.7
v -0.6 7 1.7
v -0.6 7.1 1.7
v -0.6 7.2 1.7
v -0.5 5.3 1.7
v -0.5 5.4 1.7
v -0.5 7 1.7
v -0.5 7.1 1.7
v -0.4 5.1 1.7
v -0.4 5.2 1.7
v -0.4 7.2 1.7
v -0.4 7.3 1.7
v -0.2 5.2 1.7
v -0.2 5.3 1.7
v -0.2 7.1 1.7
v -0.2 7.2 1.7
v 0.2 5.2 1.7
v 0.2 5.3 1.7
v 0.2 7.1 1.7
v 0.2 7.2 1.7
v 0.2 7.3 1.7
v 0.4 5.1 1.7
v 0.4 5.2 1.7
v 0.4 7.1 1.7
v 0.4 7.2 1.7
v 0.4 7.3 1.7
v 0.5 5.3 1.7
v 0.5 5.4 1.7
v 0.5 7 1.7
v 0.5 7.1 1.7
v 0.6 5.2 1.7
v 0.6 5.3 1.7
v 0.6 5.4 1.7
v 0.6 5.5 1.7
v 0.6 6.9 1.7
v 0.6 7 1.7
v 0.6 7.1 1.7
v 0.6 7.2 1.7
v 0.7 5.3 1.7
v 0.7 5.4 1.7
v 0.7 5.5 1.7
v 0.7 5.6 1.7
v 0.7 6.8 1.7
v 0.7 6.9 1.7
v 0.7 7 1.7
v 0.7 7.1 1.7
v 0.8 5.4 1.7
v 0.8 5.5 1.7
v 0.8 5.6 1.7
v 0.8 5.7 1.7
v 0.8 6.7 1.7
v 0.8 6.8 1.7
v 0.8 6.9 1.7
v 0.8 7 1.7
v 0.9 5.5 1.7
v 0.9 5.6 1.7
v 0.9 5.7 1.7
v 0.9 6 1.7
v 0.9 6.4 1.7
v 0.9 6.7 1.7
v 0.9 6.8 1.7
v 0.9 6.9 1.7
v 1 5.6 1.7
v 1 5.8 1.7
v 1 6 1.7
v 1 6.4 1.7
v 1 6.6 1.7
v 1 6.8 1.7
v 1.1 5.8 1.7
v 1.1 6.6 1.7
v 2.9 5.7 1.7
v 2.9 5.8 1.7
v 3 5.7 1.7
v 3 5.8 1.7
v -1.3 6 1.6
v -1.3 6.4 1.6
v -1.2 5.7 1.6
v -1.2 6 1.6
v -1.2 6.4 1.6
v -1.2 6.7 1.6
v -1.1 5.5 1.6
v -1.1 5.7 1.6
v -1.1 5.8 1.6
v -1.1 6.6 1.6
v -1.1 6.7 1.6
v -1.1 6.9 1.6
v -1 5.4 1.6
v -1 5.5 1.6
v -1 5.6 1.6
v -1 5.8 1.6
v -1 6.6 1.6
v -1 6.8 1.6
v -1 6.9 1.6
v -1 7 1.6
v -0.9 5.3 1.6
v -0.9 5.4 1.6
v -0.9 5.5 1.6
v -0.9 5.6 1.6
v -0.9 6.8 1.6
v -0.9 6.9 1.6
v -0.9 7 1.6
v -0.9 7.1 1.6
v -0.8 5.2 1.6
v -0.8 5.3 1.6
v -0.8 5.4 1.6
v -0.8 5.5 1.6
v -0.8 6.9 1.6
v -0.8 7 1.6
v -0.8 7.1 1.6
v -0.8 7.2 1.6
v -0.7 5.1 1.6
v -0.7 5.2 1.6
v -0.7 5.3 1.6
v -0.7 5.4 1.6
v -0.7 7 1.6
v -0.7 7.1 1.6
v -0.7 7.2 1.6
v -0.7 7.3 1.6
v -0.6 5.2 1.6
v -0.6 5.3 1.6
v -0.6 7.1 1.6
v -0.6 7.2 1.6
v -0.5 5 1.6
v -0.5 5.1 1.6
v -0.5 7.3 1.6
v -0.5 7.4 1.6
v -0.4 5.1 1.6
v -0.4 5.2 1.6
v -0.4 7.2 1.6
v -0.4 7.3 1.6
v -0.2 4.9 1.6
v -0.2 5 1.6
v -0.2 7.4 1.6
v -0.2 7.5 1.6
v -0.0999999 7.4 1.6
v -0.0999999 7.5 1.6
v 0.2 4.9 1.6
v 0.2 5 1.6
v 0.2 7.3 1.6
v 0.2 7.4 1.6
v 0.2 7.5 1.6
v 0.4 5.1 1.6
v 0.4 5.2 1.6
v 0.4 7.2 1.6
v 0.4 7.3 1.6
v 0.5 5 1.6
v 0.5 5.1 1.6
v 0.5 7.3 1.6
v 0.5 7.4 1.6
v 0.6 5.2 1.6
v 0.6 5.3 1.6
v 0.6 7.1 1.6
v 0.6 7.2 1.6
v 0.7 5.1 1.6
v 0.7 5.2 1.6
v 0.7 5.3 1.6
v 0.7 5.4 1.6
v 0.7 7 1.6
v 0.7 7.1 1.6
v 0.7 7.2 1.6
v 0.7 7.3 1.6
v 0.8 5.2 1.6
v 0.8 5.3 1.6
v 0.8 5.4 1.6
v 0.8 5.5 1.6
v 0.8 6.9 1.6
v 0.8 7 1.6
v 0.8 7.1 1.6
v 0.8 7.2 1.6
v 0.9 5.3 1.6
v 0.9 5.4 1.6
v 0.9 5.5 1.6
v 0.9 5.6 1.6
v 0.9 6.8 1.6
v 0.9 6.9 1.6
v 0.9 7 1.6
v 0.9 7.1 1.6
v 1 5.4 1.6
v 1 5.5 1.6
v 1 5.6 1.6
v 1 5.8 1.6
v 1 6.6 1.6
v 1 6.8 1.6
v 1 6.9 1.6
v 1 7 1.6
v 1.1 5.5 1.6
v 1.1 5.7 1.6
v 1.1 5.8 1.6
v 1.1 6.6 1.6
v 1.1 6.7 1.6
v 1.1 6.8 1.6
v 1.1 6.9 1.6
v 1.2 5.7 1.6
v 1.2 6 1.6
v 1.2 6.4 1.6
v 1.2 6.7 1.6
v 1.3 6 1.6
v 1.3 6.4 1.6
v -3.4 5.7 1.5
v -3.4 5.8 1.5
v -3.3 5.7 1.5
v -3.3 5.8 1.5
v -1.4 5.9 1.5
v -1.4 6.2 1.5
v -1.4 6.5 1.5
v -1.3 5.6 1.5
v -1.3 5.9 1.5
v -1.3 6 1.5
v -1.3 6.2 1.5
v -1.3 6.4 1.5
v -1.3 6.5 1.5
v -1.3 6.8 1.5
v -1.2 5.4 1.5
v -1.2 5.6 1.5
v -1.2 5.7 1.5
v -1.2 6 1.5
v -1.2 6.4 1.5
v -1.2 6.7 1.5
v -1.2 6.8 1.5
v -1.2 7 1.5
v -1.1 5.3 1.5
v -1.1 5.4 1.5
v -1.1 5.5 1.5
v -1.1 5.7 1.5
v -1.1 6.7 1.5
v -1.1 6.9 1.5
v -1.1 7 1.5
v -1.1 7.1 1.5
v -1 5.2 1.5
v -1 5.3 1.5
v -1 5.4 1.5
v -1 5.5 1.5
v -1 6.9 1.5
v -1 7 1.5
v -1 7.1 1.5
v -1 7.2 1.5
v -0.9 5.1 1.5
v -0.9 5.2 1.5
v -0.9 5.3 1.5
v -0.9 5.4 1.5
v -0.9 7 1.5
v -0.9 7.1 1.5
v -0.9 7.2 1.5
v -0.9 7.3 1.5
v -0.8 5 1.5
v -0.8 5.1 1.5
v -0.8 5.2 1.5
v -0.8 5.3 1.5
v -0.8 7.1 1.5
v -0.8 7.2 1.5
v -0.8 7.3 1.5
v -0.8 7.4 1.5
v -0.7 5.1 1.5
v -0.7 5.2 1.5
v -0.7 7.2 1.5
v -0.7 7.3 1.5
v -0.6 4.9 1.5
v -0.6 5 1.5
v -0.6 7.3 1.5
v -0.6 7.4 1.5
v -0.6 7.5 1.5
v -0.5 5 1.5
v -0.5 5.1 1.5
v -0.5 7.3 1.5
v -0.5 7.4 1.5
v -0.3 4.8 1.5
v -0.3 4.9 1.5
v -0.3 7.5 1.5
v -0.3 7.6 1.5
v -0.2 4.9 1.5
v -0.2 5 1.5
v -0.2 7.4 1.5
v -0.2 7.5 1.5
v -0.0999999 7.5 1.5
v 0.0999999 7.5 1.5
v 0.0999999 7.6 1.5
v 0.2 4.9 1.5
v 0.2 5 1.5
v 0.2 7.4 1.5
v 0.2 7.5 1.5
v 0.3 4.8 1.5
v 0.3 4.9 1.5
v 0.3 7.5 1.5
v 0.3 7.6 1.5
v 0.4 7.4 1.5
v 0.4 7.5 1.5
v 0.5 5 1.5
v 0.5 5.1 1.5
v 0.5 7.3 1.5
v 0.5 7.4 1.5
v 0.6 4.9 1.5
v 0.6 5 1.5
v 0.6 7.4 1.5
v 0.6 7.5 1.5
v 0.7 5.1 1.5
v 0.7 5.2 1.5
v 0.7 7.2 1.5
v 0.7 7.3 1.5
v 0.8 5 1.5
v 0.8 5.1 1.5
v 0.8 5.2 1.5
v 0.8 5.3 1.5
v 0.8 7.1 1.5
v 0.8 7.2 1.5
v 0.8 7.3 1.5
v 0.8 7.4 1.5
v 0.9 5.1 1.5
v 0.9 5.2 1.5
v 0.9 5.3 1.5
v 0.9 5.4 1.5
v 0.9 7 1.5
v 0.9 7.1 1.5
v 0.9 7.2 1.5
v 0.9 7.3 1.5
v 1 5.2 1.5
v 1 5.3 1.5
v 1 5.4 1.5
v 1 5.5 1.5
v 1 6.9 1.5
v 1 7 1.5
v 1 7.1 1.5
v 1 7.2 1.5
v 1.1 5.3 1.5
v 1.1 5.4 1.5
v 1.1 5.5 1.5
v 1.1 5.7 1.5
v 1.1 6.7 1.5
v 1.1 6.8 1.5
v 1.1 6.9 1.5
v 1.1 7 1.5
v 1.1 7.1 1.5
v 1.2 5.4 1.5
v 1.2 5.6 1.5
v 1.2 5.7 1.5
v 1.2 6 1.5
v 1.2 6.4 1.5
v 1.2 6.7 1.5
v 1.2 6.8 1.5
v 1.2 7 1.5
v 1.3 5.6 1.5
v 1.3 5.9 1.5
v 1.3 6 1.5
v 1.3 6.4 1.5
v 1.3 6.5 1.5
v 1.3 6.8 1.5
v 1.4 5.9 1.5
v 1.4 6.5 1.5
v 3 5.7 1.5
v 3 5.8 1.5
v 3.1 5.7 1.5
v 3.1 5.8 1.5
v -1.5 5.9 1.4
v -1.5 6.4 1.4
v -1.5 6.5 1.4
v -1.4 5.6 1.4
v -1.4 5.9 1.4
v -1.4 6.2 1.4
v -1.4 6.4 1.4
v -1.4 6.5 1.4
v -1.4 6.8 1.4
v -1.3 5.4 1.4
v -1.3 5.6 1.4
v -1.3 5.9 1.4
v -1.3 6.5 1.4
v -1.3 6.8 1.4
v -1.3 7 1.4
v -1.2 5.3 1.4
v -1.2 5.4 1.4
v -1.2 5.6 1.4
v -1.2 6.8 1.4
v -1.2 7 1.4
v -1.2 7.1 1.4
v -1.1 5.2 1.4
v -1.1 5.3 1.4
v -1.1 5.4 1.4
v -1.1 7 1.4
v -1.1 7.1 1.4
v -1.1 7.2 1.4
v -1 5.1 1.4
v -1 5.2 1.4
v -1 5.3 1.4
v -1 7.1 1.4
v -1 7.2 1.4
v -1 7.3 1.4
v -0.9 5 1.4
v -0.9 5.1 1.4
v -0.9 5.2 1.4
v -0.9 7.2 1.4
v -0.9 7.3 1.4
v -0.9 7.4 1.4
v -0.8 4.9 1.4
v -0.8 5 1.4
v -0.8 5.1 1.4
v -0.8 7.3 1.4
v -0.8 7.4 1.4
v -0.8 7.5 1.4
v -0.6 4.8 1.4
v -0.6 4.9 1.4
v -0.6 5 1.4
v -0.6 7.4 1.4
v -0.6 7.5 1.4
v -0.6 7.6 1.4
v -0.3 4.7 1.4
v -0.3 4.8 1.4
v -0.3 4.9 1.4
v -0.3 7.5 1.4
v -0.3 7.6 1.4
v -0.3 7.7 1.4
v 0 7.6 1.4
v 0 7.7 1.4
v 0.0999999 7.6 1.4
v 0.3 4.7 1.4
v 0.3 4.8 1.4
v 0.3 4.9 1.4
v 0.3 7.5 1.4
v 0.3 7.6 1.4
v 0.3 7.7 1.4
v 0.4 7.5 1.4
v 0.6 4.8 1.4
v 0.6 4.9 1.4
v 0.6 5 1.4
v 0.6 7.4 1.4
v 0.6 7.5 1.4
v 0.6 7.6 1.4
v 0.8 4.9 1.4
v 0.8 5 1.4
v 0.8 5.1 1.4
v 0.8 7.3 1.4
v 0.8 7.4 1.4
v 0.8 7.5 1.4
v 0.9 5 1.4
v 0.9 5.1 1.4
v 0.9 5.2 1.4
v 0.9 7.2 1.4
v 0.9 7.3 1.4
v 0.9 7.4 1.4
v 1 5.1 1.4
v 1 5.2 1.4
v 1 5.3 1.4
v 1 7.1 1.4
v 1 7.2 1.4
v 1 7.3 1.4
v 1.1 5.2 1.4
v 1.1 5.3 1.4
v 1.1 5.4 1.4
v 1.1 7 1.4
v 1.1 7.1 1.4
v 1.1 7.2 1.4
v 1.2 5.3 1.4
v 1.2 5.4 1.4
v 1.2 5.6 1.4
v 1.2 6.8 1.4
v 1.2 7 1.4
v 1.2 7.1 1.4
v 1.3 5.4 1.4
v 1.3 5.6 1.4
v 1.3 5.9 1.4
v 1.3 6.5 1.4
v 1.3 6.8 1.4
v 1.3 7 1.4
v 1.4 5.6 1.4
v 1.4 5.9 1.4
v 1.4 6.5 1.4
v 1.4 6.8 1.4
v 1.5 5.9 1.4
v 1.5 6.5 1.4
v -3.4 5.8 1.3
v -3.4 5.9 1.3
v -3.3 5.8 1.3
v -3.3 5.9 1.3
v -2.9 5.8 1.3
v -2.9 5.9 1.3
v -2.8 5.8 1.3
v -2.7 5.8 1.3
v -2.7 5.9 1.3
v -2.5 5.8 1.3
v -2.4 5.8 1.3
v -2.4 5.9 1.3
v -1.6 6 1.3
v -1.6 6.4 1.3
v -1.5 5.6 1.3
v -1.5 5.9 1.3
v -1.5 6 1.3
v -1.5 6.4 1.3
v -1.5 6.5 1.3
v -1.5 6.8 1.3
v -1.4 5.4 1.3
v -1.4 5.6 1.3
v -1.4 5.9 1.3
v -1.4 6.5 1.3
v -1.4 6.8 1.3
v -1.4 7 1.3
v -1.3 5.3 1.3
v -1.3 5.4 1.3
v -1.3 5.6 1.3
v -1.3 6.8 1.3
v -1.3 7 1.3
v -1.3 7.1 1.3
v -1.2 5.1 1.3
v -1.2 5.3 1.3
v -1.2 5.4 1.3
v -1.2 7 1.3
v -1.2 7.1 1.3
v -1.2 7.3 1.3
v -1.1 5 1.3
v -1.1 5.1 1.3
v -1.1 5.2 1.3
v -1.1 5.3 1.3
v -1.1 7.1 1.3
v -1.1 7.2 1.3
v -1.1 7.3 1.3
v -1.1 7.4 1.3
v -1 5.1 1.3
v -1 5.2 1.3
v -1 7.2 1.3
v -1 7.3 1.3
v -0.9 4.9 1.3
v -0.9 5 1.3
v -0.9 5.1 1.3
v -0.9 7.3 1.3
v -0.9 7.4 1.3
v -0.9 7.5 1.3
v -0.8 4.8 1.3
v -0.8 4.9 1.3
v -0.8 5 1.3
v -0.8 7.4 1.3
v -0.8 7.5 1.3
v -0.8 7.6 1.3
v -0.6 4.7 1.3
v -0.6 4.8 1.3
v -0.6 4.9 1.3
v -0.6 7.5 1.3
v -0.6 7.6 1.3
v -0.6 7.7 1.3
v -0.5 4.7 1.3
v -0.5 4.8 1.3
v -0.3 4.7 1.3
v -0.3 4.8 1.3
v -0.3 7.6 1.3
v -0.3 7.7 1.3
v -0.2 4.6 1.3
v -0.2 4.7 1.3
v -0.2 7.7 1.3
v -0.2 7.8 1.3
v 0 7.7 1.3
v 0.2 4.6 1.3
v 0.2 4.7 1.3
v 0.2 7.7 1.3
v 0.2 7.8 1.3
v 0.3 4.7 1.3
v 0.3 4.8 1.3
v 0.3 7.6 1.3
v 0.3 7.7 1.3
v 0.6 4.7 1.3
v 0.6 4.8 1.3
v 0.6 4.9 1.3
v 0.6 7.5 1.3
v 0.6 7.6 1.3
v 0.6 7.7 1.3
v 0.8 4.8 1.3
v 0.8 4.9 1.3
v 0.8 5 1.3
v 0.8 7.4 1.3
v 0.8 7.5 1.3
v 0.8 7.6 1.3
v 0.9 4.9 1.3
v 0.9 5 1.3
v 0.9 5.1 1.3
v 0.9 7.3 1.3
v 0.9 7.4 1.3
v 0.9 7.5 1.3
v 1 5.1 1.3
v 1 5.2 1.3
v 1 7.2 1.3
v 1 7.3 1.3
v 1.1 5 1.3
v 1.1 5.1 1.3
v 1.1 5.2 1.3
v 1.1 5.3 1.3
v 1.1 7.1 1.3
v 1.1 7.2 1.3
v 1.1 7.3 1.3
v 1.1 7.4 1.3
v 1.2 5.1 1.3
v 1.2 5.2 1.3
v 1.2 5.3 1.3
v 1.2 5.4 1.3
v 1.2 7 1.3
v 1.2 7.1 1.3
v 1.2 7.3 1.3
v 1.3 5.3 1.3
v 1.3 5.4 1.3
v 1.3 5.6 1.3
v 1.3 6.8 1.3
v 1.3 7 1.3
v 1.3 7.1 1.3
v 1.4 5.4 1.3
v 1.4 5.6 1.3
v 1.4 5.9 1.3
v 1.4 6.5 1.3
v 1.4 6.8 1.3
v 1.4 7 1.3
v 1.5 5.6 1.3
v 1.5 5.9 1.3
v 1.5 6 1.3
v 1.5 6.4 1.3
v 1.5 6.5 1.3
v 1.5 6.8 1.3
v 1.6 6 1.3
v 1.6 6.4 1.3
v 2.2 5.8 1.3
v 2.2 5.9 1.3
v 2.3 5.8 1.3
v 2.5 5.8 1.3
v 2.5 5.9 1.3
v 2.6 5.8 1.3
v 2.7 5.8 1.3
v 2.7 5.9 1.3
v 3 5.8 1.3
v 3 5.9 1.3
v 3.1 5.8 1.3
v 3.1 5.9 1.3
v -3.5 5.8 1.2
v -3.5 5.9 1.2
v -3.4 5.8 1.2
v -3.4 5.9 1.2
v -1.6 5.7 1.2
v -1.6 6 1.2
v -1.6 6.4 1.2
v -1.6 6.6 1.2
v -1.6 6.7 1.2
v -1.5 5.4 1.2
v -1.5 5.6 1.2
v -1.5 5.7 1.2
v -1.5 6 1.2
v -1.5 6.4 1.2
v -1.5 6.5 1.2
v -1.5 6.6 1.2
v -1.5 6.7 1.2
v -1.5 6.8 1.2
v -1.5 7 1.2
v -1.4 5.3 1.2
v -1.4 5.4 1.2
v -1.4 5.6 1.2
v -1.4 6.8 1.2
v -1.4 7 1.2
v -1.4 7.1 1.2
v -1.3 5.1 1.2
v -1.3 5.3 1.2
v -1.3 5.4 1.2
v -1.3 7 1.2
v -1.3 7.1 1.2
v -1.3 7.3 1.2
v -1.2 5 1.2
v -1.2 5.1 1.2
v -1.2 5.3 1.2
v -1.2 7.1 1.2
v -1.2 7.3 1.2
v -1.2 7.4 1.2
v -1.1 4.9 1.2
v -1.1 5 1.2
v -1.1 5.1 1.2
v -1.1 7.3 1.2
v -1.1 7.4 1.2
v -1.1 7.5 1.2
v -1 4.9 1.2
v -1 5 1.2
v -1 7.4 1.2
v -1 7.5 1.2
v -0.9 4.8 1.2
v -0.9 4.9 1.2
v -0.9 5 1.2
v -0.9 7.4 1.2
v -0.9 7.5 1.2
v -0.9 7.6 1.2
v -0.8 4.7 1.2
v -0.8 4.8 1.2
v -0.8 4.9 1.2
v -0.8 7.5 1.2
v -0.8 7.6 1.2
v -0.8 7.7 1.2
v -0.6 4.7 1.2
v -0.6 4.8 1.2
v -0.6 7.6 1.2
v -0.6 7.7 1.2
v -0.5 4.6 1.2
v -0.5 4.7 1.2
v -0.5 7.7 1.2
v -0.5 7.8 1.2
v -0.4 4.6 1.2
v -0.4 4.7 1.2
v -0.2 4.6 1.2
v -0.2 4.7 1.2
v -0.2 7.7 1.2
v -0.2 7.8 1.2
v 0.2 4.6 1.2
v 0.2 4.7 1.2
v 0.2 7.7 1.2
v 0.2 7.8 1.2
v 0.5 4.6 1.2
v 0.5 4.7 1.2
v 0.5 7.7 1.2
v 0.5 7.8 1.2
v 0.6 4.7 1.2
v 0.6 4.8 1.2
v 0.6 7.6 1.2
v 0.6 7.7 1.2
v 0.8 4.7 1.2
v 0.8 4.8 1.2
v 0.8 4.9 1.2
v 0.8 7.5 1.2
v 0.8 7.6 1.2
v 0.8 7.7 1.2
v 0.9 4.8 1.2
v 0.9 4.9 1.2
v 0.9 5 1.2
v 0.9 7.4 1.2
v 0.9 7.5 1.2
v 0.9 7.6 1.2
v 1 4.9 1.2
v 1 5 1.2
v 1.1 4.9 1.2
v 1.1 5 1.2
v 1.1 5.1 1.2
v 1.1 7.3 1.2
v 1.1 7.4 1.2
v 1.1 7.5 1.2
v 1.2 5 1.2
v 1.2 5.1 1.2
v 1.2 5.2 1.2
v 1.2 5.3 1.2
v 1.2 7.1 1.2
v 1.2 7.3 1.2
v 1.2 7.4 1.2
v 1.3 5.1 1.2
v 1.3 5.3 1.2
v 1.3 5.4 1.2
v 1.3 7 1.2
v 1.3 7.1 1.2
v 1.3 7.3 1.2
v 1.4 5.3 1.2
v 1.4 5.4 1.2
v 1.4 5.6 1.2
v 1.4 6.8 1.2
v 1.4 7 1.2
v 1.4 7.1 1.2
v 1.5 5.4 1.2
v 1.5 5.6 1.2
v 1.5 5.7 1.2
v 1.5 6 1.2
v 1.5 6.4 1.2
v 1.5 6.7 1.2
v 1.5 6.8 1.2
v 1.5 7 1.2
v 1.6 5.7 1.2
v 1.6 6 1.2
v 1.6 6.4 1.2
v 1.6 6.7 1.2
v 3.1 5.8 1.2
v 3.1 5.9 1.2
v 3.2 5.8 1.2
v 3.2 5.9 1.2
v -3.5 5.9 1.1
v -3.5 6 1.1
v -3.4 5.9 1.1
v -3.4 6 1.1
v -2.9 5.9 1.1
v -2.9 6 1.1
v -2.7 5.9 1.1
v -2.7 6 1.1
v -2.5 5.9 1.1
v -2.5 6 1.1
v -1.7 5.8 1.1
v -1.7 6.5 1.1
v -1.7 6.6 1.1
v -1.6 5.5 1.1
v -1.6 5.7 1.1
v -1.6 5.8 1.1
v -1.6 6.5 1.1
v -1.6 6.6 1.1
v -1.6 6.7 1.1
v -1.6 6.9 1.1
v -1.5 5.3 1.1
v -1.5 5.4 1.1
v -1.5 5.5 1.1
v -1.5 5.7 1.1
v -1.5 6.7 1.1
v -1.5 6.9 1.1
v -1.5 7 1.1
v -1.5 7.1 1.1
v -1.4 5.2 1.1
v -1.4 5.3 1.1
v -1.4 5.4 1.1
v -1.4 7 1.1
v -1.4 7.1 1.1
v -1.4 7.2 1.1
v -1.3 5 1.1
v -1.3 5.1 1.1
v -1.3 5.2 1.1
v -1.3 5.3 1.1
v -1.3 7.1 1.1
v -1.3 7.2 1.1
v -1.3 7.3 1.1
v -1.3 7.4 1.1
v -1.2 4.9 1.1
v -1.2 5 1.1
v -1.2 5.1 1.1
v -1.2 7.3 1.1
v -1.2 7.4 1.1
v -1.2 7.5 1.1
v -1.1 4.9 1.1
v -1.1 5 1.1
v -1.1 7.4 1.1
v -1.1 7.5 1.1
v -1 4.8 1.1
v -1 4.9 1.1
v -1 7.5 1.1
v -1 7.6 1.1
v -0.9 4.7 1.1
v -0.9 4.8 1.1
v -0.9 4.9 1.1
v -0.9 7.5 1.1
v -0.9 7.6 1.1
v -0.9 7.7 1.1
v -0.8 4.7 1.1
v -0.8 4.8 1.1
v -0.8 7.6 1.1
v -0.8 7.7 1.1
v -0.7 4.6 1.1
v -0.7 4.7 1.1
v -0.7 7.7 1.1
v -0.7 7.8 1.1
v -0.5 4.6 1.1
v -0.5 4.7 1.1
v -0.5 7.7 1.1
v -0.5 7.8 1.1
v -0.4 4.5 1.1
v -0.4 4.6 1.1
v -0.4 7.8 1.1
v -0.4 7.9 1.1
v 0.4 4.5 1.1
v 0.4 4.6 1.1
v 0.4 7.8 1.1
v 0.4 7.9 1.1
v 0.5 4.6 1.1
v 0.5 4.7 1.1
v 0.5 7.7 1.1
v 0.5 7.8 1.1
v 0.7 4.6 1.1
v 0.7 4.7 1.1
v 0.7 7.7 1.1
v 0.7 7.8 1.1
v 0.8 4.7 1.1
v 0.8 4.8 1.1
v 0.8 7.6 1.1
v 0.8 7.7 1.1
v 0.9 4.7 1.1
v 0.9 4.8 1.1
v 0.9 4.9 1.1
v 0.9 7.5 1.1
v 0.9 7.6 1.1
v 0.9 7.7 1.1
v 1 4.8 1.1
v 1 4.9 1.1
v 1 7.5 1.1
v 1 7.6 1.1
v 1.1 4.9 1.1
v 1.1 5 1.1
v 1.1 7.4 1.1
v 1.1 7.5 1.1
v 1.2 4.9 1.1
v 1.2 5 1.1
v 1.2 5.1 1.1
v 1.2 7.3 1.1
v 1.2 7.4 1.1
v 1.2 7.5 1.1
v 1.3 5 1.1
v 1.3 5.1 1.1
v 1.3 5.2 1.1
v 1.3 5.3 1.1
v 1.3 7.1 1.1
v 1.3 7.2 1.1
v 1.3 7.3 1.1
v 1.3 7.4 1.1
v 1.4 5.2 1.1
v 1.4 5.3 1.1
v 1.4 5.4 1.1
v 1.4 7 1.1
v 1.4 7.1 1.1
v 1.4 7.2 1.1
v 1.5 5.3 1.1
v 1.5 5.4 1.1
v 1.5 5.5 1.1
v 1.5 5.7 1.1
v 1.5 6.7 1.1
v 1.5 6.9 1.1
v 1.5 7 1.1
v 1.5 7.1 1.1
v 1.6 5.5 1.1
v 1.6 5.7 1.1
v 1.6 5.8 1.1
v 1.6 6.6 1.1
v 1.6 6.7 1.1
v 1.6 6.9 1.1
v 1.7 5.8 1.1
v 1.7 6.6 1.1
v 2.3 5.9 1.1
v 2.3 6 1.1
v 2.6 5.9 1.1
v 2.6 6 1.1
v 2.7 5.9 1.1
v 2.7 6 1.1
v 3.1 5.9 1.1
v 3.1 6 1.1
v 3.2 5.9 1.1
v 3.2 6 1.1
v -1.8 6 1
v -1.8 6.4 1
v -1.7 5.6 1
v -1.7 5.8 1
v -1.7 6 1
v -1.7 6.4 1
v -1.7 6.6 1
v -1.7 6.8 1
v -1.6 5.4 1
v -1.6 5.5 1
v -1.6 5.6 1
v -1.6 5.8 1
v -1.6 6.6 1
v -1.6 6.8 1
v -1.6 6.9 1
v -1.6 7 1
v -1.5 5.2 1
v -1.5 5.3 1
v -1.5 5.4 1
v -1.5 5.5 1
v -1.5 6.9 1
v -1.5 7 1
v -1.5 7.1 1
v -1.5 7.2 1
v -1.4 5.1 1
v -1.4 5.2 1
v -1.4 5.3 1
v -1.4 7.1 1
v -1.4 7.2 1
v -1.4 7.3 1
v -1.3 5.1 1
v -1.3 5.2 1
v -1.3 7.2 1
v -1.3 7.3 1
v -1.1 4.8 1
v -1.1 4.9 1
v -1.1 7.5 1
v -1.1 7.6 1
v -1 4.7 1
v -1 4.8 1
v -1 4.9 1
v -1 7.5 1
v -1 7.6 1
v -1 7.7 1
v -0.9 4.7 1
v -0.9 4.8 1
v -0.9 7.6 1
v -0.9 7.7 1
v -0.8 4.6 1
v -0.8 4.7 1
v -0.8 7.7 1
v -0.8 7.8 1
v -0.7 4.6 1
v -0.7 4.7 1
v -0.7 7.7 1
v -0.7 7.8 1
v -0.6 4.5 1
v -0.6 4.6 1
v -0.6 7.8 1
v -0.6 7.9 1
v -0.4 4.5 1
v -0.4 4.6 1
v -0.4 7.8 1
v -0.4 7.9 1
v -0.2 4.4 1
v -0.2 4.5 1
v -0.2 7.9 1
v -0.2 8 1
v 0.2 4.4 1
v 0.2 4.5 1
v 0.2 7.9 1
v 0.2 8 1
v 0.4 4.5 1
v 0.4 4.6 1
v 0.4 7.8 1
v 0.4 7.9 1
v 0.6 4.5 1
v 0.6 4.6 1
v 0.6 7.8 1
v 0.6 7.9 1
v 0.7 4.6 1
v 0.7 4.7 1
v 0.7 7.7 1
v 0.7 7.8 1
v 0.8 4.6 1
v 0.8 4.7 1
v 0.8 7.7 1
v 0.8 7.8 1
v 0.9 4.7 1
v 0.9 4.8 1
v 0.9 7.6 1
v 0.9 7.7 1
v 1 4.7 1
v 1 4.8 1
v 1 4.9 1
v 1 7.5 1
v 1 7.6 1
v 1 7.7 1
v 1.1 4.8 1
v 1.1 4.9 1
v 1.1 7.5 1
v 1.1 7.6 1
v 1.3 5.1 1
v 1.3 5.2 1
v 1.3 7.2 1
v 1.3 7.3 1
v 1.4 5.1 1
v 1.4 5.2 1
v 1.4 5.3 1
v 1.4 7.1 1
v 1.4 7.2 1
v 1.4 7.3 1
v 1.5 5.2 1
v 1.5 5.3 1
v 1.5 5.4 1
v 1.5 5.5 1
v 1.5 6.9 1
v 1.5 7 1
v 1.5 7.1 1
v 1.5 7.2 1
v 1.6 5.4 1
v 1.6 5.5 1
v 1.6 5.6 1
v 1.6 5.8 1
v 1.6 6.6 1
v 1.6 6.8 1
v 1.6 6.9 1
v 1.6 7 1
v 1.7 5.6 1
v 1.7 5.8 1
v 1.7 6 1
v 1.7 6.4 1
v 1.7 6.6 1
v 1.7 6.8 1
v 1.8 6 1
v 1.8 6.4 1
v -1.8 5.7 0.9
v -1.8 6 0.9
v -1.8 6.4 0.9
v -1.8 6.7 0.9
v -1.7 5.5 0.9
v -1.7 5.6 0.9
v -1.7 5.7 0.9
v -1.7 6 0.9
v -1.7 6.4 0.9
v -1.7 6.5 0.9
v -1.7 6.7 0.9
v -1.7 6.8 0.9
v -1.7 6.9 0.9
v -1.6 5.3 0.9
v -1.6 5.4 0.9
v -1.6 5.5 0.9
v -1.6 5.6 0.9
v -1.6 6.8 0.9
v -1.6 6.9 0.9
v -1.6 7 0.9
v -1.6 7.1 0.9
v -1.5 5.1 0.9
v -1.5 5.2 0.9
v -1.5 5.3 0.9
v -1.5 5.4 0.9
v -1.5 7 0.9
v -1.5 7.1 0.9
v -1.5 7.2 0.9
v -1.5 7.3 0.9
v -1.4 5 0.9
v -1.4 5.1 0.9
v -1.4 5.2 0.9
v -1.4 7.2 0.9
v -1.4 7.3 0.9
v -1.4 7.4 0.9
v -1.3 4.9 0.9
v -1.3 5 0.9
v -1.3 5.1 0.9
v -1.3 7.3 0.9
v -1.3 7.4 0.9
v -1.3 7.5 0.9
v -1.2 4.8 0.9
v -1.2 4.9 0.9
v -1.2 5 0.9
v -1.2 7.4 0.9
v -1.2 7.5 0.9
v -1.2 7.6 0.9
v -1.1 4.7 0.9
v -1.1 4.8 0.9
v -1.1 4.9 0.9
v -1.1 7.5 0.9
v -1.1 7.6 0.9
v -1.1 7.7 0.9
v -1 4.7 0.9
v -1 4.8 0.9
v -1 7.6 0.9
v -1 7.7 0.9
v -0.9 4.6 0.9
v -0.9 4.7 0.9
v -0.9 7.7 0.9
v -0.9 7.8 0.9
v -0.8 4.6 0.9
v -0.8 4.7 0.9
v -0.8 7.7 0.9
v -0.8 7.8 0.9
v -0.7 4.5 0.9
v -0.7 4.6 0.9
v -0.7 7.8 0.9
v -0.7 7.9 0.9
v -0.6 4.5 0.9
v -0.6 4.6 0.9
v -0.6 7.8 0.9
v -0.6 7.9 0.9
v -0.5 4.4 0.9
v -0.5 4.5 0.9
v -0.5 7.9 0.9
v -0.5 8 0.9
v -0.4 4.5 0.9
v -0.2 4.4 0.9
v -0.2 4.5 0.9
v -0.2 7.9 0.9
v -0.2 8 0.9
v 0.2 4.4 0.9
v 0.2 4.5 0.9
v 0.2 7.9 0.9
v 0.2 8 0.9
v 0.5 4.4 0.9
v 0.5 4.5 0.9
v 0.5 7.9 0.9
v 0.5 8 0.9
v 0.6 4.5 0.9
v 0.6 4.6 0.9
v 0.6 7.8 0.9
v 0.6 7.9 0.9
v 0.7 4.5 0.9
v 0.7 4.6 0.9
v 0.7 7.8 0.9
v 0.7 7.9 0.9
v 0.8 4.6 0.9
v 0.8 4.7 0.9
v 0.8 7.7 0.9
v 0.8 7.8 0.9
v 0.9 4.6 0.9
v 0.9 4.7 0.9
v 0.9 7.7 0.9
v 0.9 7.8 0.9
v 1 4.7 0.9
v 1 4.8 0.9
v 1 7.6 0.9
v 1 7.7 0.9
v 1.1 4.7 0.9
v 1.1 4.8 0.9
v 1.1 4.9 0.9
v 1.1 7.5 0.9
v 1.1 7.6 0.9
v 1.1 7.7 0.9
v 1.2 4.8 0.9
v 1.2 4.9 0.9
v 1.2 5 0.9
v 1.2 7.4 0.9
v 1.2 7.5 0.9
v 1.2 7.6 0.9
v 1.3 4.9 0.9
v 1.3 5 0.9
v 1.3 5.1 0.9
v 1.3 7.3 0.9
v 1.3 7.4 0.9
v 1.3 7.5 0.9
v 1.4 5 0.9
v 1.4 5.1 0.9
v 1.4 5.2 0.9
v 1.4 7.2 0.9
v 1.4 7.3 0.9
v 1.4 7.4 0.9
v 1.5 5.1 0.9
v 1.5 5.2 0.9
v 1.5 5.3 0.9
v 1.5 5.4 0.9
v 1.5 7 0.9
v 1.5 7.1 0.9
v 1.5 7.2 0.9
v 1.5 7.3 0.9
v 1.6 5.3 0.9
v 1.6 5.4 0.9
v 1.6 5.5 0.9
v 1.6 5.6 0.9
v 1.6 6.8 0.9
v 1.6 6.9 0.9
v 1.6 7 0.9
v 1.6 7.1 0.9
v 1.7 5.5 0.9
v 1.7 5.6 0.9
v 1.7 5.7 0.9
v 1.7 6 0.9
v 1.7 6.4 0.9
v 1.7 6.7 0.9
v 1.7 6.8 0.9
v 1.7 6.9 0.9
v 1.8 5.7 0.9
v 1.8 6 0.9
v 1.8 6.4 0.9
v 1.8 6.7 0.9
v -3.6 5.9 0.8
v -3.6 6 0.8
v -3.5 5.9 0.8
v -3.5 6 0.8
v -1.9 6.1 0.8
v -1.9 6.3 0.8
v -1.8 5.6 0.8
v -1.8 5.7 0.8
v -1.8 6.1 0.8
v -1.8 6.3 0.8
v -1.8 6.7 0.8
v -1.8 6.8 0.8
v -1.7 5.4 0.8
v -1.7 5.5 0.8
v -1.7 5.6 0.8
v -1.7 5.7 0.8
v -1.7 6.7 0.8
v -1.7 6.8 0.8
v -1.7 6.9 0.8
v -1.7 7 0.8
v -1.6 5.2 0.8
v -1.6 5.3 0.8
v -1.6 5.4 0.8
v -1.6 5.5 0.8
v -1.6 6.9 0.8
v -1.6 7 0.8
v -1.6 7.1 0.8
v -1.6 7.2 0.8
v -1.5 5 0.8
v -1.5 5.1 0.8
v -1.5 5.2 0.8
v -1.5 5.3 0.8
v -1.5 7.1 0.8
v -1.5 7.2 0.8
v -1.5 7.3 0.8
v -1.5 7.4 0.8
v -1.4 4.9 0.8
v -1.4 5 0.8
v -1.4 5.1 0.8
v -1.4 7.3 0.8
v -1.4 7.4 0.8
v -1.4 7.5 0.8
v -1.3 4.8 0.8
v -1.3 4.9 0.8
v -1.3 5 0.8
v -1.3 7.4 0.8
v -1.3 7.5 0.8
v -1.3 7.6 0.8
v -1.2 4.7 0.8
v -1.2 4.8 0.8
v -1.2 4.9 0.8
v -1.2 7.5 0.8
v -1.2 7.6 0.8
v -1.2 7.7 0.8
v -1.1 4.7 0.8
v -1.1 4.8 0.8
v -1.1 7.6 0.8
v -1.1 7.7 0.8
v -1 4.6 0.8
v -1 4.7 0.8
v -1 7.7 0.8
v -1 7.8 0.8
v -0.9 4.6 0.8
v -0.9 4.7 0.8
v -0.9 7.7 0.8
v -0.9 7.8 0.8
v -0.8 4.5 0.8
v -0.8 4.6 0.8
v -0.8 7.8 0.8
v -0.8 7.9 0.8
v -0.7 4.5 0.8
v -0.7 4.6 0.8
v -0.7 7.8 0.8
v -0.7 7.9 0.8
v -0.6 4.4 0.8
v -0.6 4.5 0.8
v -0.6 7.9 0.8
v -0.6 8 0.8
v -0.5 4.4 0.8
v -0.5 4.5 0.8
v -0.5 7.9 0.8
v -0.5 8 0.8
v -0.0999999 4.3 0.8
v -0.0999999 4.4 0.8
v -0.0999999 8 0.8
v -0.0999999 8.1 0.8
v 0.0999999 4.3 0.8
v 0.0999999 4.4 0.8
v 0.0999999 8 0.8
v 0.0999999 8.1 0.8
v 0.5 4.4 0.8
v 0.5 4.5 0.8
v 0.5 7.9 0.8
v 0.5 8 0.8
v 0.6 4.4 0.8
v 0.6 4.5 0.8
v 0.6 7.9 0.8
v 0.6 8 0.8
v 0.7 4.5 0.8
v 0.7 4.6 0.8
v 0.7 7.8 0.8
v 0.7 7.9 0.8
v 0.8 4.5 0.8
v 0.8 4.6 0.8
v 0.8 7.8 0.8
v 0.8 7.9 0.8
v 0.9 4.6 0.8
v 0.9 4.7 0.8
v 0.9 7.7 0.8
v 0.9 7.8 0.8
v 1 4.6 0.8
v 1 4.7 0.8
v 1 7.7 0.8
v 1 7.8 0.8
v 1.1 4.7 0.8
v 1.1 4.8 0.8
v 1.1 7.6 0.8
v 1.1 7.7 0.8
v 1.2 4.7 0.8
v 1.2 4.8 0.8
v 1.2 4.9 0.8
v 1.2 7.5 0.8
v 1.2 7.6 0.8
v 1.2 7.7 0.8
v 1.3 4.8 0.8
v 1.3 4.9 0.8
v 1.3 5 0.8
v 1.3 7.4 0.8
v 1.3 7.5 0.8
v 1.3 7.6 0.8
v 1.4 4.9 0.8
v 1.4 5 0.8
v 1.4 5.1 0.8
v 1.4 7.3 0.8
v 1.4 7.4 0.8
v 1.4 7.5 0.8
v 1.5 5 0.8
v 1.5 5.1 0.8
v 1.5 5.2 0.8
v 1.5 5.3 0.8
v 1.5 7.1 0.8
v 1.5 7.2 0.8
v 1.5 7.3 0.8
v 1.5 7.4 0.8
v 1.6 5.2 0.8
v 1.6 5.3 0.8
v 1.6 5.4 0.8
v 1.6 5.5 0.8
v 1.6 6.9 0.8
v 1.6 7 0.8
v 1.6 7.1 0.8
v 1.6 7.2 0.8
v 1.7 5.4 0.8
v 1.7 5.5 0.8
v 1.7 5.6 0.8
v 1.7 5.7 0.8
v 1.7 6.7 0.8
v 1.7 6.8 0.8
v 1.7 6.9 0.8
v 1.7 7 0.8
v 1.8 5.6 0.8
v 1.8 5.7 0.8
v 1.8 6.1 0.8
v 1.8 6.3 0.8
v 1.8 6.7 0.8
v 1.8 6.8 0.8
v 1.9 6.1 0.8
v 1.9 6.3 0.8
v 3.2 5.9 0.8
v 3.2 6 0.8
v 3.3 5.9 0.8
v 3.3 6 0.8
v -1.9 5.8 0.7
v -1.9 6.1 0.7
v -1.9 6.3 0.7
v -1.9 6.6 0.7
v -1.8 5.5 0.7
v -1.8 5.6 0.7
v -1.8 5.8 0.7
v -1.8 6.1 0.7
v -1.8 6.3 0.7
v -1.8 6.6 0.7
v -1.8 6.8 0.7
v -1.8 6.9 0.7
v -1.7 5.3 0.7
v -1.7 5.4 0.7
v -1.7 5.5 0.7
v -1.7 5.6 0.7
v -1.7 6.8 0.7
v -1.7 6.9 0.7
v -1.7 7 0.7
v -1.7 7.1 0.7
v -1.6 5.1 0.7
v -1.6 5.2 0.7
v -1.6 5.3 0.7
v -1.6 5.4 0.7
v -1.6 7 0.7
v -1.6 7.1 0.7
v -1.6 7.2 0.7
v -1.6 7.3 0.7
v -1.5 5.1 0.7
v -1.5 5.2 0.7
v -1.5 7.2 0.7
v -1.5 7.3 0.7
v -1.1 4.6 0.7
v -1.1 4.7 0.7
v -1.1 7.7 0.7
v -1.1 7.8 0.7
v -1 4.6 0.7
v -1 4.7 0.7
v -1 7.7 0.7
v -1 7.8 0.7
v -0.9 4.5 0.7
v -0.9 4.6 0.7
v -0.9 7.8 0.7
v -0.9 7.9 0.7
v -0.8 4.5 0.7
v -0.8 4.6 0.7
v -0.8 7.8 0.7
v -0.8 7.9 0.7
v -0.7 4.4 0.7
v -0.7 4.5 0.7
v -0.7 7.9 0.7
v -0.7 8 0.7
v -0.6 4.4 0.7
v -0.6 4.5 0.7
v -0.6 7.9 0.7
v -0.6 8 0.7
v -0.4 4.3 0.7
v -0.4 4.4 0.7
v -0.4 8 0.7
v -0.4 8.1 0.7
v -0.0999999 4.3 0.7
v -0.0999999 4.4 0.7
v -0.0999999 8 0.7
v -0.0999999 8.1 0.7
v 0.0999999 4.3 0.7
v 0.0999999 4.4 0.7
v 0.0999999 8 0.7
v 0.0999999 8.1 0.7
v 0.4 4.3 0.7
v 0.4 4.4 0.7
v 0.4 8 0.7
v 0.4 8.1 0.7
v 0.6 4.4 0.7
v 0.6 4.5 0.7
v 0.6 7.9 0.7
v 0.6 8 0.7
v 0.7 4.4 0.7
v 0.7 4.5 0.7
v 0.7 7.9 0.7
v 0.7 8 0.7
v 0.8 4.5 0.7
v 0.8 4.6 0.7
v 0.8 7.8 0.7
v 0.8 7.9 0.7
v 0.9 4.5 0.7
v 0.9 4.6 0.7
v 0.9 7.8 0.7
v 0.9 7.9 0.7
v 1 4.6 0.7
v 1 4.7 0.7
v 1 7.7 0.7
v 1 7.8 0.7
v 1.1 4.6 0.7
v 1.1 4.7 0.7
v 1.1 7.7 0.7
v 1.1 7.8 0.7
v 1.5 5.1 0.7
v 1.5 5.2 0.7
v 1.5 7.2 0.7
v 1.5 7.3 0.7
v 1.6 5.1 0.7
v 1.6 5.2 0.7
v 1.6 5.3 0.7
v 1.6 5.4 0.7
v 1.6 7 0.7
v 1.6 7.1 0.7
v 1.6 7.2 0.7
v 1.6 7.3 0.7
v 1.7 5.3 0.7
v 1.7 5.4 0.7
v 1.7 5.5 0.7
v 1.7 5.6 0.7
v 1.7 6.8 0.7
v 1.7 6.9 0.7
v 1.7 7 0.7
v 1.7 7.1 0.7
v 1.8 5.5 0.7
v 1.8 5.6 0.7
v 1.8 5.8 0.7
v 1.8 6.1 0.7
v 1.8 6.3 0.7
v 1.8 6.6 0.7
v 1.8 6.8 0.7
v 1.8 6.9 0.7
v 1.9 5.8 0.7
v 1.9 6.1 0.7
v 1.9 6.3 0.7
v 1.9 6.6 0.7
v -1.9 5.7 0.6
v -1.9 5.8 0.6
v -1.9 6.6 0.6
v -1.9 6.7 0.6
v -1.8 5.4 0.6
v -1.8 5.5 0.6
v -1.8 5.7 0.6
v -1.8 5.8 0.6
v -1.8 6.6 0.6
v -1.8 6.7 0.6
v -1.8 6.9 0.6
v -1.8 7 0.6
v -1.7 5.2 0.6
v -1.7 5.3 0.6
v -1.7 5.4 0.6
v -1.7 5.5 0.6
v -1.7 6.9 0.6
v -1.7 7 0.6
v -1.7 7.1 0.6
v -1.7 7.2 0.6
v -1.6 5.2 0.6
v -1.6 5.3 0.6
v -1.6 7.1 0.6
v -1.6 7.2 0.6
v -1.5 4.9 0.6
v -1.5 5 0.6
v -1.5 7.4 0.6
v -1.5 7.5 0.6
v -1.4 4.8 0.6
v -1.4 4.9 0.6
v -1.4 5 0.6
v -1.4 7.4 0.6
v -1.4 7.5 0.6
v -1.4 7.6 0.6
v -1.3 4.7 0.6
v -1.3 4.8 0.6
v -1.3 4.9 0.6
v -1.3 7.5 0.6
v -1.3 7.6 0.6
v -1.3 7.7 0.6
v -1.2 4.7 0.6
v -1.2 4.8 0.6
v -1.2 7.6 0.6
v -1.2 7.7 0.6
v -1 4.5 0.6
v -1 4.6 0.6
v -1 7.8 0.6
v -1 7.9 0.6
v -0.9 4.5 0.6
v -0.9 4.6 0.6
v -0.9 7.8 0.6
v -0.9 7.9 0.6
v -0.8 4.4 0.6
v -0.8 4.5 0.6
v -0.8 7.9 0.6
v -0.8 8 0.6
v -0.7 4.4 0.6
v -0.7 4.5 0.6
v -0.7 7.9 0.6
v -0.7 8 0.6
v -0.5 4.3 0.6
v -0.5 4.4 0.6
v -0.5 8 0.6
v -0.5 8.1 0.6
v -0.4 4.3 0.6
v -0.4 4.4 0.6
v -0.4 8 0.6
v -0.4 8.1 0.6
v 0.4 4.3 0.6
v 0.4 4.4 0.6
v 0.4 8 0.6
v 0.4 8.1 0.6
v 0.5 4.3 0.6
v 0.5 4.4 0.6
v 0.5 8 0.6
v 0.5 8.1 0.6
v 0.7 4.4 0.6
v 0.7 4.5 0.6
v 0.7 7.9 0.6
v 0.7 8 0.6
v 0.8 4.4 0.6
v 0.8 4.5 0.6
v 0.8 7.9 0.6
v 0.8 8 0.6
v 0.9 4.5 0.6
v 0.9 4.6 0.6
v 0.9 7.8 0.6
v 0.9 7.9 0.6
v 1 4.5 0.6
v 1 4.6 0.6
v 1 7.8 0.6
v 1 7.9 0.6
v 1.2 4.7 0.6
v 1.2 4.8 0.6
v 1.2 7.6 0.6
v 1.2 7.7 0.6
v 1.3 4.7 0.6
v 1.3 4.8 0.6
v 1.3 4.9 0.6
v 1.3 7.5 0.6
v 1.3 7.6 0.6
v 1.3 7.7 0.6
v 1.4 4.8 0.6
v 1.4 4.9 0.6
v 1.4 5 0.6
v 1.4 7.4 0.6
v 1.4 7.5 0.6
v 1.4 7.6 0.6
v 1.5 4.9 0.6
v 1.5 5 0.6
v 1.5 7.4 0.6
v 1.5 7.5 0.6
v 1.6 5.2 0.6
v 1.6 5.3 0.6
v 1.6 7.1 0.6
v 1.6 7.2 0.6
v 1.7 5.2 0.6
v 1.7 5.3 0.6
v 1.7 5.4 0.6
v 1.7 5.5 0.6
v 1.7 6.9 0.6
v 1.7 7 0.6
v 1.7 7.1 0.6
v 1.7 7.2 0.6
v 1.8 5.4 0.6
v 1.8 5.5 0.6
v 1.8 5.7 0.6
v 1.8 5.8 0.6
v 1.8 6.6 0.6
v 1.8 6.7 0.6
v 1.8 6.9 0.6
v 1.8 7 0.6
v 1.9 5.7 0.6
v 1.9 5.8 0.6
v 1.9 6.6 0.6
v 1.9 6.7 0.6
v -3.6 6 0.5
v -3.6 6.1 0.5
v -3.5 6 0.5
v -3.5 6.1 0.5
v -3.2 6 0.5
v -3.2 6.1 0.5
v -2.9 6 0.5
v -2.9 6.1 0.5
v -2.7 6 0.5
v -2.7 6.1 0.5
v -1.9 5.6 0.5
v -1.9 5.7 0.5
v -1.9 6.7 0.5
v -1.9 6.8 0.5
v -1.8 5.3 0.5
v -1.8 5.4 0.5
v -1.8 5.6 0.5
v -1.8 5.7 0.5
v -1.8 6.7 0.5
v -1.8 6.8 0.5
v -1.8 7 0.5
v -1.8 7.1 0.5
v -1.7 5.3 0.5
v -1.7 5.4 0.5
v -1.7 7 0.5
v -1.7 7.1 0.5
v -1.6 5 0.5
v -1.6 5.1 0.5
v -1.6 7.3 0.5
v -1.6 7.4 0.5
v -1.5 5 0.5
v -1.5 5.1 0.5
v -1.5 7.3 0.5
v -1.5 7.4 0.5
v -1.2 4.6 0.5
v -1.2 4.7 0.5
v -1.2 7.7 0.5
v -1.2 7.8 0.5
v -1.1 4.6 0.5
v -1.1 4.7 0.5
v -1.1 7.7 0.5
v -1.1 7.8 0.5
v -0.9 4.4 0.5
v -0.9 4.5 0.5
v -0.9 7.9 0.5
v -0.9 8 0.5
v -0.8 4.4 0.5
v -0.8 4.5 0.5
v -0.8 7.9 0.5
v -0.8 8 0.5
v -0.6 4.3 0.5
v -0.6 4.4 0.5
v -0.6 8 0.5
v -0.6 8.1 0.5
v -0.5 4.3 0.5
v -0.5 4.4 0.5
v -0.5 8 0.5
v -0.5 8.1 0.5
v 0.5 4.3 0.5
v 0.5 4.4 0.5
v 0.5 8 0.5
v 0.5 8.1 0.5
v 0.6 4.3 0.5
v 0.6 4.4 0.5
v 0.6 8 0.5
v 0.6 8.1 0.5
v 0.8 4.4 0.5
v 0.8 4.5 0.5
v 0.8 7.9 0.5
v 0.8 8 0.5
v 0.9 4.4 0.5
v 0.9 4.5 0.5
v 0.9 7.9 0.5
v 0.9 8 0.5
v 1.1 4.6 0.5
v 1.1 4.7 0.5
v 1.1 7.7 0.5
v 1.1 7.8 0.5
v 1.2 4.6 0.5
v 1.2 4.7 0.5
v 1.2 7.7 0.5
v 1.2 7.8 0.5
v 1.5 5 0.5
v 1.5 5.1 0.5
v 1.5 7.3 0.5
v 1.5 7.4 0.5
v 1.6 5 0.5
v 1.6 5.1 0.5
v 1.6 7.3 0.5
v 1.6 7.4 0.5
v 1.7 5.3 0.5
v 1.7 5.4 0.5
v 1.7 7 0.5
v 1.7 7.1 0.5
v 1.8 5.3 0.5
v 1.8 5.4 0.5
v 1.8 5.6 0.5
v 1.8 5.7 0.5
v 1.8 6.7 0.5
v 1.8 6.8 0.5
v 1.8 7 0.5
v 1.8 7.1 0.5
v 1.9 5.6 0.5
v 1.9 5.7 0.5
v 1.9 6.7 0.5
v 1.9 6.8 0.5
v 2.6 6 0.5
v 2.6 6.1 0.5
v 2.7 6 0.5
v 2.7 6.1 0.5
v 3 6 0.5
v 3 6.1 0.5
v 3.2 6 0.5
v 3.2 6.1 0.5
v 3.3 6 0.5
v 3.3 6.1 0.5
v -3.6 6.1 0.4
v -3.6 6.2 0.4
v -3.5 6.1 0.4
v -3.5 6.2 0.4
v -3.2 6.1 0.4
v -3.2 6.2 0.4
v -2.9 6.1 0.4
v -2.9 6.2 0.4
v -2.7 6.1 0.4
v -2.7 6.2 0.4
v -2 5.9 0.4
v -2 6.5 0.4
v -1.9 5.5 0.4
v -1.9 5.6 0.4
v -1.9 5.9 0.4
v -1.9 6.5 0.4
v -1.9 6.8 0.4
v -1.9 6.9 0.4
v -1.8 5.5 0.4
v -1.8 5.6 0.4
v -1.8 6.8 0.4
v -1.8 6.9 0.4
v -1.7 5.1 0.4
v -1.7 5.2 0.4
v -1.7 7.2 0.4
v -1.7 7.3 0.4
v -1.6 5.1 0.4
v -1.6 5.2 0.4
v -1.6 7.2 0.4
v -1.6 7.3 0.4
v -1.1 4.5 0.4
v -1.1 4.6 0.4
v -1.1 7.8 0.4
v -1.1 7.9 0.4
v -1 4.5 0.4
v -1 4.6 0.4
v -1 7.8 0.4
v -1 7.9 0.4
v -0.7 4.3 0.4
v -0.7 4.4 0.4
v -0.7 8 0.4
v -0.7 8.1 0.4
v -0.6 4.3 0.4
v -0.6 4.4 0.4
v -0.6 8 0.4
v -0.6 8.1 0.4
v -0.3 4.2 0.4
v -0.3 4.3 0.4
v -0.3 8.1 0.4
v -0.3 8.2 0.4
v 0.3 4.2 0.4
v 0.3 4.3 0.4
v 0.3 8.1 0.4
v 0.3 8.2 0.4
v 0.6 4.3 0.4
v 0.6 4.4 0.4
v 0.6 8 0.4
v 0.6 8.1 0.4
v 0.7 4.3 0.4
v 0.7 4.4 0.4
v 0.7 8 0.4
v 0.7 8.1 0.4
v 1 4.5 0.4
v 1 4.6 0.4
v 1 7.8 0.4
v 1 7.9 0.4
v 1.1 4.5 0.4
v 1.1 4.6 0.4
v 1.1 7.8 0.4
v 1.1 7.9 0.4
v 1.6 5.1 0.4
v 1.6 5.2 0.4
v 1.6 7.2 0.4
v 1.6 7.3 0.4
v 1.7 5.1 0.4
v 1.7 5.2 0.4
v 1.7 7.2 0.4
v 1.7 7.3 0.4
v 1.8 5.5 0.4
v 1.8 5.6 0.4
v 1.8 6.8 0.4
v 1.8 6.9 0.4
v 1.9 5.5 0.4
v 1.9 5.6 0.4
v 1.9 5.9 0.4
v 1.9 6.5 0.4
v 1.9 6.8 0.4
v 1.9 6.9 0.4
v 2 5.9 0.4
v 2 6.5 0.4
v 2.6 6.1 0.4
v 2.6 6.2 0.4
v 2.7 6.1 0.4
v 2.7 6.2 0.4
v 3 6.1 0.4
v 3 6.2 0.4
v 3.2 6.1 0.4
v 3.2 6.2 0.4
v 3.3 6.1 0.4
v 3.3 6.2 0.4
v -2 5.8 0.3
v -2 5.9 0.3
v -2 6.5 0.3
v -2 6.6 0.3
v -1.9 5.8 0.3
v -1.9 5.9 0.3
v -1.9 6.5 0.3
v -1.9 6.6 0.3
v -1.5 4.8 0.3
v -1.5 4.9 0.3
v -1.5 7.5 0.3
v -1.5 7.6 0.3
v -1.4 4.7 0.3
v -1.4 4.8 0.3
v -1.4 4.9 0.3
v -1.4 7.5 0.3
v -1.4 7.6 0.3
v -1.4 7.7 0.3
v -1.3 4.7 0.3
v -1.3 4.8 0.3
v -1.3 7.6 0.3
v -1.3 7.7 0.3
v -0.4 4.2 0.3
v -0.4 4.3 0.3
v -0.4 8.1 0.3
v -0.4 8.2 0.3
v -0.3 4.2 0.3
v -0.3 4.3 0.3
v -0.3 8.1 0.3
v -0.3 8.2 0.3
v 0.3 4.2 0.3
v 0.3 4.3 0.3
v 0.3 8.1 0.3
v 0.3 8.2 0.3
v 0.4 4.2 0.3
v 0.4 4.3 0.3
v 0.4 8.1 0.3
v 0.4 8.2 0.3
v 1.3 4.7 0.3
v 1.3 4.8 0.3
v 1.3 7.6 0.3
v 1.3 7.7 0.3
v 1.4 4.7 0.3
v 1.4 4.8 0.3
v 1.4 4.9 0.3
v 1.4 7.5 0.3
v 1.4 7.6 0.3
v 1.4 7.7 0.3
v 1.5 4.8 0.3
v 1.5 4.9 0.3
v 1.5 7.5 0.3
v 1.5 7.6 0.3
v 1.9 5.8 0.3
v 1.9 5.9 0.3
v 1.9 6.5 0.3
v 1.9 6.6 0.3
v 2 5.8 0.3
v 2 5.9 0.3
v 2 6.5 0.3
v 2 6.6 0.3
v -1.8 5.2 0.2
v -1.8 5.3 0.2
v -1.8 7.1 0.2
v -1.8 7.2 0.2
v -1.7 5.2 0.2
v -1.7 5.3 0.2
v -1.7 7.1 0.2
v -1.7 7.2 0.2
v -1.6 4.9 0.2
v -1.6 5 0.2
v -1.6 7.4 0.2
v -1.6 7.5 0.2
v -1.5 4.9 0.2
v -1.5 5 0.2
v -1.5 7.4 0.2
v -1.5 7.5 0.2
v -1.3 4.6 0.2
v -1.3 4.7 0.2
v -1.3 7.7 0.2
v -1.3 7.8 0.2
v -1.2 4.6 0.2
v -1.2 4.7 0.2
v -1.2 7.7 0.2
v -1.2 7.8 0.2
v -1 4.4 0.2
v -1 4.5 0.2
v -1 7.9 0.2
v -1 8 0.2
v -0.9 4.4 0.2
v -0.9 4.5 0.2
v -0.9 7.9 0.2
v -0.9 8 0.2
v 0.9 4.4 0.2
v 0.9 4.5 0.2
v 0.9 7.9 0.2
v 0.9 8 0.2
v 1 4.4 0.2
v 1 4.5 0.2
v 1 7.9 0.2
v 1 8 0.2
v 1.2 4.6 0.2
v 1.2 4.7 0.2
v 1.2 7.7 0.2
v 1.2 7.8 0.2
v 1.3 4.6 0.2
v 1.3 4.7 0.2
v 1.3 7.7 0.2
v 1.3 7.8 0.2
v 1.5 4.9 0.2
v 1.5 5 0.2
v 1.5 7.4 0.2
v 1.5 7.5 0.2
v 1.6 4.9 0.2
v 1.6 5 0.2
v 1.6 7.4 0.2
v 1.6 7.5 0.2
v 1.7 5.2 0.2
v 1.7 5.3 0.2
v 1.7 7.1 0.2
v 1.7 7.2 0.2
v 1.8 5.2 0.2
v 1.8 5.3 0.2
v 1.8 7.1 0.2
v 1.8 7.2 0.2
v -1.9 5.4 0.0999999
v -1.9 5.5 0.0999999
v -1.9 6.9 0.0999999
v -1.9 7 0.0999999
v -1.8 5.4 0.0999999
v -1.8 5.5 0.0999999
v -1.8 6.9 0.0999999
v -1.8 7 0.0999999
v -0.8 4.3 0.0999999
v -0.8 4.4 0.0999999
v -0.8 8 0.0999999
v -0.8 8.1 0.0999999
v -0.7 4.3 0.0999999
v -0.7 4.4 0.0999999
v -0.7 8 0.0999999
v -0.7 8.1 0.0999999
v 0.7 4.3 0.0999999
v 0.7 4.4 0.0999999
v 0.7 8 0.0999999
v 0.7 8.1 0.0999999
v 0.8 4.3 0.0999999
v 0.8 4.4 0.0999999
v 0.8 8 0.0999999
v 0.8 8.1 0.0999999
v 1.8 5.4 0.0999999
v 1.8 5.5 0.0999999
v 1.8 6.9 0.0999999
v 1.8 7 0.0999999
v 1.9 5.4 0.0999999
v 1.9 5.5 0.0999999
v 1.9 6.9 0.0999999
v 1.9 7 0.0999999
v -3.6 6.2 -0.3
v -3.6 6.4 -0.3
v -3.5 6.2 -0.3
v -3.5 6.4 -0.3
v -3.2 6.2 -0.3
v -3.2 6.4 -0.3
v -2.9 6.2 -0.3
v -2.9 6.4 -0.3
v -2.7 6.2 -0.3
v -2.7 6.4 -0.3
v 2.6 6.2 -0.3
v 2.6 6.4 -0.3
v 2.7 6.2 -0.3
v 2.7 6.4 -0.3
v 3 6.2 -0.3
v 3 6.4 -0.3
v 3.2 6.2 -0.3
v 3.2 6.4 -0.3
v 3.3 6.2 -0.3
v 3.3 6.4 -0.3
v -2.7 6.3 -0.7
v -2.7 6.4 -0.7
v -2.5 6.3 -0.7
v -2.5 6.4 -0.7
v 2.5 6.3 -0.7
v 2.5 6.4 -0.7
v 2.6 6.3 -0.7
v 2.6 6.4 -0.7
v 2.3 6.3 -0.9
v 2.3 6.4 -0.9
v 2.5 6.3 -0.9
v 2.5 6.4 -0.9
v -3.5 6.4 -1
v -3.5 6.5 -1
v -3.4 6.4 -1
v -3.4 6.5 -1
v -3 6.4 -1
v -2.9 6.4 -1
v -2.9 6.5 -1
v -2.8 6.4 -1
v -2.7 6.4 -1
v -2.7 6.5 -1
v -2.5 6.4 -1
v -2.5 6.5 -1
v 2.3 6.4 -1
v 2.3 6.5 -1
v 2.6 6.4 -1
v 2.6 6.5 -1
v 2.7 6.4 -1
v 2.7 6.5 -1
v 2.9 6.4 -1
v 3.1 6.4 -1
v 3.1 6.5 -1
v 3.2 6.4 -1
v 3.2 6.5 -1
v -3.4 6.5 -1.2
v -3.4 6.6 -1.2
v -3.3 6.5 -1.2
v -3.3 6.6 -1.2
v -2.9 6.5 -1.2
v -2.9 6.6 -1.2
v -2.7 6.5 -1.2
v -2.7 6.6 -1.2
v -2.5 6.5 -1.2
v -2.4 6.5 -1.2
v -2.4 6.6 -1.2
v 2.2 6.5 -1.2
v 2.2 6.6 -1.2
v 2.3 6.5 -1.2
v 2.5 6.5 -1.2
v 2.5 6.6 -1.2
v 2.6 6.5 -1.2
v 2.7 6.5 -1.2
v 2.7 6.6 -1.2
v 3 6.5 -1.2
v 3 6.6 -1.2
v 3.1 6.5 -1.2
v 3.1 6.6 -1.2
v -2.4 6.5 -1.4
v -2.4 6.6 -1.4
v -2.3 6.5 -1.4
v -2.3 6.6 -1.4
v -2.3 6.5 -1.6
v -2.3 6.6 -1.6
v -2.2 6.5 -1.6
v -2.2 6.6 -1.6
v 2.1 6.5 -1.6
v 2.1 6.6 -1.6
v 2.2 6.5 -1.6
v 2.2 6.6 -1.6
v -3.2 6.6 -1.7
v -3.2 6.7 -1.7
v -3 6.6 -1.7
v -3 6.7 -1.7
v -2.7 6.6 -1.7
v -2.7 6.7 -1.7
v -2.5 6.6 -1.7
v -2.5 6.7 -1.7
v -2.2 6.6 -1.7
v -2.2 6.7 -1.7
v 2.1 6.6 -1.7
v 2.1 6.7 -1.7
v 2.2 6.6 -1.7
v 2.2 6.7 -1.7
v 2.5 6.6 -1.7
v 2.5 6.7 -1.7
v 2.7 6.6 -1.7
v 2.7 6.7 -1.7
v 2.9 6.6 -1.7
v 2.9 6.7 -1.7
v -2.2 6.6 -1.8
v -2.2 6.7 -1.8
v -2 6.6 -1.8
v -2 6.7 -1.8
v 2 6.6 -1.8
v 2 6.7 -1.8
v 2.1 6.6 -1.8
v 2.1 6.7 -1.8
v -2.9 6.7 -2
v -2.9 6.8 -2
v -2.8 6.7 -2
v -2.8 6.8 -2
v -2.6 6.7 -2
v -2.4 6.7 -2
v -2.4 6.8 -2
v -2.2 6.7 -2
v -2.2 6.8 -2
v -2 6.7 -2
v -1.6 6.7 -2
v -1.6 6.8 -2
v 1.5 6.7 -2
v 1.5 6.8 -2
v 2 6.7 -2
v 2 6.8 -2
v 2.2 6.7 -2
v 2.2 6.8 -2
v 2.4 6.7 -2
v 2.5 6.7 -2
v 2.5 6.8 -2
v 2.6 6.7 -2
v 2.6 6.8 -2
v 1.4 6.7 -2.2
v 1.4 6.8 -2.2
v 1.5 6.7 -2.2
v 1.5 6.8 -2.2
v -2.6 6.8 -2.3
v -2.6 6.9 -2.3
v -2.5 6.8 -2.3
v -2.5 6.9 -2.3
v -2.2 6.8 -2.3
v -2 6.8 -2.3
v -2 6.9 -2.3
v -1.9 6.8 -2.3
v -1.7 6.8 -2.3
v -1.7 6.9 -2.3
v -1.6 6.8 -2.3
v -1.4 6.8 -2.3
v -1.4 6.9 -2.3
v 1.3 6.8 -2.3
v 1.3 6.9 -2.3
v 1.4 6.8 -2.3
v 1.5 6.8 -2.3
v 1.5 6.9 -2.3
v 1.7 6.8 -2.3
v 1.9 6.8 -2.3
v 1.9 6.9 -2.3
v 2 6.8 -2.3
v 2.2 6.8 -2.3
v 2.2 6.9 -2.3
v 2.3 6.8 -2.3
v 2.3 6.9 -2.3
v -1.4 6.8 -2.4
v -1.4 6.9 -2.4
v -1 6.8 -2.4
v -1 6.9 -2.4
v 1.1 6.8 -2.4
v 1.1 6.9 -2.4
v 1.3 6.8 -2.4
v 1.3 6.9 -2.4
v -1 6.8 -2.6
v -1 6.9 -2.6
v -0.6 6.8 -2.6
v -0.6 6.9 -2.6
v 0.5 6.8 -2.6
v 0.5 6.9 -2.6
v 1.1 6.8 -2.6
v 1.1 6.9 -2.6
v -0.6 6.8 -2.7
v -0.6 6.9 -2.7
v 0.5 6.8 -2.7
v 0.5 6.9 -2.7
v -2.2 6.9 -2.8
v -2.2 7 -2.8
v -1.9 6.9 -2.8
v -1.9 7 -2.8
v -1.6 6.9 -2.8
v -1.4 6.9 -2.8
v -1.4 7 -2.8
v -1 6.9 -2.8
v -0.6 6.9 -2.8
v -0.6 7 -2.8
v 0.5 6.9 -2.8
v 0.5 7 -2.8
v 0.9 6.9 -2.8
v 1.2 6.9 -2.8
v 1.2 7 -2.8
v 1.4 6.9 -2.8
v 1.6 6.9 -2.8
v 1.6 7 -2.8
v 1.9 6.9 -2.8
v 1.9 7 -2.8
v -1.7 7 -3
v -1.7 7.1 -3
v -1.5 7 -3
v -1.5 7.1 -3
v -1 7 -3
v -0.7 7 -3
v -0.7 7.1 -3
v 0.5 7 -3
v 0.5 7.1 -3
v 0.9 7 -3
v 1.2 7 -3
v 1.2 7.1 -3
v 1.4 7 -3
v 1.4 7.1 -3
v -1.7 5.2 3.1
v -1.7 5.3 3.1
v -1.5 5.2 3.1
v -1.5 5.3 3.1
v -0.7 5.3 3.1
v 0.5 5.3 3.1
v 1.2 5.2 3.1
v 1.2 5.3 3.1
v 1.4 5.2 3.1
v 1.4 5.3 3.1
v -2.2 5.3 2.9
v -2.2 5.4 2.9
v -1.9 5.3 2.9
v -1.9 5.4 2.9
v -1.4 5.4 2.9
v -1 5.3 2.9
v -1 5.4 2.9
v -0.6 5.4 2.9
v 0.5 5.4 2.9
v 0.9 5.3 2.9
v 0.9 5.4 2.9
v 1.2 5.4 2.9
v 1.6 5.3 2.9
v 1.6 5.4 2.9
v 1.9 5.3 2.9
v 1.9 5.4 2.9
v -0.8 5.4 2.5
v -0.8 5.5 2.5
v 0.7 5.4 2.5
v 0.7 5.5 2.5
v -2.6 5.4 2.4
v -2.6 5.5 2.4
v -2.5 5.4 2.4
v -2.5 5.5 2.4
v -2 5.5 2.4
v -1.9 5.4 2.4
v -1.9 5.5 2.4
v -1.7 5.5 2.4
v -1.6 5.4 2.4
v -1.6 5.5 2.4
v -1 5.5 2.4
v -0.8 5.4 2.4
v -0.8 5.5 2.4
v 0.7 5.4 2.4
v 0.7 5.5 2.4
v 1.1 5.5 2.4
v 1.4 5.4 2.4
v 1.4 5.5 2.4
v 1.5 5.5 2.4
v 1.7 5.4 2.4
v 1.7 5.5 2.4
v 1.9 5.5 2.4
v 2.2 5.4 2.4
v 2.2 5.5 2.4
v 2.3 5.4 2.4
v 2.3 5.5 2.4
v -1.4 5.5 2.3
v -1.4 5.6 2.3
v -1 5.5 2.3
v -1 5.6 2.3
v 1.1 5.5 2.3
v 1.1 5.6 2.3
v 1.3 5.5 2.3
v 1.3 5.6 2.3
v -1.6 5.5 2.2
v -1.6 5.6 2.2
v -1.4 5.5 2.2
v -1.4 5.6 2.2
v 1.3 5.5 2.2
v 1.3 5.6 2.2
v 1.4 5.5 2.2
v 1.4 5.6 2.2
v -2.9 5.5 2.1
v -2.9 5.6 2.1
v -2.8 5.5 2.1
v -2.8 5.6 2.1
v -2.5 5.6 2.1
v -2.3 5.5 2.1
v -2.3 5.6 2.1
v -2 5.5 2.1
v -2 5.6 2.1
v -1.7 5.6 2.1
v -1.6 5.5 2.1
v -1.6 5.6 2.1
v 1.4 5.5 2.1
v 1.4 5.6 2.1
v 1.7 5.6 2.1
v 1.9 5.5 2.1
v 1.9 5.6 2.1
v 2.1 5.5 2.1
v 2.1 5.6 2.1
v 2.3 5.6 2.1
v 2.5 5.5 2.1
v 2.5 5.6 2.1
v 2.6 5.5 2.1
v 2.6 5.6 2.1
v -1.9 5.6 1.9
v -1.9 5.7 1.9
v -1.7 5.6 1.9
v -1.7 5.7 1.9
v 1.7 5.6 1.9
v 1.7 5.7 1.9
v 1.9 5.6 1.9
v 1.9 5.7 1.9
v -3.2 5.6 1.8
v -3.2 5.7 1.8
v -3 5.6 1.8
v -3 5.7 1.8
v -2.7 5.7 1.8
v -2.6 5.6 1.8
v -2.6 5.7 1.8
v -2.5 5.7 1.8
v -2.4 5.6 1.8
v -2.4 5.7 1.8
v -2 5.7 1.8
v -1.9 5.6 1.8
v -1.9 5.7 1.8
v 1.9 5.6 1.8
v 1.9 5.7 1.8
v 2 5.7 1.8
v 2.2 5.6 1.8
v 2.2 5.7 1.8
v 2.4 5.6 1.8
v 2.4 5.7 1.8
v 2.5 5.7 1.8
v 2.7 5.6 1.8
v 2.7 5.7 1.8
v 2.9 5.6 1.8
v 2.9 5.7 1.8
v -2.2 5.7 1.7
v -2.2 5.8 1.7
v -2 5.7 1.7
v -2 5.8 1.7
v 2 5.7 1.7
v 2 5.8 1.7
v 2.1 5.7 1.7
v 2.1 5.8 1.7
v -2.3 5.7 1.5
v -2.3 5.8 1.5
v -2.2 5.7 1.5
v -2.2 5.8 1.5
v 2.1 5.7 1.5
v 2.1 5.8 1.5
v 2.2 5.7 1.5
v 2.2 5.8 1.5
v -3.4 5.7 1.3
v -3.4 5.8 1.3
v -3.3 5.7 1.3
v -3.3 5.8 1.3
v -2.9 5.8 1.3
v -2.8 5.7 1.3
v -2.8 5.8 1.3
v -2.7 5.8 1.3
v -2.5 5.7 1.3
v -2.5 5.8 1.3
v -2.4 5.8 1.3
v -2.3 5.7 1.3
v -2.3 5.8 1.3
v 2.2 5.7 1.3
v 2.2 5.8 1.3
v 2.3 5.7 1.3
v 2.3 5.8 1.3
v 2.5 5.8 1.3
v 2.6 5.7 1.3
v 2.6 5.8 1.3
v 2.7 5.8 1.3
v 3 5.7 1.3
v 3 5.8 1.3
v 3.1 5.7 1.3
v 3.1 5.8 1.3
v -3.5 5.8 1.1
v -3.5 5.9 1.1
v -3.4 5.8 1.1
v -3.4 5.9 1.1
v -2.9 5.8 1.1
v -2.9 5.9 1.1
v -2.7 5.8 1.1
v -2.7 5.9 1.1
v -2.5 5.9 1.1
v -2.4 5.8 1.1
v -2.4 5.9 1.1
v 2.2 5.8 1.1
v 2.2 5.9 1.1
v 2.3 5.9 1.1
v 2.6 5.8 1.1
v 2.6 5.9 1.1
v 2.7 5.8 1.1
v 2.7 5.9 1.1
v 3.1 5.8 1.1
v 3.1 5.9 1.1
v 3.2 5.8 1.1
v 3.2 5.9 1.1
v 2.3 5.9 0.8
v 2.3 6 0.8
v 2.5 5.9 0.8
v 2.5 6 0.8
v -2.7 5.9 0.5
v -2.7 6 0.5
v -2.5 5.9 0.5
v -2.5 6 0.5
v 2.5 5.9 0.5
v 2.5 6 0.5
v 2.6 5.9 0.5
v 2.6 6 0.5
v -3.6 5.9 0.4
v -3.6 6.1 0.4
v -3.5 5.9 0.4
v -3.5 6.1 0.4
v -3.2 5.9 0.4
v -3.2 6.1 0.4
v -2.9 5.9 0.4
v -2.9 6.1 0.4
v -2.7 5.9 0.4
v -2.7 6.1 0.4
v 2.6 5.9 0.4
v 2.6 6.1 0.4
v 2.7 5.9 0.4
v 2.7 6.1 0.4
v 3 5.9 0.4
v 3 6.1 0.4
v 3.2 5.9 0.4
v 3.2 6.1 0.4
v 3.3 5.9 0.4
v 3.3 6.1 0.4
v -1.9 5.4 -0.0999999
v -1.9 5.5 -0.0999999
v -1.9 6.9 -0.0999999
v -1.9 7 -0.0999999
v -1.8 5.4 -0.0999999
v -1.8 5.5 -0.0999999
v -1.8 6.9 -0.0999999
v -1.8 7 -0.0999999
v -0.8 4.3 -0.0999999
v -0.8 4.4 -0.0999999
v -0.8 8 -0.0999999
v -0.8 8.1 -0.0999999
v -0.7 4.3 -0.0999999
v -0.7 4.4 -0.0999999
v -0.7 8 -0.0999999
v -0.7 8.1 -0.0999999
v 0.7 4.3 -0.0999999
v 0.7 4.4 -0.0999999
v 0.7 8 -0.0999999
v 0.7 8.1 -0.0999999
v 0.8 4.3 -0.0999999
v 0.8 4.4 -0.0999999
v 0.8 8 -0.0999999
v 0.8 8.1 -0.0999999
v 1.8 5.4 -0.0999999
v 1.8 5.5 -0.0999999
v 1.8 6.9 -0.0999999
v 1.8 7 -0.0999999
v 1.9 5.4 -0.0999999
v 1.9 5.5 -0.0999999
v 1.9 6.9 -0.0999999
v 1.9 7 -0.0999999
v -1.8 5.2 -0.2
v -1.8 5.3 -0.2
v -1.8 7.1 -0.2
v -1.8 7.2 -0.2
v -1.7 5.2 -0.2
v -1.7 5.3 -0.2
v -1.7 7.1 -0.2
v -1.7 7.2 -0.2
v -1.6 4.9 -0.2
v -1.6 5 -0.2
v -1.6 7.4 -0.2
v -1.6 7.5 -0.2
v -1.5 4.9 -0.2
v -1.5 5 -0.2
v -1.5 7.4 -0.2
v -1.5 7.5 -0.2
v -1.3 4.6 -0.2
v -1.3 4.7 -0.2
v -1.3 7.7 -0.2
v -1.3 7.8 -0.2
v -1.2 4.6 -0.2
v -1.2 4.7 -0.2
v -1.2 7.7 -0.2
v -1.2 7.8 -0.2
v -1 4.4 -0.2
v -1 4.5 -0.2
v -1 7.9 -0.2
v -1 8 -0.2
v -0.9 4.4 -0.2
v -0.9 4.5 -0.2
v -0.9 7.9 -0.2
v -0.9 8 -0.2
v 0.9 4.4 -0.2
v 0.9 4.5 -0.2
v 0.9 7.9 -0.2
v 0.9 8 -0.2
v 1 4.4 -0.2
v 1 4.5 -0.2
v 1 7.9 -0.2
v 1 8 -0.2
v 1.2 4.6 -0.2
v 1.2 4.7 -0.2
v 1.2 7.7 -0.2
v 1.2 7.8 -0.2
v 1.3 4.6 -0.2
v 1.3 4.7 -0.2
v 1.3 7.7 -0.2
v 1.3 7.8 -0.2
v 1.5 4.9 -0.2
v 1.5 5 -0.2
v 1.5 7.4 -0.2
v 1.5 7.5 -0.2
v 1.6 4.9 -0.2
v 1.6 5 -0.2
v 1.6 7.4 -0.2
v 1.6 7.5 -0.2
v 1.7 5.2 -0.2
v 1.7 5.3 -0.2
v 1.7 7.1 -0.2
v 1.7 7.2 -0.2
v 1.8 5.2 -0.2
v 1.8 5.3 -0.2
v 1.8 7.1 -0.2
v 1.8 7.2 -0.2
v -3.6 6.1 -0.3
v -3.6 6.2 -0.3
v -3.5 6.1 -0.3
v -3.5 6.2 -0.3
v -3.2 6.1 -0.3
v -3.2 6.2 -0.3
v -2.9 6.1 -0.3
v -2.9 6.2 -0.3
v -2.7 6.1 -0.3
v -2.7 6.2 -0.3
v -2 5.8 -0.3
v -2 5.9 -0.3
v -2 6.5 -0.3
v -2 6.6 -0.3
v -1.9 5.8 -0.3
v -1.9 5.9 -0.3
v -1.9 6.5 -0.3
v -1.9 6.6 -0.3
v -1.5 4.8 -0.3
v -1.5 4.9 -0.3
v -1.5 7.5 -0.3
v -1.5 7.6 -0.3
v -1.4 4.7 -0.3
v -1.4 4.8 -0.3
v -1.4 4.9 -0.3
v -1.4 7.5 -0.3
v -1.4 7.6 -0.3
v -1.4 7.7 -0.3
v -1.3 4.7 -0.3
v -1.3 4.8 -0.3
v -1.3 7.6 -0.3
v -1.3 7.7 -0.3
v -0.4 4.2 -0.3
v -0.4 4.3 -0.3
v -0.4 8.1 -0.3
v -0.4 8.2 -0.3
v -0.3 4.2 -0.3
v -0.3 4.3 -0.3
v -0.3 8.1 -0.3
v -0.3 8.2 -0.3
v 0.3 4.2 -0.3
v 0.3 4.3 -0.3
v 0.3 8.1 -0.3
v 0.3 8.2 -0.3
v 0.4 4.2 -0.3
v 0.4 4.3 -0.3
v 0.4 8.1 -0.3
v 0.4 8.2 -0.3
v 1.3 4.7 -0.3
v 1.3 4.8 -0.3
v 1.3 7.6 -0.3
v 1.3 7.7 -0.3
v 1.4 4.7 -0.3
v 1.4 4.8 -0.3
v 1.4 4.9 -0.3
v 1.4 7.5 -0.3
v 1.4 7.6 -0.3
v 1.4 7.7 -0.3
v 1.5 4.8 -0.3
v 1.5 4.9 -0.3
v 1.5 7.5 -0.3
v 1.5 7.6 -0.3
v 1.9 5.8 -0.3
v 1.9 5.9 -0.3
v 1.9 6.5 -0.3
v 1.9 6.6 -0.3
v 2 5.8 -0.3
v 2 5.9 -0.3
v 2 6.5 -0.3
v 2 6.6 -0.3
v 2.6 6.1 -0.3
v 2.6 6.2 -0.3
v 2.7 6.1 -0.3
v 2.7 6.2 -0.3
v 3 6.1 -0.3
v 3 6.2 -0.3
v 3.2 6.1 -0.3
v 3.2 6.2 -0.3
v 3.3 6.1 -0.3
v 3.3 6.2 -0.3
v -3.6 6.2 -0.4
v -3.6 6.3 -0.4
v -3.5 6.2 -0.4
v -3.5 6.3 -0.4
v -3.2 6.2 -0.4
v -3.2 6.3 -0.4
v -2.9 6.2 -0.4
v -2.9 6.3 -0.4
v -2.7 6.2 -0.4
v -2.7 6.3 -0.4
v -2 5.9 -0.4
v -2 6.5 -0.4
v -1.9 5.5 -0.4
v -1.9 5.6 -0.4
v -1.9 5.9 -0.4
v -1.9 6.5 -0.4
v -1.9 6.8 -0.4
v -1.9 6.9 -0.4
v -1.8 5.5 -0.4
v -1.8 5.6 -0.4
v -1.8 6.8 -0.4
v -1.8 6.9 -0.4
v -1.7 5.1 -0.4
v -1.7 5.2 -0.4
v -1.7 7.2 -0.4
v -1.7 7.3 -0.4
v -1.6 5.1 -0.4
v -1.6 5.2 -0.4
v -1.6 7.2 -0.4
v -1.6 7.3 -0.4
v -1.1 4.5 -0.4
v -1.1 4.6 -0.4
v -1.1 7.8 -0.4
v -1.1 7.9 -0.4
v -1 4.5 -0.4
v -1 4.6 -0.4
v -1 7.8 -0.4
v -1 7.9 -0.4
v -0.7 4.3 -0.4
v -0.7 4.4 -0.4
v -0.7 8 -0.4
v -0.7 8.1 -0.4
v -0.6 4.3 -0.4
v -0.6 4.4 -0.4
v -0.6 8 -0.4
v -0.6 8.1 -0.4
v -0.3 4.2 -0.4
v -0.3 4.3 -0.4
v -0.3 8.1 -0.4
v -0.3 8.2 -0.4
v 0.3 4.2 -0.4
v 0.3 4.3 -0.4
v 0.3 8.1 -0.4
v 0.3 8.2 -0.4
v 0.6 4.3 -0.4
v 0.6 4.4 -0.4
v 0.6 8 -0.4
v 0.6 8.1 -0.4
v 0.7 4.3 -0.4
v 0.7 4.4 -0.4
v 0.7 8 -0.4
v 0.7 8.1 -0.4
v 1 4.5 -0.4
v 1 4.6 -0.4
v 1 7.8 -0.4
v 1 7.9 -0.4
v 1.1 4.5 -0.4
v 1.1 4.6 -0.4
v 1.1 7.8 -0.4
v 1.1 7.9 -0.4
v 1.6 5.1 -0.4
v 1.6 5.2 -0.4
v 1.6 7.2 -0.4
v 1.6 7.3 -0.4
v 1.7 5.1 -0.4
v 1.7 5.2 -0.4
v 1.7 7.2 -0.4
v 1.7 7.3 -0.4
v 1.8 5.5 -0.4
v 1.8 5.6 -0.4
v 1.8 6.8 -0.4
v 1.8 6.9 -0.4
v 1.9 5.5 -0.4
v 1.9 5.6 -0.4
v 1.9 5.9 -0.4
v 1.9 6.4 -0.4
v 1.9 6.5 -0.4
v 1.9 6.8 -0.4
v 1.9 6.9 -0.4
v 2 5.9 -0.4
v 2 6.4 -0.4
v 2 6.5 -0.4
v 2.6 6.2 -0.4
v 2.6 6.3 -0.4
v 2.7 6.2 -0.4
v 2.7 6.3 -0.4
v 3 6.2 -0.4
v 3 6.3 -0.4
v 3.2 6.2 -0.4
v 3.2 6.3 -0.4
v 3.3 6.2 -0.4
v 3.3 6.3 -0.4
v -1.9 5.6 -0.5
v -1.9 5.7 -0.5
v -1.9 6.7 -0.5
v -1.9 6.8 -0.5
v -1.8 5.3 -0.5
v -1.8 5.4 -0.5
v -1.8 5.6 -0.5
v -1.8 5.7 -0.5
v -1.8 6.7 -0.5
v -1.8 6.8 -0.5
v -1.8 7 -0.5
v -1.8 7.1 -0.5
v -1.7 5.3 -0.5
v -1.7 5.4 -0.5
v -1.7 7 -0.5
v -1.7 7.1 -0.5
v -1.6 5 -0.5
v -1.6 5.1 -0.5
v -1.6 7.3 -0.5
v -1.6 7.4 -0.5
v -1.5 5 -0.5
v -1.5 5.1 -0.5
v -1.5 7.3 -0.5
v -1.5 7.4 -0.5
v -1.2 4.6 -0.5
v -1.2 4.7 -0.5
v -1.2 7.7 -0.5
v -1.2 7.8 -0.5
v -1.1 4.6 -0.5
v -1.1 4.7 -0.5
v -1.1 7.7 -0.5
v -1.1 7.8 -0.5
v -0.9 4.4 -0.5
v -0.9 4.5 -0.5
v -0.9 7.9 -0.5
v -0.9 8 -0.5
v -0.8 4.4 -0.5
v -0.8 4.5 -0.5
v -0.8 7.9 -0.5
v -0.8 8 -0.5
v -0.6 4.3 -0.5
v -0.6 4.4 -0.5
v -0.6 8 -0.5
v -0.6 8.1 -0.5
v -0.5 4.3 -0.5
v -0.5 4.4 -0.5
v -0.5 8 -0.5
v -0.5 8.1 -0.5
v 0.5 4.3 -0.5
v 0.5 4.4 -0.5
v 0.5 8 -0.5
v 0.5 8.1 -0.5
v 0.6 4.3 -0.5
v 0.6 4.4 -0.5
v 0.6 8 -0.5
v 0.6 8.1 -0.5
v 0.8 4.4 -0.5
v 0.8 4.5 -0.5
v 0.8 7.9 -0.5
v 0.8 8 -0.5
v 0.9 4.4 -0.5
v 0.9 4.5 -0.5
v 0.9 7.9 -0.5
v 0.9 8 -0.5
v 1.1 4.6 -0.5
v 1.1 4.7 -0.5
v 1.1 7.7 -0.5
v 1.1 7.8 -0.5
v 1.2 4.6 -0.5
v 1.2 4.7 -0.5
v 1.2 7.7 -0.5
v 1.2 7.8 -0.5
v 1.5 5 -0.5
v 1.5 5.1 -0.5
v 1.5 7.3 -0.5
v 1.5 7.4 -0.5
v 1.6 5 -0.5
v 1.6 5.1 -0.5
v 1.6 7.3 -0.5
v 1.6 7.4 -0.5
v 1.7 5.3 -0.5
v 1.7 5.4 -0.5
v 1.7 7 -0.5
v 1.7 7.1 -0.5
v 1.8 5.3 -0.5
v 1.8 5.4 -0.5
v 1.8 5.6 -0.5
v 1.8 5.7 -0.5
v 1.8 6.7 -0.5
v 1.8 6.8 -0.5
v 1.8 7 -0.5
v 1.8 7.1 -0.5
v 1.9 5.6 -0.5
v 1.9 5.7 -0.5
v 1.9 6.7 -0.5
v 1.9 6.8 -0.5
v -1.9 5.7 -0.6
v -1.9 5.8 -0.6
v -1.9 6.6 -0.6
v -1.9 6.7 -0.6
v -1.8 5.4 -0.6
v -1.8 5.5 -0.6
v -1.8 5.7 -0.6
v -1.8 5.8 -0.6
v -1.8 6.6 -0.6
v -1.8 6.7 -0.6
v -1.8 6.9 -0.6
v -1.8 7 -0.6
v -1.7 5.2 -0.6
v -1.7 5.3 -0.6
v -1.7 5.4 -0.6
v -1.7 5.5 -0.6
v -1.7 6.9 -0.6
v -1.7 7 -0.6
v -1.7 7.1 -0.6
v -1.7 7.2 -0.6
v -1.6 5.2 -0.6
v -1.6 5.3 -0.6
v -1.6 7.1 -0.6
v -1.6 7.2 -0.6
v -1.5 4.9 -0.6
v -1.5 5 -0.6
v -1.5 7.4 -0.6
v -1.5 7.5 -0.6
v -1.4 4.8 -0.6
v -1.4 4.9 -0.6
v -1.4 5 -0.6
v -1.4 7.4 -0.6
v -1.4 7.5 -0.6
v -1.4 7.6 -0.6
v -1.3 4.7 -0.6
v -1.3 4.8 -0.6
v -1.3 4.9 -0.6
v -1.3 7.5 -0.6
v -1.3 7.6 -0.6
v -1.3 7.7 -0.6
v -1.2 4.7 -0.6
v -1.2 4.8 -0.6
v -1.2 7.6 -0.6
v -1.2 7.7 -0.6
v -1 4.5 -0.6
v -1 4.6 -0.6
v -1 7.8 -0.6
v -1 7.9 -0.6
v -0.9 4.5 -0.6
v -0.9 4.6 -0.6
v -0.9 7.8 -0.6
v -0.9 7.9 -0.6
v -0.8 4.4 -0.6
v -0.8 4.5 -0.6
v -0.8 7.9 -0.6
v -0.8 8 -0.6
v -0.7 4.4 -0.6
v -0.7 4.5 -0.6
v -0.7 7.9 -0.6
v -0.7 8 -0.6
v -0.5 4.3 -0.6
v -0.5 4.4 -0.6
v -0.5 8 -0.6
v -0.5 8.1 -0.6
v -0.4 4.3 -0.6
v -0.4 4.4 -0.6
v -0.4 8 -0.6
v -0.4 8.1 -0.6
v 0.4 4.3 -0.6
v 0.4 4.4 -0.6
v 0.4 8 -0.6
v 0.4 8.1 -0.6
v 0.5 4.3 -0.6
v 0.5 4.4 -0.6
v 0.5 8 -0.6
v 0.5 8.1 -0.6
v 0.7 4.4 -0.6
v 0.7 4.5 -0.6
v 0.7 7.9 -0.6
v 0.7 8 -0.6
v 0.8 4.4 -0.6
v 0.8 4.5 -0.6
v 0.8 7.9 -0.6
v 0.8 8 -0.6
v 0.9 4.5 -0.6
v 0.9 4.6 -0.6
v 0.9 7.8 -0.6
v 0.9 7.9 -0.6
v 1 4.5 -0.6
v 1 4.6 -0.6
v 1 7.8 -0.6
v 1 7.9 -0.6
v 1.2 4.7 -0.6
v 1.2 4.8 -0.6
v 1.2 7.6 -0.6
v 1.2 7.7 -0.6
v 1.3 4.7 -0.6
v 1.3 4.8 -0.6
v 1.3 4.9 -0.6
v 1.3 7.5 -0.6
v 1.3 7.6 -0.6
v 1.3 7.7 -0.6
v 1.4 4.8 -0.6
v 1.4 4.9 -0.6
v 1.4 5 -0.6
v 1.4 7.4 -0.6
v 1.4 7.5 -0.6
v 1.4 7.6 -0.6
v 1.5 4.9 -0.6
v 1.5 5 -0.6
v 1.5 7.4 -0.6
v 1.5 7.5 -0.6
v 1.6 5.2 -0.6
v 1.6 5.3 -0.6
v 1.6 7.1 -0.6
v 1.6 7.2 -0.6
v 1.7 5.2 -0.6
v 1.7 5.3 -0.6
v 1.7 5.4 -0.6
v 1.7 5.5 -0.6
v 1.7 6.9 -0.6
v 1.7 7 -0.6
v 1.7 7.1 -0.6
v 1.7 7.2 -0.6
v 1.8 5.4 -0.6
v 1.8 5.5 -0.6
v 1.8 5.7 -0.6
v 1.8 5.8 -0.6
v 1.8 6.6 -0.6
v 1.8 6.7 -0.6
v 1.8 6.9 -0.6
v 1.8 7 -0.6
v 1.9 5.7 -0.6
v 1.9 5.8 -0.6
v 1.9 6.6 -0.6
v 1.9 6.7 -0.6
v -3.6 6.3 -0.7
v -3.6 6.4 -0.7
v -3.5 6.3 -0.7
v -3.5 6.4 -0.7
v -1.9 5.8 -0.7
v -1.9 6.1 -0.7
v -1.9 6.3 -0.7
v -1.9 6.4 -0.7
v -1.9 6.6 -0.7
v -1.8 5.5 -0.7
v -1.8 5.6 -0.7
v -1.8 5.8 -0.7
v -1.8 6.1 -0.7
v -1.8 6.3 -0.7
v -1.8 6.4 -0.7
v -1.8 6.6 -0.7
v -1.8 6.8 -0.7
v -1.8 6.9 -0.7
v -1.7 5.3 -0.7
v -1.7 5.4 -0.7
v -1.7 5.5 -0.7
v -1.7 5.6 -0.7
v -1.7 6.8 -0.7
v -1.7 6.9 -0.7
v -1.7 7 -0.7
v -1.7 7.1 -0.7
v -1.6 5.1 -0.7
v -1.6 5.2 -0.7
v -1.6 5.3 -0.7
v -1.6 5.4 -0.7
v -1.6 7 -0.7
v -1.6 7.1 -0.7
v -1.6 7.2 -0.7
v -1.6 7.3 -0.7
v -1.5 5.1 -0.7
v -1.5 5.2 -0.7
v -1.5 7.2 -0.7
v -1.5 7.3 -0.7
v -1.1 4.6 -0.7
v -1.1 4.7 -0.7
v -1.1 7.7 -0.7
v -1.1 7.8 -0.7
v -1 4.6 -0.7
v -1 4.7 -0.7
v -1 7.7 -0.7
v -1 7.8 -0.7
v -0.9 4.5 -0.7
v -0.9 4.6 -0.7
v -0.9 7.8 -0.7
v -0.9 7.9 -0.7
v -0.8 4.5 -0.7
v -0.8 4.6 -0.7
v -0.8 7.8 -0.7
v -0.8 7.9 -0.7
v -0.7 4.4 -0.7
v -0.7 4.5 -0.7
v -0.7 7.9 -0.7
v -0.7 8 -0.7
v -0.6 4.4 -0.7
v -0.6 4.5 -0.7
v -0.6 7.9 -0.7
v -0.6 8 -0.7
v -0.4 4.3 -0.7
v -0.4 4.4 -0.7
v -0.4 8 -0.7
v -0.4 8.1 -0.7
v -0.2 4.4 -0.7
v -0.0999999 4.3 -0.7
v -0.0999999 4.4 -0.7
v -0.0999999 8 -0.7
v -0.0999999 8.1 -0.7
v 0.0999999 4.3 -0.7
v 0.0999999 4.4 -0.7
v 0.0999999 8 -0.7
v 0.0999999 8.1 -0.7
v 0.4 4.3 -0.7
v 0.4 4.4 -0.7
v 0.4 8 -0.7
v 0.4 8.1 -0.7
v 0.6 4.4 -0.7
v 0.6 4.5 -0.7
v 0.6 7.9 -0.7
v 0.6 8 -0.7
v 0.7 4.4 -0.7
v 0.7 4.5 -0.7
v 0.7 7.9 -0.7
v 0.7 8 -0.7
v 0.8 4.5 -0.7
v 0.8 4.6 -0.7
v 0.8 7.8 -0.7
v 0.8 7.9 -0.7
v 0.9 4.5 -0.7
v 0.9 4.6 -0.7
v 0.9 7.8 -0.7
v 0.9 7.9 -0.7
v 1 4.6 -0.7
v 1 4.7 -0.7
v 1 7.7 -0.7
v 1 7.8 -0.7
v 1.1 4.6 -0.7
v 1.1 4.7 -0.7
v 1.1 7.7 -0.7
v 1.1 7.8 -0.7
v 1.5 5.1 -0.7
v 1.5 5.2 -0.7
v 1.5 7.2 -0.7
v 1.5 7.3 -0.7
v 1.6 5.1 -0.7
v 1.6 5.2 -0.7
v 1.6 5.3 -0.7
v 1.6 5.4 -0.7
v 1.6 7 -0.7
v 1.6 7.1 -0.7
v 1.6 7.2 -0.7
v 1.6 7.3 -0.7
v 1.7 5.3 -0.7
v 1.7 5.4 -0.7
v 1.7 5.5 -0.7
v 1.7 5.6 -0.7
v 1.7 6.8 -0.7
v 1.7 6.9 -0.7
v 1.7 7 -0.7
v 1.7 7.1 -0.7
v 1.8 5.5 -0.7
v 1.8 5.6 -0.7
v 1.8 5.8 -0.7
v 1.8 6.1 -0.7
v 1.8 6.3 -0.7
v 1.8 6.6 -0.7
v 1.8 6.8 -0.7
v 1.8 6.9 -0.7
v 1.9 5.8 -0.7
v 1.9 6.1 -0.7
v 1.9 6.3 -0.7
v 1.9 6.6 -0.7
v 3.2 6.3 -0.7
v 3.2 6.4 -0.7
v 3.3 6.3 -0.7
v 3.3 6.4 -0.7
v -1.9 6.1 -0.8
v -1.9 6.2 -0.8
v -1.9 6.3 -0.8
v -1.8 5.6 -0.8
v -1.8 5.7 -0.8
v -1.8 6.1 -0.8
v -1.8 6.2 -0.8
v -1.8 6.3 -0.8
v -1.8 6.7 -0.8
v -1.8 6.8 -0.8
v -1.7 5.4 -0.8
v -1.7 5.5 -0.8
v -1.7 5.6 -0.8
v -1.7 5.7 -0.8
v -1.7 6.7 -0.8
v -1.7 6.8 -0.8
v -1.7 6.9 -0.8
v -1.7 7 -0.8
v -1.6 5.2 -0.8
v -1.6 5.3 -0.8
v -1.6 5.4 -0.8
v -1.6 5.5 -0.8
v -1.6 6.9 -0.8
v -1.6 7 -0.8
v -1.6 7.1 -0.8
v -1.6 7.2 -0.8
v -1.5 5 -0.8
v -1.5 5.1 -0.8
v -1.5 5.2 -0.8
v -1.5 5.3 -0.8
v -1.5 7.1 -0.8
v -1.5 7.2 -0.8
v -1.5 7.3 -0.8
v -1.5 7.4 -0.8
v -1.4 4.9 -0.8
v -1.4 5 -0.8
v -1.4 5.1 -0.8
v -1.4 7.3 -0.8
v -1.4 7.4 -0.8
v -1.4 7.5 -0.8
v -1.3 4.8 -0.8
v -1.3 4.9 -0.8
v -1.3 5 -0.8
v -1.3 7.4 -0.8
v -1.3 7.5 -0.8
v -1.3 7.6 -0.8
v -1.2 4.7 -0.8
v -1.2 4.8 -0.8
v -1.2 4.9 -0.8
v -1.2 7.5 -0.8
v -1.2 7.6 -0.8
v -1.2 7.7 -0.8
v -1.1 4.7 -0.8
v -1.1 4.8 -0.8
v -1.1 7.6 -0.8
v -1.1 7.7 -0.8
v -1 4.6 -0.8
v -1 4.7 -0.8
v -1 7.7 -0.8
v -1 7.8 -0.8
v -0.9 4.6 -0.8
v -0.9 4.7 -0.8
v -0.9 7.7 -0.8
v -0.9 7.8 -0.8
v -0.8 4.5 -0.8
v -0.8 4.6 -0.8
v -0.8 7.8 -0.8
v -0.8 7.9 -0.8
v -0.7 4.5 -0.8
v -0.7 4.6 -0.8
v -0.7 7.8 -0.8
v -0.7 7.9 -0.8
v -0.6 4.4 -0.8
v -0.6 4.5 -0.8
v -0.6 7.9 -0.8
v -0.6 8 -0.8
v -0.5 4.4 -0.8
v -0.5 4.5 -0.8
v -0.5 7.9 -0.8
v -0.5 8 -0.8
v -0.0999999 4.3 -0.8
v -0.0999999 4.4 -0.8
v -0.0999999 8 -0.8
v -0.0999999 8.1 -0.8
v 0.0999999 4.3 -0.8
v 0.0999999 4.4 -0.8
v 0.0999999 8 -0.8
v 0.0999999 8.1 -0.8
v 0.5 4.4 -0.8
v 0.5 4.5 -0.8
v 0.5 7.9 -0.8
v 0.5 8 -0.8
v 0.6 4.4 -0.8
v 0.6 4.5 -0.8
v 0.6 7.9 -0.8
v 0.6 8 -0.8
v 0.7 4.5 -0.8
v 0.7 4.6 -0.8
v 0.7 7.8 -0.8
v 0.7 7.9 -0.8
v 0.8 4.5 -0.8
v 0.8 4.6 -0.8
v 0.8 7.8 -0.8
v 0.8 7.9 -0.8
v 0.9 4.6 -0.8
v 0.9 4.7 -0.8
v 0.9 7.7 -0.8
v 0.9 7.8 -0.8
v 1 4.6 -0.8
v 1 4.7 -0.8
v 1 7.7 -0.8
v 1 7.8 -0.8
v 1.1 4.7 -0.8
v 1.1 4.8 -0.8
v 1.1 7.6 -0.8
v 1.1 7.7 -0.8
v 1.2 4.7 -0.8
v 1.2 4.8 -0.8
v 1.2 4.9 -0.8
v 1.2 7.5 -0.8
v 1.2 7.6 -0.8
v 1.2 7.7 -0.8
v 1.3 4.8 -0.8
v 1.3 4.9 -0.8
v 1.3 5 -0.8
v 1.3 7.4 -0.8
v 1.3 7.5 -0.8
v 1.3 7.6 -0.8
v 1.4 4.9 -0.8
v 1.4 5 -0.8
v 1.4 5.1 -0.8
v 1.4 7.3 -0.8
v 1.4 7.4 -0.8
v 1.4 7.5 -0.8
v 1.5 5 -0.8
v 1.5 5.1 -0.8
v 1.5 5.2 -0.8
v 1.5 5.3 -0.8
v 1.5 7.1 -0.8
v 1.5 7.2 -0.8
v 1.5 7.3 -0.8
v 1.5 7.4 -0.8
v 1.6 5.2 -0.8
v 1.6 5.3 -0.8
v 1.6 5.4 -0.8
v 1.6 5.5 -0.8
v 1.6 6.9 -0.8
v 1.6 7 -0.8
v 1.6 7.1 -0.8
v 1.6 7.2 -0.8
v 1.7 5.4 -0.8
v 1.7 5.5 -0.8
v 1.7 5.6 -0.8
v 1.7 5.7 -0.8
v 1.7 6.7 -0.8
v 1.7 6.8 -0.8
v 1.7 6.9 -0.8
v 1.7 7 -0.8
v 1.8 5.6 -0.8
v 1.8 5.7 -0.8
v 1.8 6.1 -0.8
v 1.8 6.3 -0.8
v 1.8 6.7 -0.8
v 1.8 6.8 -0.8
v 1.9 6.1 -0.8
v 1.9 6.3 -0.8
v -1.8 5.7 -0.9
v -1.8 6 -0.9
v -1.8 6.4 -0.9
v -1.8 6.7 -0.9
v -1.7 5.5 -0.9
v -1.7 5.6 -0.9
v -1.7 5.7 -0.9
v -1.7 6 -0.9
v -1.7 6.4 -0.9
v -1.7 6.7 -0.9
v -1.7 6.8 -0.9
v -1.7 6.9 -0.9
v -1.6 5.3 -0.9
v -1.6 5.4 -0.9
v -1.6 5.5 -0.9
v -1.6 5.6 -0.9
v -1.6 6.8 -0.9
v -1.6 6.9 -0.9
v -1.6 7 -0.9
v -1.6 7.1 -0.9
v -1.5 5.1 -0.9
v -1.5 5.2 -0.9
v -1.5 5.3 -0.9
v -1.5 5.4 -0.9
v -1.5 7 -0.9
v -1.5 7.1 -0.9
v -1.5 7.2 -0.9
v -1.5 7.3 -0.9
v -1.4 5 -0.9
v -1.4 5.1 -0.9
v -1.4 5.2 -0.9
v -1.4 7.2 -0.9
v -1.4 7.3 -0.9
v -1.4 7.4 -0.9
v -1.3 4.9 -0.9
v -1.3 5 -0.9
v -1.3 5.1 -0.9
v -1.3 7.3 -0.9
v -1.3 7.4 -0.9
v -1.3 7.5 -0.9
v -1.2 4.8 -0.9
v -1.2 4.9 -0.9
v -1.2 5 -0.9
v -1.2 7.4 -0.9
v -1.2 7.5 -0.9
v -1.2 7.6 -0.9
v -1.1 4.7 -0.9
v -1.1 4.8 -0.9
v -1.1 4.9 -0.9
v -1.1 7.5 -0.9
v -1.1 7.6 -0.9
v -1.1 7.7 -0.9
v -1 4.7 -0.9
v -1 4.8 -0.9
v -1 7.6 -0.9
v -1 7.7 -0.9
v -0.9 4.6 -0.9
v -0.9 4.7 -0.9
v -0.9 7.7 -0.9
v -0.9 7.8 -0.9
v -0.8 4.6 -0.9
v -0.8 4.7 -0.9
v -0.8 7.7 -0.9
v -0.8 7.8 -0.9
v -0.7 4.5 -0.9
v -0.7 4.6 -0.9
v -0.7 7.8 -0.9
v -0.7 7.9 -0.9
v -0.6 4.5 -0.9
v -0.6 4.6 -0.9
v -0.6 7.8 -0.9
v -0.6 7.9 -0.9
v -0.5 4.4 -0.9
v -0.5 4.5 -0.9
v -0.5 7.9 -0.9
v -0.5 8 -0.9
v -0.2 4.4 -0.9
v -0.2 4.5 -0.9
v -0.2 7.9 -0.9
v -0.2 8 -0.9
v 0.2 4.4 -0.9
v 0.2 4.5 -0.9
v 0.2 7.9 -0.9
v 0.2 8 -0.9
v 0.5 4.4 -0.9
v 0.5 4.5 -0.9
v 0.5 7.9 -0.9
v 0.5 8 -0.9
v 0.6 4.5 -0.9
v 0.6 4.6 -0.9
v 0.6 7.8 -0.9
v 0.6 7.9 -0.9
v 0.7 4.5 -0.9
v 0.7 4.6 -0.9
v 0.7 7.8 -0.9
v 0.7 7.9 -0.9
v 0.8 4.6 -0.9
v 0.8 4.7 -0.9
v 0.8 7.7 -0.9
v 0.8 7.8 -0.9
v 0.9 4.6 -0.9
v 0.9 4.7 -0.9
v 0.9 7.7 -0.9
v 0.9 7.8 -0.9
v 1 4.7 -0.9
v 1 4.8 -0.9
v 1 7.6 -0.9
v 1 7.7 -0.9
v 1.1 4.7 -0.9
v 1.1 4.8 -0.9
v 1.1 4.9 -0.9
v 1.1 7.5 -0.9
v 1.1 7.6 -0.9
v 1.1 7.7 -0.9
v 1.2 4.8 -0.9
v 1.2 4.9 -0.9
v 1.2 5 -0.9
v 1.2 7.4 -0.9
v 1.2 7.5 -0.9
v 1.2 7.6 -0.9
v 1.3 4.9 -0.9
v 1.3 5 -0.9
v 1.3 5.1 -0.9
v 1.3 7.3 -0.9
v 1.3 7.4 -0.9
v 1.3 7.5 -0.9
v 1.4 5 -0.9
v 1.4 5.1 -0.9
v 1.4 5.2 -0.9
v 1.4 7.2 -0.9
v 1.4 7.3 -0.9
v 1.4 7.4 -0.9
v 1.5 5.1 -0.9
v 1.5 5.2 -0.9
v 1.5 5.3 -0.9
v 1.5 5.4 -0.9
v 1.5 7 -0.9
v 1.5 7.1 -0.9
v 1.5 7.2 -0.9
v 1.5 7.3 -0.9
v 1.6 5.3 -0.9
v 1.6 5.4 -0.9
v 1.6 5.5 -0.9
v 1.6 5.6 -0.9
v 1.6 6.8 -0.9
v 1.6 6.9 -0.9
v 1.6 7 -0.9
v 1.6 7.1 -0.9
v 1.7 5.5 -0.9
v 1.7 5.6 -0.9
v 1.7 5.7 -0.9
v 1.7 6 -0.9
v 1.7 6.4 -0.9
v 1.7 6.7 -0.9
v 1.7 6.8 -0.9
v 1.7 6.9 -0.9
v 1.8 5.7 -0.9
v 1.8 6 -0.9
v 1.8 6.4 -0.9
v 1.8 6.7 -0.9
v -3.5 6.3 -1
v -3.5 6.4 -1
v -3.4 6.3 -1
v -3.4 6.4 -1
v -3 6.3 -1
v -3 6.4 -1
v -2.9 6.4 -1
v -2.8 6.3 -1
v -2.8 6.4 -1
v -2.7 6.4 -1
v -2.5 6.3 -1
v -2.5 6.4 -1
v -1.8 6 -1
v -1.8 6.4 -1
v -1.7 5.6 -1
v -1.7 5.8 -1
v -1.7 6 -1
v -1.7 6.4 -1
v -1.7 6.6 -1
v -1.7 6.8 -1
v -1.6 5.4 -1
v -1.6 5.5 -1
v -1.6 5.6 -1
v -1.6 5.8 -1
v -1.6 6.6 -1
v -1.6 6.8 -1
v -1.6 6.9 -1
v -1.6 7 -1
v -1.5 5.2 -1
v -1.5 5.3 -1
v -1.5 5.4 -1
v -1.5 5.5 -1
v -1.5 6.9 -1
v -1.5 7 -1
v -1.5 7.1 -1
v -1.5 7.2 -1
v -1.4 5.1 -1
v -1.4 5.2 -1
v -1.4 5.3 -1
v -1.4 7.1 -1
v -1.4 7.2 -1
v -1.4 7.3 -1
v -1.3 5.1 -1
v -1.3 5.2 -1
v -1.3 7.2 -1
v -1.3 7.3 -1
v -1.1 4.8 -1
v -1.1 4.9 -1
v -1.1 7.5 -1
v -1.1 7.6 -1
v -1 4.7 -1
v -1 4.8 -1
v -1 4.9 -1
v -1 7.5 -1
v -1 7.6 -1
v -1 7.7 -1
v -0.9 4.7 -1
v -0.9 4.8 -1
v -0.9 7.6 -1
v -0.9 7.7 -1
v -0.8 4.6 -1
v -0.8 4.7 -1
v -0.8 7.7 -1
v -0.8 7.8 -1
v -0.7 4.6 -1
v -0.7 4.7 -1
v -0.7 7.7 -1
v -0.7 7.8 -1
v -0.6 4.5 -1
v -0.6 4.6 -1
v -0.6 7.8 -1
v -0.6 7.9 -1
v -0.4 4.5 -1
v -0.4 4.6 -1
v -0.4 7.8 -1
v -0.4 7.9 -1
v -0.2 4.4 -1
v -0.2 4.5 -1
v -0.2 7.9 -1
v -0.2 8 -1
v -0.0999999 4.4 -1
v -0.0999999 4.5 -1
v 0.0999999 4.5 -1
v 0.2 4.4 -1
v 0.2 4.5 -1
v 0.2 7.9 -1
v 0.2 8 -1
v 0.4 4.5 -1
v 0.4 4.6 -1
v 0.4 7.8 -1
v 0.4 7.9 -1
v 0.6 4.5 -1
v 0.6 4.6 -1
v 0.6 7.8 -1
v 0.6 7.9 -1
v 0.7 4.6 -1
v 0.7 4.7 -1
v 0.7 7.7 -1
v 0.7 7.8 -1
v 0.8 4.6 -1
v 0.8 4.7 -1
v 0.8 7.7 -1
v 0.8 7.8 -1
v 0.9 4.7 -1
v 0.9 4.8 -1
v 0.9 7.6 -1
v 0.9 7.7 -1
v 1 4.7 -1
v 1 4.8 -1
v 1 4.9 -1
v 1 7.5 -1
v 1 7.6 -1
v 1 7.7 -1
v 1.1 4.8 -1
v 1.1 4.9 -1
v 1.1 7.5 -1
v 1.1 7.6 -1
v 1.3 5.1 -1
v 1.3 5.2 -1
v 1.3 7.2 -1
v 1.3 7.3 -1
v 1.4 5.1 -1
v 1.4 5.2 -1
v 1.4 5.3 -1
v 1.4 7.1 -1
v 1.4 7.2 -1
v 1.4 7.3 -1
v 1.5 5.2 -1
v 1.5 5.3 -1
v 1.5 5.4 -1
v 1.5 5.5 -1
v 1.5 6.9 -1
v 1.5 7 -1
v 1.5 7.1 -1
v 1.5 7.2 -1
v 1.6 5.4 -1
v 1.6 5.5 -1
v 1.6 5.6 -1
v 1.6 5.8 -1
v 1.6 6.6 -1
v 1.6 6.8 -1
v 1.6 6.9 -1
v 1.6 7 -1
v 1.7 5.6 -1
v 1.7 5.8 -1
v 1.7 6 -1
v 1.7 6.4 -1
v 1.7 6.6 -1
v 1.7 6.8 -1
v 1.8 6 -1
v 1.8 6.4 -1
v 2.3 6.3 -1
v 2.3 6.4 -1
v 2.6 6.3 -1
v 2.6 6.4 -1
v 2.7 6.4 -1
v 2.9 6.3 -1
v 2.9 6.4 -1
v 3.1 6.3 -1
v 3.1 6.4 -1
v 3.2 6.3 -1
v 3.2 6.4 -1
v -3.5 6.4 -1.1
v -3.5 6.5 -1.1
v -3.4 6.4 -1.1
v -3.4 6.5 -1.1
v -1.7 5.8 -1.1
v -1.7 6.6 -1.1
v -1.6 5.5 -1.1
v -1.6 5.7 -1.1
v -1.6 5.8 -1.1
v -1.6 6.6 -1.1
v -1.6 6.7 -1.1
v -1.6 6.9 -1.1
v -1.5 5.3 -1.1
v -1.5 5.4 -1.1
v -1.5 5.5 -1.1
v -1.5 5.7 -1.1
v -1.5 6.7 -1.1
v -1.5 6.9 -1.1
v -1.5 7 -1.1
v -1.5 7.1 -1.1
v -1.4 5.2 -1.1
v -1.4 5.3 -1.1
v -1.4 5.4 -1.1
v -1.4 7 -1.1
v -1.4 7.1 -1.1
v -1.4 7.2 -1.1
v -1.3 5 -1.1
v -1.3 5.1 -1.1
v -1.3 5.2 -1.1
v -1.3 5.3 -1.1
v -1.3 7.1 -1.1
v -1.3 7.2 -1.1
v -1.3 7.3 -1.1
v -1.3 7.4 -1.1
v -1.2 4.9 -1.1
v -1.2 5 -1.1
v -1.2 5.1 -1.1
v -1.2 7.3 -1.1
v -1.2 7.4 -1.1
v -1.2 7.5 -1.1
v -1.1 4.9 -1.1
v -1.1 5 -1.1
v -1.1 7.4 -1.1
v -1.1 7.5 -1.1
v -1 4.8 -1.1
v -1 4.9 -1.1
v -1 7.5 -1.1
v -1 7.6 -1.1
v -0.9 4.7 -1.1
v -0.9 4.8 -1.1
v -0.9 4.9 -1.1
v -0.9 7.5 -1.1
v -0.9 7.6 -1.1
v -0.9 7.7 -1.1
v -0.8 4.7 -1.1
v -0.8 4.8 -1.1
v -0.8 7.6 -1.1
v -0.8 7.7 -1.1
v -0.7 4.6 -1.1
v -0.7 4.7 -1.1
v -0.7 7.7 -1.1
v -0.7 7.8 -1.1
v -0.6 7.7 -1.1
v -0.6 7.8 -1.1
v -0.5 4.6 -1.1
v -0.5 4.7 -1.1
v -0.5 7.7 -1.1
v -0.5 7.8 -1.1
v -0.4 4.5 -1.1
v -0.4 4.6 -1.1
v -0.4 7.8 -1.1
v -0.4 7.9 -1.1
v 0.0999999 4.5 -1.1
v 0.0999999 4.6 -1.1
v 0.2 4.6 -1.1
v 0.4 4.5 -1.1
v 0.4 4.6 -1.1
v 0.4 7.8 -1.1
v 0.4 7.9 -1.1
v 0.5 4.6 -1.1
v 0.5 4.7 -1.1
v 0.5 7.7 -1.1
v 0.5 7.8 -1.1
v 0.7 4.6 -1.1
v 0.7 4.7 -1.1
v 0.7 7.7 -1.1
v 0.7 7.8 -1.1
v 0.8 4.7 -1.1
v 0.8 4.8 -1.1
v 0.8 7.6 -1.1
v 0.8 7.7 -1.1
v 0.9 4.7 -1.1
v 0.9 4.8 -1.1
v 0.9 4.9 -1.1
v 0.9 7.5 -1.1
v 0.9 7.6 -1.1
v 0.9 7.7 -1.1
v 1 4.8 -1.1
v 1 4.9 -1.1
v 1 7.5 -1.1
v 1 7.6 -1.1
v 1.1 4.9 -1.1
v 1.1 5 -1.1
v 1.1 7.4 -1.1
v 1.1 7.5 -1.1
v 1.2 4.9 -1.1
v 1.2 5 -1.1
v 1.2 5.1 -1.1
v 1.2 7.3 -1.1
v 1.2 7.4 -1.1
v 1.2 7.5 -1.1
v 1.3 5 -1.1
v 1.3 5.1 -1.1
v 1.3 5.2 -1.1
v 1.3 5.3 -1.1
v 1.3 7.1 -1.1
v 1.3 7.2 -1.1
v 1.3 7.3 -1.1
v 1.3 7.4 -1.1
v 1.4 5.2 -1.1
v 1.4 5.3 -1.1
v 1.4 5.4 -1.1
v 1.4 7 -1.1
v 1.4 7.1 -1.1
v 1.4 7.2 -1.1
v 1.5 5.3 -1.1
v 1.5 5.4 -1.1
v 1.5 5.5 -1.1
v 1.5 5.7 -1.1
v 1.5 6.7 -1.1
v 1.5 6.9 -1.1
v 1.5 7 -1.1
v 1.5 7.1 -1.1
v 1.6 5.5 -1.1
v 1.6 5.7 -1.1
v 1.6 5.8 -1.1
v 1.6 6.6 -1.1
v 1.6 6.7 -1.1
v 1.6 6.9 -1.1
v 1.7 5.8 -1.1
v 1.7 6.6 -1.1
v 3.1 6.4 -1.1
v 3.1 6.5 -1.1
v 3.2 6.4 -1.1
v 3.2 6.5 -1.1
v -3.4 6.4 -1.2
v -3.4 6.5 -1.2
v -3.3 6.4 -1.2
v -3.3 6.5 -1.2
v -2.9 6.4 -1.2
v -2.9 6.5 -1.2
v -2.7 6.4 -1.2
v -2.7 6.5 -1.2
v -2.5 6.4 -1.2
v -2.5 6.5 -1.2
v -1.6 5.7 -1.2
v -1.6 6 -1.2
v -1.6 6.4 -1.2
v -1.6 6.7 -1.2
v -1.5 5.4 -1.2
v -1.5 5.6 -1.2
v -1.5 5.7 -1.2
v -1.5 6 -1.2
v -1.5 6.4 -1.2
v -1.5 6.7 -1.2
v -1.5 6.8 -1.2
v -1.5 7 -1.2
v -1.4 5.3 -1.2
v -1.4 5.4 -1.2
v -1.4 5.6 -1.2
v -1.4 6.8 -1.2
v -1.4 7 -1.2
v -1.4 7.1 -1.2
v -1.3 5.1 -1.2
v -1.3 5.3 -1.2
v -1.3 5.4 -1.2
v -1.3 7 -1.2
v -1.3 7.1 -1.2
v -1.3 7.3 -1.2
v -1.2 5 -1.2
v -1.2 5.1 -1.2
v -1.2 5.3 -1.2
v -1.2 7.1 -1.2
v -1.2 7.3 -1.2
v -1.2 7.4 -1.2
v -1.1 4.9 -1.2
v -1.1 5 -1.2
v -1.1 5.1 -1.2
v -1.1 7.3 -1.2
v -1.1 7.4 -1.2
v -1.1 7.5 -1.2
v -0.9 4.8 -1.2
v -0.9 4.9 -1.2
v -0.9 5 -1.2
v -0.9 7.4 -1.2
v -0.9 7.5 -1.2
v -0.9 7.6 -1.2
v -0.8 4.7 -1.2
v -0.8 4.8 -1.2
v -0.8 4.9 -1.2
v -0.8 7.5 -1.2
v -0.8 7.6 -1.2
v -0.8 7.7 -1.2
v -0.6 4.7 -1.2
v -0.6 4.8 -1.2
v -0.6 7.6 -1.2
v -0.6 7.7 -1.2
v -0.5 4.6 -1.2
v -0.5 4.7 -1.2
v -0.5 7.7 -1.2
v -0.5 7.8 -1.2
v -0.2 4.6 -1.2
v -0.2 4.7 -1.2
v -0.2 7.7 -1.2
v -0.2 7.8 -1.2
v 0.2 4.6 -1.2
v 0.2 4.7 -1.2
v 0.2 7.7 -1.2
v 0.2 7.8 -1.2
v 0.5 4.6 -1.2
v 0.5 4.7 -1.2
v 0.5 7.7 -1.2
v 0.5 7.8 -1.2
v 0.6 4.7 -1.2
v 0.6 4.8 -1.2
v 0.6 7.6 -1.2
v 0.6 7.7 -1.2
v 0.8 4.7 -1.2
v 0.8 4.8 -1.2
v 0.8 4.9 -1.2
v 0.8 7.5 -1.2
v 0.8 7.6 -1.2
v 0.8 7.7 -1.2
v 0.9 4.8 -1.2
v 0.9 4.9 -1.2
v 0.9 5 -1.2
v 0.9 7.4 -1.2
v 0.9 7.5 -1.2
v 0.9 7.6 -1.2
v 1.1 4.9 -1.2
v 1.1 5 -1.2
v 1.1 5.1 -1.2
v 1.1 7.3 -1.2
v 1.1 7.4 -1.2
v 1.1 7.5 -1.2
v 1.2 5 -1.2
v 1.2 5.1 -1.2
v 1.2 5.2 -1.2
v 1.2 5.3 -1.2
v 1.2 7.1 -1.2
v 1.2 7.3 -1.2
v 1.2 7.4 -1.2
v 1.3 5.1 -1.2
v 1.3 5.2 -1.2
v 1.3 5.3 -1.2
v 1.3 5.4 -1.2
v 1.3 7 -1.2
v 1.3 7.1 -1.2
v 1.3 7.3 -1.2
v 1.4 5.3 -1.2
v 1.4 5.4 -1.2
v 1.4 5.6 -1.2
v 1.4 6.8 -1.2
v 1.4 7 -1.2
v 1.4 7.1 -1.2
v 1.5 5.4 -1.2
v 1.5 5.6 -1.2
v 1.5 5.7 -1.2
v 1.5 5.9 -1.2
v 1.5 6 -1.2
v 1.5 6.4 -1.2
v 1.5 6.7 -1.2
v 1.5 6.8 -1.2
v 1.5 7 -1.2
v 1.6 5.7 -1.2
v 1.6 6 -1.2
v 1.6 6.4 -1.2
v 1.6 6.7 -1.2
v 2.3 6.4 -1.2
v 2.3 6.5 -1.2
v 2.5 6.5 -1.2
v 2.6 6.4 -1.2
v 2.6 6.5 -1.2
v 2.7 6.4 -1.2
v 2.7 6.5 -1.2
v 3 6.4 -1.2
v 3 6.5 -1.2
v 3.1 6.4 -1.2
v 3.1 6.5 -1.2
v -1.6 6 -1.3
v -1.6 6.4 -1.3
v -1.5 5.6 -1.3
v -1.5 5.9 -1.3
v -1.5 6 -1.3
v -1.5 6.4 -1.3
v -1.5 6.5 -1.3
v -1.5 6.8 -1.3
v -1.4 5.4 -1.3
v -1.4 5.6 -1.3
v -1.4 5.9 -1.3
v -1.4 6.5 -1.3
v -1.4 6.8 -1.3
v -1.4 7 -1.3
v -1.3 5.3 -1.3
v -1.3 5.4 -1.3
v -1.3 5.6 -1.3
v -1.3 6.8 -1.3
v -1.3 7 -1.3
v -1.3 7.1 -1.3
v -1.2 5.1 -1.3
v -1.2 5.3 -1.3
v -1.2 5.4 -1.3
v -1.2 7 -1.3
v -1.2 7.1 -1.3
v -1.2 7.3 -1.3
v -1.1 5 -1.3
v -1.1 5.1 -1.3
v -1.1 5.2 -1.3
v -1.1 5.3 -1.3
v -1.1 7.1 -1.3
v -1.1 7.2 -1.3
v -1.1 7.3 -1.3
v -1.1 7.4 -1.3
v -1 5.1 -1.3
v -1 5.2 -1.3
v -1 7.2 -1.3
v -1 7.3 -1.3
v -0.9 4.9 -1.3
v -0.9 5 -1.3
v -0.9 5.1 -1.3
v -0.9 7.3 -1.3
v -0.9 7.4 -1.3
v -0.9 7.5 -1.3
v -0.8 4.8 -1.3
v -0.8 4.9 -1.3
v -0.8 5 -1.3
v -0.8 7.4 -1.3
v -0.8 7.5 -1.3
v -0.8 7.6 -1.3
v -0.7 4.9 -1.3
v -0.6 4.7 -1.3
v -0.6 4.8 -1.3
v -0.6 4.9 -1.3
v -0.6 7.5 -1.3
v -0.6 7.6 -1.3
v -0.6 7.7 -1.3
v -0.3 4.7 -1.3
v -0.3 4.8 -1.3
v -0.3 7.6 -1.3
v -0.3 7.7 -1.3
v -0.2 4.6 -1.3
v -0.2 4.7 -1.3
v -0.2 7.7 -1.3
v -0.2 7.8 -1.3
v 0.0999999 4.6 -1.3
v 0.0999999 4.7 -1.3
v 0.2 4.6 -1.3
v 0.2 4.7 -1.3
v 0.2 7.7 -1.3
v 0.2 7.8 -1.3
v 0.3 4.7 -1.3
v 0.3 4.8 -1.3
v 0.3 7.6 -1.3
v 0.3 7.7 -1.3
v 0.6 4.7 -1.3
v 0.6 4.8 -1.3
v 0.6 4.9 -1.3
v 0.6 7.5 -1.3
v 0.6 7.6 -1.3
v 0.6 7.7 -1.3
v 0.8 4.8 -1.3
v 0.8 4.9 -1.3
v 0.8 5 -1.3
v 0.8 7.4 -1.3
v 0.8 7.5 -1.3
v 0.8 7.6 -1.3
v 0.9 4.9 -1.3
v 0.9 5 -1.3
v 0.9 5.1 -1.3
v 0.9 7.3 -1.3
v 0.9 7.4 -1.3
v 0.9 7.5 -1.3
v 1 5.1 -1.3
v 1 5.2 -1.3
v 1 7.2 -1.3
v 1 7.3 -1.3
v 1.1 5 -1.3
v 1.1 5.1 -1.3
v 1.1 5.2 -1.3
v 1.1 5.3 -1.3
v 1.1 7.1 -1.3
v 1.1 7.2 -1.3
v 1.1 7.3 -1.3
v 1.1 7.4 -1.3
v 1.2 5.1 -1.3
v 1.2 5.3 -1.3
v 1.2 5.4 -1.3
v 1.2 7 -1.3
v 1.2 7.1 -1.3
v 1.2 7.3 -1.3
v 1.3 5.3 -1.3
v 1.3 5.4 -1.3
v 1.3 5.6 -1.3
v 1.3 6.8 -1.3
v 1.3 7 -1.3
v 1.3 7.1 -1.3
v 1.4 5.4 -1.3
v 1.4 5.6 -1.3
v 1.4 5.9 -1.3
v 1.4 6.5 -1.3
v 1.4 6.8 -1.3
v 1.4 7 -1.3
v 1.5 5.6 -1.3
v 1.5 5.9 -1.3
v 1.5 6 -1.3
v 1.5 6.4 -1.3
v 1.5 6.5 -1.3
v 1.5 6.8 -1.3
v 1.6 6 -1.3
v 1.6 6.4 -1.3
v -3.4 6.5 -1.4
v -3.4 6.6 -1.4
v -3.3 6.5 -1.4
v -3.3 6.6 -1.4
v -1.5 5.9 -1.4
v -1.5 6.5 -1.4
v -1.4 5.6 -1.4
v -1.4 5.9 -1.4
v -1.4 6.5 -1.4
v -1.4 6.8 -1.4
v -1.3 5.4 -1.4
v -1.3 5.6 -1.4
v -1.3 5.9 -1.4
v -1.3 6.5 -1.4
v -1.3 6.8 -1.4
v -1.3 7 -1.4
v -1.2 5.3 -1.4
v -1.2 5.4 -1.4
v -1.2 5.6 -1.4
v -1.2 6.8 -1.4
v -1.2 7 -1.4
v -1.2 7.1 -1.4
v -1.1 5.2 -1.4
v -1.1 5.3 -1.4
v -1.1 5.4 -1.4
v -1.1 7 -1.4
v -1.1 7.1 -1.4
v -1.1 7.2 -1.4
v -1 5.1 -1.4
v -1 5.2 -1.4
v -1 5.3 -1.4
v -1 7.1 -1.4
v -1 7.2 -1.4
v -1 7.3 -1.4
v -0.9 5 -1.4
v -0.9 5.1 -1.4
v -0.9 5.2 -1.4
v -0.9 7.2 -1.4
v -0.9 7.3 -1.4
v -0.9 7.4 -1.4
v -0.8 4.9 -1.4
v -0.8 5 -1.4
v -0.8 5.1 -1.4
v -0.8 7.3 -1.4
v -0.8 7.4 -1.4
v -0.8 7.5 -1.4
v -0.7 4.9 -1.4
v -0.7 5 -1.4
v -0.6 4.8 -1.4
v -0.6 4.9 -1.4
v -0.6 5 -1.4
v -0.6 7.4 -1.4
v -0.6 7.5 -1.4
v -0.6 7.6 -1.4
v -0.5 4.9 -1.4
v -0.3 4.7 -1.4
v -0.3 4.8 -1.4
v -0.3 4.9 -1.4
v -0.3 7.5 -1.4
v -0.3 7.6 -1.4
v -0.3 7.7 -1.4
v 0 4.8 -1.4
v 0.0999999 4.7 -1.4
v 0.0999999 4.8 -1.4
v 0.3 4.7 -1.4
v 0.3 4.8 -1.4
v 0.3 4.9 -1.4
v 0.3 7.5 -1.4
v 0.3 7.6 -1.4
v 0.3 7.7 -1.4
v 0.5 7.5 -1.4
v 0.6 4.8 -1.4
v 0.6 4.9 -1.4
v 0.6 5 -1.4
v 0.6 7.4 -1.4
v 0.6 7.5 -1.4
v 0.6 7.6 -1.4
v 0.8 4.9 -1.4
v 0.8 5 -1.4
v 0.8 5.1 -1.4
v 0.8 7.3 -1.4
v 0.8 7.4 -1.4
v 0.8 7.5 -1.4
v 0.9 5 -1.4
v 0.9 5.1 -1.4
v 0.9 5.2 -1.4
v 0.9 7.2 -1.4
v 0.9 7.3 -1.4
v 0.9 7.4 -1.4
v 1 5.1 -1.4
v 1 5.2 -1.4
v 1 5.3 -1.4
v 1 7.1 -1.4
v 1 7.2 -1.4
v 1 7.3 -1.4
v 1.1 5.2 -1.4
v 1.1 5.3 -1.4
v 1.1 5.4 -1.4
v 1.1 7 -1.4
v 1.1 7.1 -1.4
v 1.1 7.2 -1.4
v 1.2 5.3 -1.4
v 1.2 5.4 -1.4
v 1.2 5.6 -1.4
v 1.2 6.8 -1.4
v 1.2 7 -1.4
v 1.2 7.1 -1.4
v 1.3 5.4 -1.4
v 1.3 5.6 -1.4
v 1.3 5.8 -1.4
v 1.3 5.9 -1.4
v 1.3 6.5 -1.4
v 1.3 6.8 -1.4
v 1.3 7 -1.4
v 1.4 5.6 -1.4
v 1.4 5.9 -1.4
v 1.4 6.5 -1.4
v 1.4 6.8 -1.4
v 1.5 5.9 -1.4
v 1.5 6.5 -1.4
v 3 6.5 -1.4
v 3 6.6 -1.4
v 3.1 6.5 -1.4
v 3.1 6.6 -1.4
v -1.4 5.9 -1.5
v -1.4 6.5 -1.5
v -1.3 5.6 -1.5
v -1.3 5.9 -1.5
v -1.3 6 -1.5
v -1.3 6.4 -1.5
v -1.3 6.5 -1.5
v -1.3 6.8 -1.5
v -1.2 5.4 -1.5
v -1.2 5.6 -1.5
v -1.2 5.7 -1.5
v -1.2 6 -1.5
v -1.2 6.4 -1.5
v -1.2 6.7 -1.5
v -1.2 6.8 -1.5
v -1.2 7 -1.5
v -1.1 5.3 -1.5
v -1.1 5.4 -1.5
v -1.1 5.5 -1.5
v -1.1 5.7 -1.5
v -1.1 6.7 -1.5
v -1.1 6.9 -1.5
v -1.1 7 -1.5
v -1.1 7.1 -1.5
v -1 5.2 -1.5
v -1 5.3 -1.5
v -1 5.4 -1.5
v -1 5.5 -1.5
v -1 6.9 -1.5
v -1 7 -1.5
v -1 7.1 -1.5
v -1 7.2 -1.5
v -0.9 5.1 -1.5
v -0.9 5.2 -1.5
v -0.9 5.3 -1.5
v -0.9 5.4 -1.5
v -0.9 7 -1.5
v -0.9 7.1 -1.5
v -0.9 7.2 -1.5
v -0.9 7.3 -1.5
v -0.8 5 -1.5
v -0.8 5.1 -1.5
v -0.8 5.2 -1.5
v -0.8 5.3 -1.5
v -0.8 7.1 -1.5
v -0.8 7.2 -1.5
v -0.8 7.3 -1.5
v -0.8 7.4 -1.5
v -0.7 5.1 -1.5
v -0.7 5.2 -1.5
v -0.7 7.2 -1.5
v -0.7 7.3 -1.5
v -0.6 4.9 -1.5
v -0.6 5 -1.5
v -0.6 7.4 -1.5
v -0.6 7.5 -1.5
v -0.5 4.9 -1.5
v -0.5 5 -1.5
v -0.5 5.1 -1.5
v -0.5 7.3 -1.5
v -0.5 7.4 -1.5
v -0.3 4.8 -1.5
v -0.3 4.9 -1.5
v -0.3 7.5 -1.5
v -0.3 7.6 -1.5
v -0.2 4.9 -1.5
v -0.2 5 -1.5
v -0.2 7.4 -1.5
v -0.2 7.5 -1.5
v 0 4.8 -1.5
v 0 4.9 -1.5
v 0.2 4.9 -1.5
v 0.2 5 -1.5
v 0.2 7.4 -1.5
v 0.2 7.5 -1.5
v 0.3 4.8 -1.5
v 0.3 4.9 -1.5
v 0.3 7.4 -1.5
v 0.3 7.5 -1.5
v 0.3 7.6 -1.5
v 0.5 5 -1.5
v 0.5 5.1 -1.5
v 0.5 7.3 -1.5
v 0.5 7.4 -1.5
v 0.5 7.5 -1.5
v 0.6 4.9 -1.5
v 0.6 5 -1.5
v 0.6 7.4 -1.5
v 0.6 7.5 -1.5
v 0.7 5.1 -1.5
v 0.7 5.2 -1.5
v 0.7 7.2 -1.5
v 0.7 7.3 -1.5
v 0.8 5 -1.5
v 0.8 5.1 -1.5
v 0.8 5.2 -1.5
v 0.8 5.3 -1.5
v 0.8 7.1 -1.5
v 0.8 7.2 -1.5
v 0.8 7.3 -1.5
v 0.8 7.4 -1.5
v 0.9 5.1 -1.5
v 0.9 5.2 -1.5
v 0.9 5.3 -1.5
v 0.9 5.4 -1.5
v 0.9 7 -1.5
v 0.9 7.1 -1.5
v 0.9 7.2 -1.5
v 0.9 7.3 -1.5
v 1 5.2 -1.5
v 1 5.3 -1.5
v 1 5.4 -1.5
v 1 5.5 -1.5
v 1 6.9 -1.5
v 1 7 -1.5
v 1 7.1 -1.5
v 1 7.2 -1.5
v 1.1 5.3 -1.5
v 1.1 5.4 -1.5
v 1.1 5.5 -1.5
v 1.1 5.7 -1.5
v 1.1 6.7 -1.5
v 1.1 6.9 -1.5
v 1.1 7 -1.5
v 1.1 7.1 -1.5
v 1.2 5.4 -1.5
v 1.2 5.6 -1.5
v 1.2 5.7 -1.5
v 1.2 5.8 -1.5
v 1.2 6 -1.5
v 1.2 6.4 -1.5
v 1.2 6.7 -1.5
v 1.2 6.8 -1.5
v 1.2 7 -1.5
v 1.3 5.6 -1.5
v 1.3 5.8 -1.5
v 1.3 5.9 -1.5
v 1.3 6 -1.5
v 1.3 6.4 -1.5
v 1.3 6.5 -1.5
v 1.3 6.8 -1.5
v 1.4 5.9 -1.5
v 1.4 6.5 -1.5
v -3.3 6.5 -1.6
v -3.3 6.6 -1.6
v -3.2 6.5 -1.6
v -3.2 6.6 -1.6
v -1.3 6 -1.6
v -1.3 6.4 -1.6
v -1.2 5.7 -1.6
v -1.2 6 -1.6
v -1.2 6.4 -1.6
v -1.2 6.7 -1.6
v -1.1 5.5 -1.6
v -1.1 5.7 -1.6
v -1.1 5.8 -1.6
v -1.1 6.4 -1.6
v -1.1 6.6 -1.6
v -1.1 6.7 -1.6
v -1.1 6.9 -1.6
v -1 5.4 -1.6
v -1 5.5 -1.6
v -1 5.6 -1.6
v -1 5.7 -1.6
v -1 5.8 -1.6
v -1 6.6 -1.6
v -1 6.8 -1.6
v -1 6.9 -1.6
v -1 7 -1.6
v -0.9 5.3 -1.6
v -0.9 5.4 -1.6
v -0.9 5.5 -1.6
v -0.9 5.6 -1.6
v -0.9 6.8 -1.6
v -0.9 6.9 -1.6
v -0.9 7 -1.6
v -0.9 7.1 -1.6
v -0.8 5.2 -1.6
v -0.8 5.3 -1.6
v -0.8 5.4 -1.6
v -0.8 5.5 -1.6
v -0.8 6.9 -1.6
v -0.8 7 -1.6
v -0.8 7.1 -1.6
v -0.8 7.2 -1.6
v -0.7 5.1 -1.6
v -0.7 5.2 -1.6
v -0.7 5.3 -1.6
v -0.7 5.4 -1.6
v -0.7 7 -1.6
v -0.7 7.1 -1.6
v -0.7 7.2 -1.6
v -0.7 7.3 -1.6
v -0.6 5.2 -1.6
v -0.6 5.3 -1.6
v -0.6 7.1 -1.6
v -0.6 7.2 -1.6
v -0.5 5 -1.6
v -0.5 5.1 -1.6
v -0.5 7.3 -1.6
v -0.5 7.4 -1.6
v -0.4 5.1 -1.6
v -0.4 5.2 -1.6
v -0.4 7.2 -1.6
v -0.4 7.3 -1.6
v -0.2 4.9 -1.6
v -0.2 5 -1.6
v -0.2 7.4 -1.6
v -0.2 7.5 -1.6
v 0.2 4.9 -1.6
v 0.2 5 -1.6
v 0.2 7.4 -1.6
v 0.2 7.5 -1.6
v 0.3 7.3 -1.6
v 0.3 7.4 -1.6
v 0.4 5.1 -1.6
v 0.4 5.2 -1.6
v 0.4 7.2 -1.6
v 0.4 7.3 -1.6
v 0.5 5 -1.6
v 0.5 5.1 -1.6
v 0.5 7.3 -1.6
v 0.5 7.4 -1.6
v 0.6 5.2 -1.6
v 0.6 5.3 -1.6
v 0.6 7.1 -1.6
v 0.6 7.2 -1.6
v 0.7 5.1 -1.6
v 0.7 5.2 -1.6
v 0.7 5.3 -1.6
v 0.7 5.4 -1.6
v 0.7 7 -1.6
v 0.7 7.1 -1.6
v 0.7 7.2 -1.6
v 0.7 7.3 -1.6
v 0.8 5.2 -1.6
v 0.8 5.3 -1.6
v 0.8 5.4 -1.6
v 0.8 5.5 -1.6
v 0.8 6.9 -1.6
v 0.8 7 -1.6
v 0.8 7.1 -1.6
v 0.8 7.2 -1.6
v 0.9 5.3 -1.6
v 0.9 5.4 -1.6
v 0.9 5.5 -1.6
v 0.9 5.6 -1.6
v 0.9 6.8 -1.6
v 0.9 6.9 -1.6
v 0.9 7 -1.6
v 0.9 7.1 -1.6
v 1 5.4 -1.6
v 1 5.5 -1.6
v 1 5.6 -1.6
v 1 5.8 -1.6
v 1 6.6 -1.6
v 1 6.8 -1.6
v 1 6.9 -1.6
v 1 7 -1.6
v 1.1 5.5 -1.6
v 1.1 5.7 -1.6
v 1.1 5.8 -1.6
v 1.1 6.6 -1.6
v 1.1 6.7 -1.6
v 1.1 6.9 -1.6
v 1.2 5.7 -1.6
v 1.2 6 -1.6
v 1.2 6.4 -1.6
v 1.2 6.7 -1.6
v 1.3 6 -1.6
v 1.3 6.4 -1.6
v 2.9 6.5 -1.6
v 2.9 6.6 -1.6
v 3 6.5 -1.6
v 3 6.6 -1.6
v -3.2 6.5 -1.7
v -3.2 6.6 -1.7
v -3 6.5 -1.7
v -3 6.6 -1.7
v -2.7 6.5 -1.7
v -2.7 6.6 -1.7
v -2.5 6.5 -1.7
v -2.5 6.6 -1.7
v -2.2 6.5 -1.7
v -2.2 6.6 -1.7
v -1.1 5.8 -1.7
v -1.1 6.4 -1.7
v -1.1 6.6 -1.7
v -1 5.6 -1.7
v -1 5.7 -1.7
v -1 5.8 -1.7
v -1 6 -1.7
v -1 6.4 -1.7
v -1 6.5 -1.7
v -1 6.6 -1.7
v -1 6.8 -1.7
v -0.9 5.5 -1.7
v -0.9 5.6 -1.7
v -0.9 5.7 -1.7
v -0.9 6 -1.7
v -0.9 6.4 -1.7
v -0.9 6.5 -1.7
v -0.9 6.7 -1.7
v -0.9 6.8 -1.7
v -0.9 6.9 -1.7
v -0.8 5.4 -1.7
v -0.8 5.5 -1.7
v -0.8 5.6 -1.7
v -0.8 5.7 -1.7
v -0.8 6.7 -1.7
v -0.8 6.8 -1.7
v -0.8 6.9 -1.7
v -0.8 7 -1.7
v -0.7 5.3 -1.7
v -0.7 5.4 -1.7
v -0.7 5.5 -1.7
v -0.7 5.6 -1.7
v -0.7 6.8 -1.7
v -0.7 6.9 -1.7
v -0.7 7 -1.7
v -0.7 7.1 -1.7
v -0.6 5.2 -1.7
v -0.6 5.3 -1.7
v -0.6 5.4 -1.7
v -0.6 5.5 -1.7
v -0.6 6.9 -1.7
v -0.6 7 -1.7
v -0.6 7.1 -1.7
v -0.6 7.2 -1.7
v -0.5 5.3 -1.7
v -0.5 5.4 -1.7
v -0.5 7 -1.7
v -0.5 7.1 -1.7
v -0.4 5.1 -1.7
v -0.4 5.2 -1.7
v -0.4 7.2 -1.7
v -0.4 7.3 -1.7
v -0.2 5.2 -1.7
v -0.2 5.3 -1.7
v -0.2 7.1 -1.7
v -0.2 7.2 -1.7
v 0.2 5.2 -1.7
v 0.2 5.3 -1.7
v 0.2 7.1 -1.7
v 0.2 7.2 -1.7
v 0.3 7.2 -1.7
v 0.3 7.3 -1.7
v 0.4 5.1 -1.7
v 0.4 5.2 -1.7
v 0.4 7.2 -1.7
v 0.4 7.3 -1.7
v 0.5 5.3 -1.7
v 0.5 5.4 -1.7
v 0.5 7 -1.7
v 0.5 7.1 -1.7
v 0.6 5.2 -1.7
v 0.6 5.3 -1.7
v 0.6 5.4 -1.7
v 0.6 5.5 -1.7
v 0.6 6.9 -1.7
v 0.6 7 -1.7
v 0.6 7.1 -1.7
v 0.6 7.2 -1.7
v 0.7 5.3 -1.7
v 0.7 5.4 -1.7
v 0.7 5.5 -1.7
v 0.7 5.6 -1.7
v 0.7 6.8 -1.7
v 0.7 6.9 -1.7
v 0.7 7 -1.7
v 0.7 7.1 -1.7
v 0.8 5.4 -1.7
v 0.8 5.5 -1.7
v 0.8 5.6 -1.7
v 0.8 5.7 -1.7
v 0.8 6.7 -1.7
v 0.8 6.8 -1.7
v 0.8 6.9 -1.7
v 0.8 7 -1.7
v 0.9 5.5 -1.7
v 0.9 5.6 -1.7
v 0.9 5.7 -1.7
v 0.9 6 -1.7
v 0.9 6.4 -1.7
v 0.9 6.7 -1.7
v 0.9 6.8 -1.7
v 0.9 6.9 -1.7
v 1 5.6 -1.7
v 1 5.8 -1.7
v 1 6 -1.7
v 1 6.4 -1.7
v 1 6.6 -1.7
v 1 6.8 -1.7
v 1.1 5.8 -1.7
v 1.1 6.6 -1.7
v 2.1 6.5 -1.7
v 2.1 6.6 -1.7
v 2.2 6.5 -1.7
v 2.2 6.6 -1.7
v 2.5 6.5 -1.7
v 2.5 6.6 -1.7
v 2.7 6.5 -1.7
v 2.7 6.6 -1.7
v 2.9 6.5 -1.7
v 2.9 6.6 -1.7
v -3.2 6.6 -1.8
v -3.2 6.7 -1.8
v -3 6.6 -1.8
v -3 6.7 -1.8
v -1 6 -1.8
v -1 6.4 -1.8
v -0.9 5.7 -1.8
v -0.9 6 -1.8
v -0.9 6.4 -1.8
v -0.9 6.5 -1.8
v -0.9 6.7 -1.8
v -0.8 5.6 -1.8
v -0.8 5.7 -1.8
v -0.8 6.1 -1.8
v -0.8 6.3 -1.8
v -0.8 6.7 -1.8
v -0.8 6.8 -1.8
v -0.7 5.5 -1.8
v -0.7 5.6 -1.8
v -0.7 5.8 -1.8
v -0.7 5.9 -1.8
v -0.7 6.1 -1.8
v -0.7 6.3 -1.8
v -0.7 6.5 -1.8
v -0.7 6.6 -1.8
v -0.7 6.8 -1.8
v -0.7 6.9 -1.8
v -0.6 5.4 -1.8
v -0.6 5.5 -1.8
v -0.6 5.7 -1.8
v -0.6 5.8 -1.8
v -0.6 6.6 -1.8
v -0.6 6.7 -1.8
v -0.6 6.9 -1.8
v -0.6 7 -1.8
v -0.5 5.3 -1.8
v -0.5 5.4 -1.8
v -0.5 5.6 -1.8
v -0.5 5.7 -1.8
v -0.5 6.7 -1.8
v -0.5 6.8 -1.8
v -0.5 7 -1.8
v -0.5 7.1 -1.8
v -0.4 5.5 -1.8
v -0.4 5.6 -1.8
v -0.4 6.8 -1.8
v -0.4 6.9 -1.8
v -0.2 5.2 -1.8
v -0.2 5.3 -1.8
v -0.2 7.1 -1.8
v -0.2 7.2 -1.8
v -0.0999999 5.4 -1.8
v -0.0999999 5.5 -1.8
v -0.0999999 6.9 -1.8
v -0.0999999 7 -1.8
v 0.0999999 5.4 -1.8
v 0.0999999 5.5 -1.8
v 0.0999999 6.9 -1.8
v 0.0999999 7 -1.8
v 0.2 5.2 -1.8
v 0.2 5.3 -1.8
v 0.2 6.9 -1.8
v 0.2 7.1 -1.8
v 0.2 7.2 -1.8
v 0.3 6.9 -1.8
v 0.4 5.5 -1.8
v 0.4 5.6 -1.8
v 0.4 6.8 -1.8
v 0.4 6.9 -1.8
v 0.5 5.3 -1.8
v 0.5 5.4 -1.8
v 0.5 5.6 -1.8
v 0.5 5.7 -1.8
v 0.5 6.7 -1.8
v 0.5 6.8 -1.8
v 0.5 7 -1.8
v 0.5 7.1 -1.8
v 0.6 5.4 -1.8
v 0.6 5.5 -1.8
v 0.6 5.7 -1.8
v 0.6 5.8 -1.8
v 0.6 6.6 -1.8
v 0.6 6.7 -1.8
v 0.6 6.9 -1.8
v 0.6 7 -1.8
v 0.7 5.5 -1.8
v 0.7 5.6 -1.8
v 0.7 5.8 -1.8
v 0.7 6.1 -1.8
v 0.7 6.3 -1.8
v 0.7 6.6 -1.8
v 0.7 6.8 -1.8
v 0.7 6.9 -1.8
v 0.8 5.6 -1.8
v 0.8 5.7 -1.8
v 0.8 6.1 -1.8
v 0.8 6.3 -1.8
v 0.8 6.6 -1.8
v 0.8 6.7 -1.8
v 0.8 6.8 -1.8
v 0.9 5.7 -1.8
v 0.9 6 -1.8
v 0.9 6.4 -1.8
v 0.9 6.7 -1.8
v 1 6 -1.8
v 1 6.4 -1.8
v 2.7 6.6 -1.8
v 2.7 6.7 -1.8
v 2.9 6.6 -1.8
v 2.9 6.7 -1.8
v -0.8 6.1 -1.9
v -0.8 6.3 -1.9
v -0.7 5.8 -1.9
v -0.7 5.9 -1.9
v -0.7 6.1 -1.9
v -0.7 6.3 -1.9
v -0.7 6.6 -1.9
v -0.6 5.7 -1.9
v -0.6 5.8 -1.9
v -0.6 5.9 -1.9
v -0.6 6 -1.9
v -0.6 6.2 -1.9
v -0.6 6.3 -1.9
v -0.6 6.6 -1.9
v -0.6 6.7 -1.9
v -0.5 5.6 -1.9
v -0.5 5.7 -1.9
v -0.5 6 -1.9
v -0.5 6.2 -1.9
v -0.5 6.7 -1.9
v -0.5 6.8 -1.9
v -0.4 5.5 -1.9
v -0.4 5.6 -1.9
v -0.4 5.9 -1.9
v -0.4 6.5 -1.9
v -0.4 6.8 -1.9
v -0.4 6.9 -1.9
v -0.3 5.8 -1.9
v -0.3 5.9 -1.9
v -0.3 6.5 -1.9
v -0.3 6.6 -1.9
v -0.0999999 5.4 -1.9
v -0.0999999 5.5 -1.9
v -0.0999999 6.9 -1.9
v -0.0999999 7 -1.9
v 0.0999999 5.4 -1.9
v 0.0999999 5.5 -1.9
v 0.0999999 6.9 -1.9
v 0.0999999 7 -1.9
v 0.3 5.8 -1.9
v 0.3 5.9 -1.9
v 0.3 6.5 -1.9
v 0.3 6.6 -1.9
v 0.3 6.8 -1.9
v 0.3 6.9 -1.9
v 0.4 5.5 -1.9
v 0.4 5.6 -1.9
v 0.4 5.9 -1.9
v 0.4 6.5 -1.9
v 0.4 6.7 -1.9
v 0.4 6.8 -1.9
v 0.4 6.9 -1.9
v 0.5 5.6 -1.9
v 0.5 5.7 -1.9
v 0.5 6.6 -1.9
v 0.5 6.7 -1.9
v 0.5 6.8 -1.9
v 0.6 5.7 -1.9
v 0.6 5.8 -1.9
v 0.6 6.6 -1.9
v 0.6 6.7 -1.9
v 0.7 5.8 -1.9
v 0.7 6.1 -1.9
v 0.7 6.3 -1.9
v 0.7 6.6 -1.9
v 0.8 6.1 -1.9
v 0.8 6.3 -1.9
v -3 6.6 -2
v -3 6.7 -2
v -2.9 6.6 -2
v -2.9 6.7 -2
v -2.8 6.7 -2
v -2.6 6.6 -2
v -2.6 6.7 -2
v -2.4 6.6 -2
v -2.4 6.7 -2
v -2.2 6.7 -2
v -2 6.6 -2
v -2 6.7 -2
v -0.4 5.9 -2
v -0.4 6.5 -2
v -0.3 5.8 -2
v -0.3 5.9 -2
v -0.3 6.5 -2
v -0.3 6.6 -2
v 0.3 5.8 -2
v 0.3 5.9 -2
v 0.3 6.5 -2
v 0.3 6.6 -2
v 0.4 5.9 -2
v 0.4 6.5 -2
v 2 6.6 -2
v 2 6.7 -2
v 2.2 6.6 -2
v 2.2 6.7 -2
v 2.4 6.6 -2
v 2.4 6.7 -2
v 2.5 6.7 -2
v 2.6 6.6 -2
v 2.6 6.7 -2
v 2.7 6.6 -2
v 2.7 6.7 -2
v -2.9 6.7 -2.1
v -2.9 6.8 -2.1
v -2.8 6.7 -2.1
v -2.8 6.8 -2.1
v 2.5 6.7 -2.1
v 2.5 6.8 -2.1
v 2.6 6.7 -2.1
v 2.6 6.8 -2.1
v -2.8 6.7 -2.2
v -2.8 6.8 -2.2
v -2.7 6.7 -2.2
v -2.7 6.8 -2.2
v 2.4 6.7 -2.2
v 2.4 6.8 -2.2
v 2.5 6.7 -2.2
v 2.5 6.8 -2.2
v -2.7 6.7 -2.3
v -2.7 6.8 -2.3
v -2.6 6.7 -2.3
v -2.6 6.8 -2.3
v -2.5 6.8 -2.3
v -2.2 6.7 -2.3
v -2.2 6.8 -2.3
v -2 6.8 -2.3
v -1.9 6.7 -2.3
v -1.9 6.8 -2.3
v -1.7 6.8 -2.3
v -1.6 6.7 -2.3
v -1.6 6.8 -2.3
v 1.4 6.7 -2.3
v 1.4 6.8 -2.3
v 1.5 6.8 -2.3
v 1.7 6.7 -2.3
v 1.7 6.8 -2.3
v 1.9 6.8 -2.3
v 2 6.7 -2.3
v 2 6.8 -2.3
v 2.2 6.8 -2.3
v 2.3 6.7 -2.3
v 2.3 6.8 -2.3
v 2.4 6.7 -2.3
v 2.4 6.8 -2.3
v -2.6 6.8 -2.4
v -2.6 6.9 -2.4
v -2.5 6.8 -2.4
v -2.5 6.9 -2.4
v 2.2 6.8 -2.4
v 2.2 6.9 -2.4
v 2.3 6.8 -2.4
v 2.3 6.9 -2.4
v -2.5 6.8 -2.6
v -2.5 6.9 -2.6
v -2.4 6.8 -2.6
v -2.4 6.9 -2.6
v 2.1 6.8 -2.6
v 2.1 6.9 -2.6
v 2.2 6.8 -2.6
v 2.2 6.9 -2.6
v -2.4 6.8 -2.7
v -2.4 6.9 -2.7
v -2.3 6.8 -2.7
v -2.3 6.9 -2.7
v 2 6.8 -2.7
v 2 6.9 -2.7
v 2.1 6.8 -2.7
v 2.1 6.9 -2.7
v -2.3 6.8 -2.8
v -2.3 6.9 -2.8
v -2.2 6.8 -2.8
v -2.2 6.9 -2.8
v -1.9 6.9 -2.8
v -1.6 6.8 -2.8
v -1.6 6.9 -2.8
v -1.4 6.9 -2.8
v -1 6.8 -2.8
v -1 6.9 -2.8
v -0.6 6.9 -2.8
v 0.5 6.9 -2.8
v 0.9 6.8 -2.8
v 0.9 6.9 -2.8
v 1.2 6.9 -2.8
v 1.4 6.8 -2.8
v 1.4 6.9 -2.8
v 1.6 6.9 -2.8
v 1.9 6.8 -2.8
v 1.9 6.9 -2.8
v 2 6.8 -2.8
v 2 6.9 -2.8
v -2.2 6.9 -2.9
v -2.2 7 -2.9
v -1.9 6.9 -2.9
v -1.9 7 -2.9
v 1.6 6.9 -2.9
v 1.6 7 -2.9
v 1.9 6.9 -2.9
v 1.9 7 -2.9
v -1.9 6.9 -3
v -1.9 7 -3
v -1.7 6.9 -3
v -1.7 7 -3
v 1.4 6.9 -3
v 1.4 7 -3
v 1.6 6.9 -3
v 1.6 7 -3
v -1.7 6.9 -3.1
v -1.7 7.1 -3.1
v -1.5 6.9 -3.1
v -1.5 7 -3.1
v -1.5 7.1 -3.1
v -1.3 7 -3.1
v -0.7 6.9 -3.1
v -0.7 7 -3.1
v 0.5 6.9 -3.1
v 0.5 7 -3.1
v 1 7 -3.1
v 1.2 6.9 -3.1
v 1.2 7 -3.1
v 1.2 7.1 -3.1
v 1.4 6.9 -3.1
v 1.4 7.1 -3.1
v -1.5 7 -3.3
v -1.5 7.1 -3.3
v -1.3 7 -3.3
v -1.3 7.1 -3.3
v 1 7 -3.3
v 1 7.1 -3.3
v 1.2 7 -3.3
v 1.2 7.1 -3.3
v -1.3 7 -3.4
v -1.3 7.1 -3.4
v -0.8 7 -3.4
v -0.8 7.1 -3.4
v 0.5 7 -3.4
v 0.5 7.1 -3.4
v 1 7 -3.4
v 1 7.1 -3.4
v -0.8 7 -3.5
v -0.8 7.1 -3.5
v 0.5 7 -3.5
v 0.5 7.1 -3.5
v -0.3 4.2 0.4
v 0.3 4.2 0.4
v -0.4 4.2 0.3
v -0.3 4.2 0.3
v 0.3 4.2 0.3
v 0.4 4.2 0.3
v -0.4 4.2 -0.3
v -0.3 4.2 -0.3
v 0.3 4.2 -0.3
v 0.4 4.2 -0.3
v -0.3 4.2 -0.4
v 0.3 4.2 -0.4
v -0.0999999 4.3 0.8
v 0.0999999 4.3 0.8
v -0.4 4.3 0.7
v -0.0999999 4.3 0.7
v 0.0999999 4.3 0.7
v 0.4 4.3 0.7
v -0.5 4.3 0.6
v -0.4 4.3 0.6
v 0.4 4.3 0.6
v 0.5 4.3 0.6
v -0.6 4.3 0.5
v -0.5 4.3 0.5
v 0.5 4.3 0.5
v 0.6 4.3 0.5
v -0.7 4.3 0.4
v -0.6 4.3 0.4
v -0.3 4.3 0.4
v 0.3 4.3 0.4
v 0.6 4.3 0.4
v 0.7 4.3 0.4
v -0.4 4.3 0.3
v -0.3 4.3 0.3
v 0.3 4.3 0.3
v 0.4 4.3 0.3
v -0.8 4.3 0.0999999
v -0.7 4.3 0.0999999
v 0.7 4.3 0.0999999
v 0.8 4.3 0.0999999
v -0.8 4.3 -0.0999999
v -0.7 4.3 -0.0999999
v 0.7 4.3 -0.0999999
v 0.8 4.3 -0.0999999
v -0.4 4.3 -0.3
v -0.3 4.3 -0.3
v 0.3 4.3 -0.3
v 0.4 4.3 -0.3
v -0.7 4.3 -0.4
v -0.6 4.3 -0.4
v -0.3 4.3 -0.4
v 0.3 4.3 -0.4
v 0.6 4.3 -0.4
v 0.7 4.3 -0.4
v -0.6 4.3 -0.5
v -0.5 4.3 -0.5
v 0.5 4.3 -0.5
v 0.6 4.3 -0.5
v -0.5 4.3 -0.6
v -0.4 4.3 -0.6
v 0.4 4.3 -0.6
v 0.5 4.3 -0.6
v -0.4 4.3 -0.7
v -0.0999999 4.3 -0.7
v 0.0999999 4.3 -0.7
v 0.4 4.3 -0.7
v -0.0999999 4.3 -0.8
v 0.0999999 4.3 -0.8
v -0.2 4.4 1
v 0.2 4.4 1
v -0.5 4.4 0.9
v -0.2 4.4 0.9
v 0.2 4.4 0.9
v 0.5 4.4 0.9
v -0.6 4.4 0.8
v -0.5 4.4 0.8
v -0.0999999 4.4 0.8
v 0.0999999 4.4 0.8
v 0.5 4.4 0.8
v 0.6 4.4 0.8
v -0.7 4.4 0.7
v -0.6 4.4 0.7
v -0.4 4.4 0.7
v -0.0999999 4.4 0.7
v 0.0999999 4.4 0.7
v 0.4 4.4 0.7
v 0.6 4.4 0.7
v 0.7 4.4 0.7
v -0.8 4.4 0.6
v -0.7 4.4 0.6
v -0.5 4.4 0.6
v -0.4 4.4 0.6
v 0.4 4.4 0.6
v 0.5 4.4 0.6
v 0.7 4.4 0.6
v 0.8 4.4 0.6
v -0.9 4.4 0.5
v -0.8 4.4 0.5
v -0.6 4.4 0.5
v -0.5 4.4 0.5
v 0.5 4.4 0.5
v 0.6 4.4 0.5
v 0.8 4.4 0.5
v 0.9 4.4 0.5
v -0.7 4.4 0.4
v -0.6 4.4 0.4
v 0.6 4.4 0.4
v 0.7 4.4 0.4
v -1 4.4 0.2
v -0.9 4.4 0.2
v 0.9 4.4 0.2
v 1 4.4 0.2
v -0.8 4.4 0.0999999
v -0.7 4.4 0.0999999
v 0.7 4.4 0.0999999
v 0.8 4.4 0.0999999
v -0.8 4.4 -0.0999999
v -0.7 4.4 -0.0999999
v 0.7 4.4 -0.0999999
v 0.8 4.4 -0.0999999
v -1 4.4 -0.2
v -0.9 4.4 -0.2
v 0.9 4.4 -0.2
v 1 4.4 -0.2
v -0.7 4.4 -0.4
v -0.6 4.4 -0.4
v 0.6 4.4 -0.4
v 0.7 4.4 -0.4
v -0.9 4.4 -0.5
v -0.8 4.4 -0.5
v -0.6 4.4 -0.5
v -0.5 4.4 -0.5
v 0.5 4.4 -0.5
v 0.6 4.4 -0.5
v 0.8 4.4 -0.5
v 0.9 4.4 -0.5
v -0.8 4.4 -0.6
v -0.7 4.4 -0.6
v -0.5 4.4 -0.6
v -0.4 4.4 -0.6
v 0.4 4.4 -0.6
v 0.5 4.4 -0.6
v 0.7 4.4 -0.6
v 0.8 4.4 -0.6
v -0.7 4.4 -0.7
v -0.6 4.4 -0.7
v -0.5 4.4 -0.7
v -0.4 4.4 -0.7
v -0.2 4.4 -0.7
v -0.0999999 4.4 -0.7
v 0.0999999 4.4 -0.7
v 0.4 4.4 -0.7
v 0.6 4.4 -0.7
v 0.7 4.4 -0.7
v -0.6 4.4 -0.8
v -0.5 4.4 -0.8
v -0.2 4.4 -0.8
v -0.0999999 4.4 -0.8
v 0.0999999 4.4 -0.8
v 0.5 4.4 -0.8
v 0.6 4.4 -0.8
v -0.5 4.4 -0.9
v -0.2 4.4 -0.9
v 0.2 4.4 -0.9
v 0.5 4.4 -0.9
v -0.2 4.4 -1
v -0.0999999 4.4 -1
v 0.2 4.4 -1
v -0.4 4.5 1.1
v 0.4 4.5 1.1
v -0.6 4.5 1
v -0.4 4.5 1
v -0.2 4.5 1
v 0.2 4.5 1
v 0.4 4.5 1
v 0.6 4.5 1
v -0.7 4.5 0.9
v -0.6 4.5 0.9
v -0.5 4.5 0.9
v -0.4 4.5 0.9
v -0.2 4.5 0.9
v 0.2 4.5 0.9
v 0.5 4.5 0.9
v 0.6 4.5 0.9
v 0.7 4.5 0.9
v -0.8 4.5 0.8
v -0.7 4.5 0.8
v -0.6 4.5 0.8
v -0.5 4.5 0.8
v 0.5 4.5 0.8
v 0.6 4.5 0.8
v 0.7 4.5 0.8
v 0.8 4.5 0.8
v -0.9 4.5 0.7
v -0.8 4.5 0.7
v -0.7 4.5 0.7
v -0.6 4.5 0.7
v 0.6 4.5 0.7
v 0.7 4.5 0.7
v 0.8 4.5 0.7
v 0.9 4.5 0.7
v -1 4.5 0.6
v -0.9 4.5 0.6
v -0.8 4.5 0.6
v -0.7 4.5 0.6
v 0.7 4.5 0.6
v 0.8 4.5 0.6
v 0.9 4.5 0.6
v 1 4.5 0.6
v -0.9 4.5 0.5
v -0.8 4.5 0.5
v 0.8 4.5 0.5
v 0.9 4.5 0.5
v -1.1 4.5 0.4
v -1 4.5 0.4
v 1 4.5 0.4
v 1.1 4.5 0.4
v -1 4.5 0.2
v -0.9 4.5 0.2
v 0.9 4.5 0.2
v 1 4.5 0.2
v 1 4.5 -0.0999999
v 1.1 4.5 -0.0999999
v -1 4.5 -0.2
v -0.9 4.5 -0.2
v 0.9 4.5 -0.2
v 1 4.5 -0.2
v -1.1 4.5 -0.4
v -1 4.5 -0.4
v 1 4.5 -0.4
v 1.1 4.5 -0.4
v -0.9 4.5 -0.5
v -0.8 4.5 -0.5
v 0.8 4.5 -0.5
v 0.9 4.5 -0.5
v -1 4.5 -0.6
v -0.9 4.5 -0.6
v -0.8 4.5 -0.6
v -0.7 4.5 -0.6
v 0.7 4.5 -0.6
v 0.8 4.5 -0.6
v 0.9 4.5 -0.6
v 1 4.5 -0.6
v -0.9 4.5 -0.7
v -0.8 4.5 -0.7
v -0.7 4.5 -0.7
v -0.6 4.5 -0.7
v 0.6 4.5 -0.7
v 0.7 4.5 -0.7
v 0.8 4.5 -0.7
v 0.9 4.5 -0.7
v -0.8 4.5 -0.8
v -0.7 4.5 -0.8
v -0.6 4.5 -0.8
v -0.5 4.5 -0.8
v 0.5 4.5 -0.8
v 0.6 4.5 -0.8
v 0.7 4.5 -0.8
v 0.8 4.5 -0.8
v -0.7 4.5 -0.9
v -0.6 4.5 -0.9
v -0.5 4.5 -0.9
v -0.2 4.5 -0.9
v 0.2 4.5 -0.9
v 0.5 4.5 -0.9
v 0.6 4.5 -0.9
v 0.7 4.5 -0.9
v -0.6 4.5 -1
v -0.4 4.5 -1
v -0.2 4.5 -1
v -0.0999999 4.5 -1
v 0.0999999 4.5 -1
v 0.2 4.5 -1
v 0.4 4.5 -1
v 0.6 4.5 -1
v -0.4 4.5 -1.1
v 0.0999999 4.5 -1.1
v 0.4 4.5 -1.1
v -0.2 4.6 1.3
v 0.2 4.6 1.3
v -0.5 4.6 1.2
v -0.4 4.6 1.2
v -0.2 4.6 1.2
v 0.2 4.6 1.2
v 0.5 4.6 1.2
v -0.7 4.6 1.1
v -0.5 4.6 1.1
v -0.4 4.6 1.1
v 0.4 4.6 1.1
v 0.5 4.6 1.1
v 0.7 4.6 1.1
v -0.8 4.6 1
v -0.7 4.6 1
v -0.6 4.6 1
v -0.4 4.6 1
v 0.4 4.6 1
v 0.6 4.6 1
v 0.7 4.6 1
v 0.8 4.6 1
v -0.9 4.6 0.9
v -0.8 4.6 0.9
v -0.7 4.6 0.9
v -0.6 4.6 0.9
v 0.6 4.6 0.9
v 0.7 4.6 0.9
v 0.8 4.6 0.9
v 0.9 4.6 0.9
v -1 4.6 0.8
v -0.9 4.6 0.8
v -0.8 4.6 0.8
v -0.7 4.6 0.8
v 0.7 4.6 0.8
v 0.8 4.6 0.8
v 0.9 4.6 0.8
v 1 4.6 0.8
v -1.1 4.6 0.7
v -1 4.6 0.7
v -0.9 4.6 0.7
v -0.8 4.6 0.7
v 0.8 4.6 0.7
v 0.9 4.6 0.7
v 1 4.6 0.7
v 1.1 4.6 0.7
v -1 4.6 0.6
v -0.9 4.6 0.6
v 0.9 4.6 0.6
v 1 4.6 0.6
v -1.2 4.6 0.5
v -1.1 4.6 0.5
v 1.1 4.6 0.5
v 1.2 4.6 0.5
v -1.1 4.6 0.4
v -1 4.6 0.4
v 1 4.6 0.4
v 1.1 4.6 0.4
v -1.3 4.6 0.2
v -1.2 4.6 0.2
v 1.2 4.6 0.2
v 1.3 4.6 0.2
v 1.1 4.6 -0.0999999
v -1.3 4.6 -0.2
v -1.2 4.6 -0.2
v 1.2 4.6 -0.2
v 1.3 4.6 -0.2
v -1.1 4.6 -0.4
v -1 4.6 -0.4
v 1 4.6 -0.4
v 1.1 4.6 -0.4
v -1.2 4.6 -0.5
v -1.1 4.6 -0.5
v 1.1 4.6 -0.5
v 1.2 4.6 -0.5
v -1 4.6 -0.6
v -0.9 4.6 -0.6
v 0.9 4.6 -0.6
v 1 4.6 -0.6
v -1.1 4.6 -0.7
v -1 4.6 -0.7
v -0.9 4.6 -0.7
v -0.8 4.6 -0.7
v 0.8 4.6 -0.7
v 0.9 4.6 -0.7
v 1 4.6 -0.7
v 1.1 4.6 -0.7
v -1 4.6 -0.8
v -0.9 4.6 -0.8
v -0.8 4.6 -0.8
v -0.7 4.6 -0.8
v 0.7 4.6 -0.8
v 0.8 4.6 -0.8
v 0.9 4.6 -0.8
v 1 4.6 -0.8
v -0.9 4.6 -0.9
v -0.8 4.6 -0.9
v -0.7 4.6 -0.9
v -0.6 4.6 -0.9
v 0.6 4.6 -0.9
v 0.7 4.6 -0.9
v 0.8 4.6 -0.9
v 0.9 4.6 -0.9
v -0.8 4.6 -1
v -0.7 4.6 -1
v -0.6 4.6 -1
v -0.4 4.6 -1
v 0.4 4.6 -1
v 0.6 4.6 -1
v 0.7 4.6 -1
v 0.8 4.6 -1
v -0.7 4.6 -1.1
v -0.5 4.6 -1.1
v -0.4 4.6 -1.1
v 0.0999999 4.6 -1.1
v 0.2 4.6 -1.1
v 0.4 4.6 -1.1
v 0.5 4.6 -1.1
v 0.7 4.6 -1.1
v -0.5 4.6 -1.2
v -0.2 4.6 -1.2
v 0.0999999 4.6 -1.2
v 0.2 4.6 -1.2
v 0.5 4.6 -1.2
v -0.2 4.6 -1.3
v 0.0999999 4.6 -1.3
v 0.2 4.6 -1.3
v -0.3 4.7 1.4
v 0.3 4.7 1.4
v -0.6 4.7 1.3
v -0.5 4.7 1.3
v -0.3 4.7 1.3
v -0.2 4.7 1.3
v 0.2 4.7 1.3
v 0.3 4.7 1.3
v 0.6 4.7 1.3
v -0.8 4.7 1.2
v -0.6 4.7 1.2
v -0.5 4.7 1.2
v -0.4 4.7 1.2
v -0.2 4.7 1.2
v 0.2 4.7 1.2
v 0.5 4.7 1.2
v 0.6 4.7 1.2
v 0.8 4.7 1.2
v -0.9 4.7 1.1
v -0.8 4.7 1.1
v -0.7 4.7 1.1
v -0.5 4.7 1.1
v 0.5 4.7 1.1
v 0.7 4.7 1.1
v 0.8 4.7 1.1
v 0.9 4.7 1.1
v -1 4.7 1
v -0.9 4.7 1
v -0.8 4.7 1
v -0.7 4.7 1
v 0.7 4.7 1
v 0.8 4.7 1
v 0.9 4.7 1
v 1 4.7 1
v -1.1 4.7 0.9
v -1 4.7 0.9
v -0.9 4.7 0.9
v -0.8 4.7 0.9
v 0.8 4.7 0.9
v 0.9 4.7 0.9
v 1 4.7 0.9
v 1.1 4.7 0.9
v -1.2 4.7 0.8
v -1.1 4.7 0.8
v -1 4.7 0.8
v -0.9 4.7 0.8
v 0.9 4.7 0.8
v 1 4.7 0.8
v 1.1 4.7 0.8
v 1.2 4.7 0.8
v -1.1 4.7 0.7
v -1 4.7 0.7
v 1 4.7 0.7
v 1.1 4.7 0.7
v -1.3 4.7 0.6
v -1.2 4.7 0.6
v 1.2 4.7 0.6
v 1.3 4.7 0.6
v -1.2 4.7 0.5
v -1.1 4.7 0.5
v 1.1 4.7 0.5
v 1.2 4.7 0.5
v -1.4 4.7 0.3
v -1.3 4.7 0.3
v 1.3 4.7 0.3
v 1.4 4.7 0.3
v -1.3 4.7 0.2
v -1.2 4.7 0.2
v 1.2 4.7 0.2
v 1.3 4.7 0.2
v -1.3 4.7 -0.2
v -1.2 4.7 -0.2
v 1.2 4.7 -0.2
v 1.3 4.7 -0.2
v -1.4 4.7 -0.3
v -1.3 4.7 -0.3
v 1.3 4.7 -0.3
v 1.4 4.7 -0.3
v -1.2 4.7 -0.5
v -1.1 4.7 -0.5
v 1.1 4.7 -0.5
v 1.2 4.7 -0.5
v -1.3 4.7 -0.6
v -1.2 4.7 -0.6
v 1.1 4.7 -0.6
v 1.2 4.7 -0.6
v 1.3 4.7 -0.6
v -1.1 4.7 -0.7
v -1 4.7 -0.7
v 1 4.7 -0.7
v 1.1 4.7 -0.7
v -1.2 4.7 -0.8
v -1.1 4.7 -0.8
v -1 4.7 -0.8
v -0.9 4.7 -0.8
v 0.9 4.7 -0.8
v 1 4.7 -0.8
v 1.1 4.7 -0.8
v 1.2 4.7 -0.8
v -1.1 4.7 -0.9
v -1 4.7 -0.9
v -0.9 4.7 -0.9
v -0.8 4.7 -0.9
v 0.8 4.7 -0.9
v 0.9 4.7 -0.9
v 1 4.7 -0.9
v 1.1 4.7 -0.9
v -1 4.7 -1
v -0.9 4.7 -1
v -0.8 4.7 -1
v -0.7 4.7 -1
v 0.7 4.7 -1
v 0.8 4.7 -1
v 0.9 4.7 -1
v 1 4.7 -1
v -0.9 4.7 -1.1
v -0.8 4.7 -1.1
v -0.7 4.7 -1.1
v -0.5 4.7 -1.1
v 0.5 4.7 -1.1
v 0.7 4.7 -1.1
v 0.8 4.7 -1.1
v 0.9 4.7 -1.1
v -0.8 4.7 -1.2
v -0.6 4.7 -1.2
v -0.5 4.7 -1.2
v -0.2 4.7 -1.2
v 0.2 4.7 -1.2
v 0.5 4.7 -1.2
v 0.6 4.7 -1.2
v 0.8 4.7 -1.2
v -0.6 4.7 -1.3
v -0.3 4.7 -1.3
v -0.2 4.7 -1.3
v 0.0999999 4.7 -1.3
v 0.2 4.7 -1.3
v 0.3 4.7 -1.3
v 0.6 4.7 -1.3
v -0.3 4.7 -1.4
v 0.0999999 4.7 -1.4
v 0.3 4.7 -1.4
v -0.3 4.8 1.5
v 0.3 4.8 1.5
v -0.6 4.8 1.4
v -0.3 4.8 1.4
v 0.3 4.8 1.4
v 0.6 4.8 1.4
v -0.8 4.8 1.3
v -0.6 4.8 1.3
v -0.5 4.8 1.3
v -0.3 4.8 1.3
v 0.3 4.8 1.3
v 0.6 4.8 1.3
v 0.8 4.8 1.3
v -0.9 4.8 1.2
v -0.8 4.8 1.2
v -0.6 4.8 1.2
v 0.6 4.8 1.2
v 0.8 4.8 1.2
v 0.9 4.8 1.2
v -1 4.8 1.1
v -0.9 4.8 1.1
v -0.8 4.8 1.1
v 0.8 4.8 1.1
v 0.9 4.8 1.1
v 1 4.8 1.1
v -1.1 4.8 1
v -1 4.8 1
v -0.9 4.8 1
v 0.9 4.8 1
v 1 4.8 1
v 1.1 4.8 1
v -1.2 4.8 0.9
v -1.1 4.8 0.9
v -1 4.8 0.9
v 1 4.8 0.9
v 1.1 4.8 0.9
v 1.2 4.8 0.9
v -1.3 4.8 0.8
v -1.2 4.8 0.8
v -1.1 4.8 0.8
v 1.1 4.8 0.8
v 1.2 4.8 0.8
v 1.3 4.8 0.8
v -1.4 4.8 0.6
v -1.3 4.8 0.6
v -1.2 4.8 0.6
v 1.2 4.8 0.6
v 1.3 4.8 0.6
v 1.4 4.8 0.6
v -1.5 4.8 0.3
v -1.4 4.8 0.3
v -1.3 4.8 0.3
v 1.3 4.8 0.3
v 1.4 4.8 0.3
v 1.5 4.8 0.3
v -1.5 4.8 -0.3
v -1.4 4.8 -0.3
v -1.3 4.8 -0.3
v 1.3 4.8 -0.3
v 1.4 4.8 -0.3
v 1.5 4.8 -0.3
v -1.4 4.8 -0.6
v -1.3 4.8 -0.6
v -1.2 4.8 -0.6
v 1.2 4.8 -0.6
v 1.3 4.8 -0.6
v 1.4 4.8 -0.6
v 1.2 4.8 -0.7
v 1.3 4.8 -0.7
v -1.3 4.8 -0.8
v -1.2 4.8 -0.8
v -1.1 4.8 -0.8
v 1.1 4.8 -0.8
v 1.2 4.8 -0.8
v 1.3 4.8 -0.8
v -1.2 4.8 -0.9
v -1.1 4.8 -0.9
v -1 4.8 -0.9
v 1 4.8 -0.9
v 1.1 4.8 -0.9
v 1.2 4.8 -0.9
v -1.1 4.8 -1
v -1 4.8 -1
v -0.9 4.8 -1
v 0.9 4.8 -1
v 1 4.8 -1
v 1.1 4.8 -1
v -1 4.8 -1.1
v -0.9 4.8 -1.1
v -0.8 4.8 -1.1
v 0.8 4.8 -1.1
v 0.9 4.8 -1.1
v 1 4.8 -1.1
v -0.9 4.8 -1.2
v -0.8 4.8 -1.2
v -0.6 4.8 -1.2
v 0.6 4.8 -1.2
v 0.8 4.8 -1.2
v 0.9 4.8 -1.2
v -0.8 4.8 -1.3
v -0.6 4.8 -1.3
v -0.3 4.8 -1.3
v 0.3 4.8 -1.3
v 0.6 4.8 -1.3
v 0.8 4.8 -1.3
v -0.6 4.8 -1.4
v -0.3 4.8 -1.4
v 0 4.8 -1.4
v 0.0999999 4.8 -1.4
v 0.3 4.8 -1.4
v 0.6 4.8 -1.4
v -0.3 4.8 -1.5
v 0 4.8 -1.5
v 0.3 4.8 -1.5
v -0.2 4.9 1.6
v 0.2 4.9 1.6
v -0.6 4.9 1.5
v -0.3 4.9 1.5
v -0.2 4.9 1.5
v 0.2 4.9 1.5
v 0.3 4.9 1.5
v 0.6 4.9 1.5
v -0.8 4.9 1.4
v -0.6 4.9 1.4
v -0.3 4.9 1.4
v 0.3 4.9 1.4
v 0.6 4.9 1.4
v 0.8 4.9 1.4
v -0.9 4.9 1.3
v -0.8 4.9 1.3
v -0.6 4.9 1.3
v 0.6 4.9 1.3
v 0.8 4.9 1.3
v 0.9 4.9 1.3
v -1.1 4.9 1.2
v -1 4.9 1.2
v -0.9 4.9 1.2
v -0.8 4.9 1.2
v 0.8 4.9 1.2
v 0.9 4.9 1.2
v 1 4.9 1.2
v 1.1 4.9 1.2
v -1.2 4.9 1.1
v -1.1 4.9 1.1
v -1 4.9 1.1
v -0.9 4.9 1.1
v 0.9 4.9 1.1
v 1 4.9 1.1
v 1.1 4.9 1.1
v 1.2 4.9 1.1
v -1.1 4.9 1
v -1 4.9 1
v 1 4.9 1
v 1.1 4.9 1
v -1.3 4.9 0.9
v -1.2 4.9 0.9
v -1.1 4.9 0.9
v 1.1 4.9 0.9
v 1.2 4.9 0.9
v 1.3 4.9 0.9
v -1.4 4.9 0.8
v -1.3 4.9 0.8
v -1.2 4.9 0.8
v 1.2 4.9 0.8
v 1.3 4.9 0.8
v 1.4 4.9 0.8
v -1.5 4.9 0.6
v -1.4 4.9 0.6
v -1.3 4.9 0.6
v 1.3 4.9 0.6
v 1.4 4.9 0.6
v 1.5 4.9 0.6
v -1.5 4.9 0.3
v -1.4 4.9 0.3
v 1.4 4.9 0.3
v 1.5 4.9 0.3
v -1.6 4.9 0.2
v -1.5 4.9 0.2
v 1.5 4.9 0.2
v 1.6 4.9 0.2
v -1.6 4.9 -0.2
v -1.5 4.9 -0.2
v 1.5 4.9 -0.2
v 1.6 4.9 -0.2
v -1.5 4.9 -0.3
v -1.4 4.9 -0.3
v 1.4 4.9 -0.3
v 1.5 4.9 -0.3
v 1.4 4.9 -0.5
v 1.5 4.9 -0.5
v -1.5 4.9 -0.6
v -1.4 4.9 -0.6
v -1.3 4.9 -0.6
v 1.3 4.9 -0.6
v 1.4 4.9 -0.6
v 1.5 4.9 -0.6
v 1.3 4.9 -0.7
v -1.4 4.9 -0.8
v -1.3 4.9 -0.8
v -1.2 4.9 -0.8
v 1.2 4.9 -0.8
v 1.3 4.9 -0.8
v 1.4 4.9 -0.8
v -1.3 4.9 -0.9
v -1.2 4.9 -0.9
v -1.1 4.9 -0.9
v 1.1 4.9 -0.9
v 1.2 4.9 -0.9
v 1.3 4.9 -0.9
v -1.1 4.9 -1
v -1 4.9 -1
v 1 4.9 -1
v 1.1 4.9 -1
v -1.2 4.9 -1.1
v -1.1 4.9 -1.1
v -1 4.9 -1.1
v -0.9 4.9 -1.1
v 0.9 4.9 -1.1
v 1 4.9 -1.1
v 1.1 4.9 -1.1
v 1.2 4.9 -1.1
v -1.1 4.9 -1.2
v -0.9 4.9 -1.2
v -0.8 4.9 -1.2
v 0.8 4.9 -1.2
v 0.9 4.9 -1.2
v 1.1 4.9 -1.2
v -0.9 4.9 -1.3
v -0.8 4.9 -1.3
v -0.7 4.9 -1.3
v -0.6 4.9 -1.3
v 0.6 4.9 -1.3
v 0.8 4.9 -1.3
v 0.9 4.9 -1.3
v -0.8 4.9 -1.4
v -0.7 4.9 -1.4
v -0.6 4.9 -1.4
v -0.5 4.9 -1.4
v -0.3 4.9 -1.4
v 0.3 4.9 -1.4
v 0.6 4.9 -1.4
v 0.8 4.9 -1.4
v -0.6 4.9 -1.5
v -0.5 4.9 -1.5
v -0.3 4.9 -1.5
v -0.2 4.9 -1.5
v 0 4.9 -1.5
v 0.2 4.9 -1.5
v 0.3 4.9 -1.5
v 0.6 4.9 -1.5
v -0.2 4.9 -1.6
v 0.2 4.9 -1.6
v -0.5 5 1.6
v -0.2 5 1.6
v 0.2 5 1.6
v 0.5 5 1.6
v -0.8 5 1.5
v -0.6 5 1.5
v -0.5 5 1.5
v -0.2 5 1.5
v 0.2 5 1.5
v 0.5 5 1.5
v 0.6 5 1.5
v 0.8 5 1.5
v -0.9 5 1.4
v -0.8 5 1.4
v -0.6 5 1.4
v 0.6 5 1.4
v 0.8 5 1.4
v 0.9 5 1.4
v -1.1 5 1.3
v -0.9 5 1.3
v -0.8 5 1.3
v 0.8 5 1.3
v 0.9 5 1.3
v 1.1 5 1.3
v -1.2 5 1.2
v -1.1 5 1.2
v -1 5 1.2
v -0.9 5 1.2
v 0.9 5 1.2
v 1 5 1.2
v 1.1 5 1.2
v 1.2 5 1.2
v -1.3 5 1.1
v -1.2 5 1.1
v -1.1 5 1.1
v 1.1 5 1.1
v 1.2 5 1.1
v 1.3 5 1.1
v -1.4 5 0.9
v -1.3 5 0.9
v -1.2 5 0.9
v 1.2 5 0.9
v 1.3 5 0.9
v 1.4 5 0.9
v -1.5 5 0.8
v -1.4 5 0.8
v -1.3 5 0.8
v 1.3 5 0.8
v 1.4 5 0.8
v 1.5 5 0.8
v -1.5 5 0.6
v -1.4 5 0.6
v 1.4 5 0.6
v 1.5 5 0.6
v -1.6 5 0.5
v -1.5 5 0.5
v 1.5 5 0.5
v 1.6 5 0.5
v -1.6 5 0.2
v -1.5 5 0.2
v 1.5 5 0.2
v 1.6 5 0.2
v -1.6 5 -0.2
v -1.5 5 -0.2
v 1.5 5 -0.2
v 1.6 5 -0.2
v -1.6 5 -0.5
v -1.5 5 -0.5
v 1.5 5 -0.5
v 1.6 5 -0.5
v -1.5 5 -0.6
v -1.4 5 -0.6
v 1.4 5 -0.6
v 1.5 5 -0.6
v -1.5 5 -0.8
v -1.4 5 -0.8
v -1.3 5 -0.8
v 1.3 5 -0.8
v 1.4 5 -0.8
v 1.5 5 -0.8
v -1.4 5 -0.9
v -1.3 5 -0.9
v -1.2 5 -0.9
v 1.2 5 -0.9
v 1.3 5 -0.9
v 1.4 5 -0.9
v -1.3 5 -1.1
v -1.2 5 -1.1
v -1.1 5 -1.1
v 1.1 5 -1.1
v 1.2 5 -1.1
v 1.3 5 -1.1
v -1.2 5 -1.2
v -1.1 5 -1.2
v -0.9 5 -1.2
v 0.9 5 -1.2
v 1.1 5 -1.2
v 1.2 5 -1.2
v -1.1 5 -1.3
v -0.9 5 -1.3
v -0.8 5 -1.3
v 0.8 5 -1.3
v 0.9 5 -1.3
v 1.1 5 -1.3
v -0.9 5 -1.4
v -0.8 5 -1.4
v -0.7 5 -1.4
v -0.6 5 -1.4
v 0.6 5 -1.4
v 0.8 5 -1.4
v 0.9 5 -1.4
v -0.8 5 -1.5
v -0.6 5 -1.5
v -0.5 5 -1.5
v -0.2 5 -1.5
v 0.2 5 -1.5
v 0.5 5 -1.5
v 0.6 5 -1.5
v 0.8 5 -1.5
v -0.5 5 -1.6
v -0.2 5 -1.6
v 0.2 5 -1.6
v 0.5 5 -1.6
v -0.4 5.1 1.7
v 0.4 5.1 1.7
v -0.7 5.1 1.6
v -0.5 5.1 1.6
v -0.4 5.1 1.6
v 0.4 5.1 1.6
v 0.5 5.1 1.6
v 0.7 5.1 1.6
v -0.9 5.1 1.5
v -0.8 5.1 1.5
v -0.7 5.1 1.5
v -0.5 5.1 1.5
v 0.5 5.1 1.5
v 0.7 5.1 1.5
v 0.8 5.1 1.5
v 0.9 5.1 1.5
v -1 5.1 1.4
v -0.9 5.1 1.4
v -0.8 5.1 1.4
v 0.8 5.1 1.4
v 0.9 5.1 1.4
v 1 5.1 1.4
v -1.2 5.1 1.3
v -1.1 5.1 1.3
v -1 5.1 1.3
v -0.9 5.1 1.3
v 0.9 5.1 1.3
v 1 5.1 1.3
v 1.1 5.1 1.3
v 1.2 5.1 1.3
v -1.3 5.1 1.2
v -1.2 5.1 1.2
v -1.1 5.1 1.2
v 1.1 5.1 1.2
v 1.2 5.1 1.2
v 1.3 5.1 1.2
v -1.3 5.1 1.1
v -1.2 5.1 1.1
v 1.2 5.1 1.1
v 1.3 5.1 1.1
v -1.4 5.1 1
v -1.3 5.1 1
v 1.3 5.1 1
v 1.4 5.1 1
v -1.5 5.1 0.9
v -1.4 5.1 0.9
v -1.3 5.1 0.9
v 1.3 5.1 0.9
v 1.4 5.1 0.9
v 1.5 5.1 0.9
v -1.5 5.1 0.8
v -1.4 5.1 0.8
v 1.4 5.1 0.8
v 1.5 5.1 0.8
v -1.6 5.1 0.7
v -1.5 5.1 0.7
v 1.5 5.1 0.7
v 1.6 5.1 0.7
v -1.6 5.1 0.5
v -1.5 5.1 0.5
v 1.5 5.1 0.5
v 1.6 5.1 0.5
v -1.7 5.1 0.4
v -1.6 5.1 0.4
v 1.6 5.1 0.4
v 1.7 5.1 0.4
v 1.6 5.1 -0.0999999
v -1.7 5.1 -0.2
v -1.6 5.1 -0.2
v -1.7 5.1 -0.4
v -1.6 5.1 -0.4
v 1.6 5.1 -0.4
v 1.7 5.1 -0.4
v -1.6 5.1 -0.5
v -1.5 5.1 -0.5
v 1.5 5.1 -0.5
v 1.6 5.1 -0.5
v -1.6 5.1 -0.7
v -1.5 5.1 -0.7
v 1.5 5.1 -0.7
v 1.6 5.1 -0.7
v -1.5 5.1 -0.8
v -1.4 5.1 -0.8
v 1.4 5.1 -0.8
v 1.5 5.1 -0.8
v -1.5 5.1 -0.9
v -1.4 5.1 -0.9
v -1.3 5.1 -0.9
v 1.3 5.1 -0.9
v 1.4 5.1 -0.9
v 1.5 5.1 -0.9
v -1.4 5.1 -1
v -1.3 5.1 -1
v 1.3 5.1 -1
v 1.4 5.1 -1
v -1.3 5.1 -1.1
v -1.2 5.1 -1.1
v 1.2 5.1 -1.1
v 1.3 5.1 -1.1
v -1.3 5.1 -1.2
v -1.2 5.1 -1.2
v -1.1 5.1 -1.2
v 1.1 5.1 -1.2
v 1.2 5.1 -1.2
v 1.3 5.1 -1.2
v -1.2 5.1 -1.3
v -1.1 5.1 -1.3
v -1 5.1 -1.3
v -0.9 5.1 -1.3
v 0.9 5.1 -1.3
v 1 5.1 -1.3
v 1.1 5.1 -1.3
v 1.2 5.1 -1.3
v -1 5.1 -1.4
v -0.9 5.1 -1.4
v -0.8 5.1 -1.4
v 0.8 5.1 -1.4
v 0.9 5.1 -1.4
v 1 5.1 -1.4
v -0.9 5.1 -1.5
v -0.8 5.1 -1.5
v -0.7 5.1 -1.5
v -0.5 5.1 -1.5
v 0.5 5.1 -1.5
v 0.7 5.1 -1.5
v 0.8 5.1 -1.5
v 0.9 5.1 -1.5
v -0.7 5.1 -1.6
v -0.5 5.1 -1.6
v -0.4 5.1 -1.6
v 0.4 5.1 -1.6
v 0.5 5.1 -1.6
v 0.7 5.1 -1.6
v -0.4 5.1 -1.7
v 0.4 5.1 -1.7
v -0.8 5.2 3.6
v 0.5 5.2 3.6
v -1.3 5.2 3.5
v -0.8 5.2 3.5
v 0.5 5.2 3.5
v 1 5.2 3.5
v -1.5 5.2 3.4
v -1.3 5.2 3.4
v -0.8 5.2 3.4
v 0.5 5.2 3.4
v 1 5.2 3.4
v 1.2 5.2 3.4
v -1.7 5.2 3.2
v -1.5 5.2 3.2
v -1.3 5.2 3.2
v 1 5.2 3.2
v 1.2 5.2 3.2
v 1.4 5.2 3.2
v -1.7 5.2 3.1
v -1.5 5.2 3.1
v 1.2 5.2 3.1
v 1.4 5.2 3.1
v -0.2 5.2 1.8
v 0.2 5.2 1.8
v -0.6 5.2 1.7
v -0.4 5.2 1.7
v -0.2 5.2 1.7
v 0.2 5.2 1.7
v 0.4 5.2 1.7
v 0.6 5.2 1.7
v -0.8 5.2 1.6
v -0.7 5.2 1.6
v -0.6 5.2 1.6
v -0.4 5.2 1.6
v 0.4 5.2 1.6
v 0.6 5.2 1.6
v 0.7 5.2 1.6
v 0.8 5.2 1.6
v -1 5.2 1.5
v -0.9 5.2 1.5
v -0.8 5.2 1.5
v -0.7 5.2 1.5
v 0.7 5.2 1.5
v 0.8 5.2 1.5
v 0.9 5.2 1.5
v 1 5.2 1.5
v -1.1 5.2 1.4
v -1 5.2 1.4
v -0.9 5.2 1.4
v 0.9 5.2 1.4
v 1 5.2 1.4
v 1.1 5.2 1.4
v -1.1 5.2 1.3
v -1 5.2 1.3
v 1 5.2 1.3
v 1.1 5.2 1.3
v -1.4 5.2 1.1
v -1.3 5.2 1.1
v 1.3 5.2 1.1
v 1.4 5.2 1.1
v -1.5 5.2 1
v -1.4 5.2 1
v -1.3 5.2 1
v 1.3 5.2 1
v 1.4 5.2 1
v 1.5 5.2 1
v -1.5 5.2 0.9
v -1.4 5.2 0.9
v 1.4 5.2 0.9
v 1.5 5.2 0.9
v -1.6 5.2 0.8
v -1.5 5.2 0.8
v 1.5 5.2 0.8
v 1.6 5.2 0.8
v -1.6 5.2 0.7
v -1.5 5.2 0.7
v 1.5 5.2 0.7
v 1.6 5.2 0.7
v -1.7 5.2 0.6
v -1.6 5.2 0.6
v 1.6 5.2 0.6
v 1.7 5.2 0.6
v 1.6 5.2 0.5
v -1.7 5.2 0.4
v -1.6 5.2 0.4
v 1.6 5.2 0.4
v 1.7 5.2 0.4
v -1.8 5.2 0.2
v -1.7 5.2 0.2
v 1.7 5.2 0.2
v 1.8 5.2 0.2
v -1.8 5.2 0.0999999
v -1.7 5.2 0.0999999
v -1.8 5.2 -0.2
v -1.7 5.2 -0.2
v 1.7 5.2 -0.2
v 1.8 5.2 -0.2
v -1.7 5.2 -0.4
v -1.6 5.2 -0.4
v 1.6 5.2 -0.4
v 1.7 5.2 -0.4
v -1.7 5.2 -0.6
v -1.6 5.2 -0.6
v 1.6 5.2 -0.6
v 1.7 5.2 -0.6
v -1.6 5.2 -0.7
v -1.5 5.2 -0.7
v 1.5 5.2 -0.7
v 1.6 5.2 -0.7
v -1.6 5.2 -0.8
v -1.5 5.2 -0.8
v 1.5 5.2 -0.8
v 1.6 5.2 -0.8
v -1.5 5.2 -0.9
v -1.4 5.2 -0.9
v 1.4 5.2 -0.9
v 1.5 5.2 -0.9
v -1.5 5.2 -1
v -1.4 5.2 -1
v -1.3 5.2 -1
v 1.3 5.2 -1
v 1.4 5.2 -1
v 1.5 5.2 -1
v -1.4 5.2 -1.1
v -1.3 5.2 -1.1
v 1.3 5.2 -1.1
v 1.4 5.2 -1.1
v -1.1 5.2 -1.3
v -1 5.2 -1.3
v 1 5.2 -1.3
v 1.1 5.2 -1.3
v -1.1 5.2 -1.4
v -1 5.2 -1.4
v -0.9 5.2 -1.4
v 0.9 5.2 -1.4
v 1 5.2 -1.4
v 1.1 5.2 -1.4
v -1 5.2 -1.5
v -0.9 5.2 -1.5
v -0.8 5.2 -1.5
v -0.7 5.2 -1.5
v 0.7 5.2 -1.5
v 0.8 5.2 -1.5
v 0.9 5.2 -1.5
v 1 5.2 -1.5
v -0.8 5.2 -1.6
v -0.7 5.2 -1.6
v -0.6 5.2 -1.6
v -0.4 5.2 -1.6
v 0.4 5.2 -1.6
v 0.6 5.2 -1.6
v 0.7 5.2 -1.6
v 0.8 5.2 -1.6
v -0.6 5.2 -1.7
v -0.4 5.2 -1.7
v -0.2 5.2 -1.7
v 0.2 5.2 -1.7
v 0.4 5.2 -1.7
v 0.6 5.2 -1.7
v -0.2 5.2 -1.8
v 0.2 5.2 -1.8
v -1.9 5.3 3.1
v -1.7 5.3 3.1
v -1.5 5.3 3.1
v -0.7 5.3 3.1
v 0.5 5.3 3.1
v 1.2 5.3 3.1
v 1.4 5.3 3.1
v 1.6 5.3 3.1
v -2.2 5.3 3
v -1.9 5.3 3
v -1.7 5.3 3
v -1 5.3 3
v -0.7 5.3 3
v 0.5 5.3 3
v 0.9 5.3 3
v 1.4 5.3 3
v 1.6 5.3 3
v 1.9 5.3 3
v -2.2 5.3 2.9
v -1.9 5.3 2.9
v -1 5.3 2.9
v 0.9 5.3 2.9
v 1.6 5.3 2.9
v 1.9 5.3 2.9
v -0.5 5.3 1.8
v -0.2 5.3 1.8
v 0.2 5.3 1.8
v 0.5 5.3 1.8
v -0.7 5.3 1.7
v -0.6 5.3 1.7
v -0.5 5.3 1.7
v -0.2 5.3 1.7
v 0.2 5.3 1.7
v 0.5 5.3 1.7
v 0.6 5.3 1.7
v 0.7 5.3 1.7
v -0.9 5.3 1.6
v -0.8 5.3 1.6
v -0.7 5.3 1.6
v -0.6 5.3 1.6
v 0.6 5.3 1.6
v 0.7 5.3 1.6
v 0.8 5.3 1.6
v 0.9 5.3 1.6
v -1.1 5.3 1.5
v -1 5.3 1.5
v -0.9 5.3 1.5
v -0.8 5.3 1.5
v 0.8 5.3 1.5
v 0.9 5.3 1.5
v 1 5.3 1.5
v 1.1 5.3 1.5
v -1.2 5.3 1.4
v -1.1 5.3 1.4
v -1 5.3 1.4
v 1 5.3 1.4
v 1.1 5.3 1.4
v 1.2 5.3 1.4
v -1.3 5.3 1.3
v -1.2 5.3 1.3
v -1.1 5.3 1.3
v 1.1 5.3 1.3
v 1.2 5.3 1.3
v 1.3 5.3 1.3
v -1.4 5.3 1.2
v -1.3 5.3 1.2
v -1.2 5.3 1.2
v 1.2 5.3 1.2
v 1.3 5.3 1.2
v 1.4 5.3 1.2
v -1.5 5.3 1.1
v -1.4 5.3 1.1
v -1.3 5.3 1.1
v 1.3 5.3 1.1
v 1.4 5.3 1.1
v 1.5 5.3 1.1
v -1.5 5.3 1
v -1.4 5.3 1
v 1.4 5.3 1
v 1.5 5.3 1
v -1.6 5.3 0.9
v -1.5 5.3 0.9
v 1.5 5.3 0.9
v 1.6 5.3 0.9
v -1.6 5.3 0.8
v -1.5 5.3 0.8
v 1.5 5.3 0.8
v 1.6 5.3 0.8
v -1.7 5.3 0.7
v -1.6 5.3 0.7
v 1.6 5.3 0.7
v 1.7 5.3 0.7
v -1.7 5.3 0.6
v -1.6 5.3 0.6
v 1.6 5.3 0.6
v 1.7 5.3 0.6
v -1.8 5.3 0.5
v -1.7 5.3 0.5
v 1.7 5.3 0.5
v 1.8 5.3 0.5
v -1.8 5.3 0.2
v -1.7 5.3 0.2
v 1.7 5.3 0.2
v 1.8 5.3 0.2
v -1.8 5.3 -0.2
v -1.7 5.3 -0.2
v 1.7 5.3 -0.2
v 1.8 5.3 -0.2
v -1.8 5.3 -0.5
v -1.7 5.3 -0.5
v 1.7 5.3 -0.5
v 1.8 5.3 -0.5
v -1.7 5.3 -0.6
v -1.6 5.3 -0.6
v 1.6 5.3 -0.6
v 1.7 5.3 -0.6
v -1.7 5.3 -0.7
v -1.6 5.3 -0.7
v 1.6 5.3 -0.7
v 1.7 5.3 -0.7
v -1.6 5.3 -0.8
v -1.5 5.3 -0.8
v 1.5 5.3 -0.8
v 1.6 5.3 -0.8
v -1.6 5.3 -0.9
v -1.5 5.3 -0.9
v 1.5 5.3 -0.9
v 1.6 5.3 -0.9
v -1.5 5.3 -1
v -1.4 5.3 -1
v 1.4 5.3 -1
v 1.5 5.3 -1
v -1.5 5.3 -1.1
v -1.4 5.3 -1.1
v -1.3 5.3 -1.1
v 1.3 5.3 -1.1
v 1.4 5.3 -1.1
v 1.5 5.3 -1.1
v -1.4 5.3 -1.2
v -1.3 5.3 -1.2
v -1.2 5.3 -1.2
v 1.2 5.3 -1.2
v 1.3 5.3 -1.2
v 1.4 5.3 -1.2
v -1.3 5.3 -1.3
v -1.2 5.3 -1.3
v -1.1 5.3 -1.3
v 1.1 5.3 -1.3
v 1.2 5.3 -1.3
v 1.3 5.3 -1.3
v -1.2 5.3 -1.4
v -1.1 5.3 -1.4
v -1 5.3 -1.4
v 1 5.3 -1.4
v 1.1 5.3 -1.4
v 1.2 5.3 -1.4
v -1.1 5.3 -1.5
v -1 5.3 -1.5
v -0.9 5.3 -1.5
v -0.8 5.3 -1.5
v 0.8 5.3 -1.5
v 0.9 5.3 -1.5
v 1 5.3 -1.5
v 1.1 5.3 -1.5
v -0.9 5.3 -1.6
v -0.8 5.3 -1.6
v -0.7 5.3 -1.6
v -0.6 5.3 -1.6
v 0.6 5.3 -1.6
v 0.7 5.3 -1.6
v 0.8 5.3 -1.6
v 0.9 5.3 -1.6
v -0.7 5.3 -1.7
v -0.6 5.3 -1.7
v -0.5 5.3 -1.7
v -0.2 5.3 -1.7
v 0.2 5.3 -1.7
v 0.5 5.3 -1.7
v 0.6 5.3 -1.7
v 0.7 5.3 -1.7
v -0.5 5.3 -1.8
v -0.2 5.3 -1.8
v 0.2 5.3 -1.8
v 0.5 5.3 -1.8
v -2.3 5.4 2.9
v -2.2 5.4 2.9
v -1.9 5.4 2.9
v -1.4 5.4 2.9
v -1 5.4 2.9
v -0.6 5.4 2.9
v 0.5 5.4 2.9
v 0.9 5.4 2.9
v 1.2 5.4 2.9
v 1.6 5.4 2.9
v 1.9 5.4 2.9
v 2 5.4 2.9
v -2.4 5.4 2.8
v -2.3 5.4 2.8
v -2.2 5.4 2.8
v -1.6 5.4 2.8
v -1.4 5.4 2.8
v -1 5.4 2.8
v -0.6 5.4 2.8
v 0.5 5.4 2.8
v 0.9 5.4 2.8
v 1.2 5.4 2.8
v 1.4 5.4 2.8
v 1.9 5.4 2.8
v 2 5.4 2.8
v 2.1 5.4 2.8
v -2.5 5.4 2.7
v -2.4 5.4 2.7
v -2.3 5.4 2.7
v -1.8 5.4 2.7
v -1.6 5.4 2.7
v -1.3 5.4 2.7
v -1 5.4 2.7
v 0.9 5.4 2.7
v 1.1 5.4 2.7
v 1.4 5.4 2.7
v 1.6 5.4 2.7
v 2 5.4 2.7
v 2.1 5.4 2.7
v 2.2 5.4 2.7
v -2.6 5.4 2.5
v -2.5 5.4 2.5
v -2.4 5.4 2.5
v -1.9 5.4 2.5
v -1.8 5.4 2.5
v -1.6 5.4 2.5
v -1.3 5.4 2.5
v -0.8 5.4 2.5
v 0.7 5.4 2.5
v 1.1 5.4 2.5
v 1.4 5.4 2.5
v 1.6 5.4 2.5
v 1.7 5.4 2.5
v 2.1 5.4 2.5
v 2.2 5.4 2.5
v 2.3 5.4 2.5
v -2.6 5.4 2.4
v -2.5 5.4 2.4
v -1.9 5.4 2.4
v -1.6 5.4 2.4
v -0.8 5.4 2.4
v 0.7 5.4 2.4
v 1.4 5.4 2.4
v 1.7 5.4 2.4
v 2.2 5.4 2.4
v 2.3 5.4 2.4
v -0.0999999 5.4 1.9
v 0.0999999 5.4 1.9
v -0.6 5.4 1.8
v -0.5 5.4 1.8
v -0.0999999 5.4 1.8
v 0.0999999 5.4 1.8
v 0.5 5.4 1.8
v 0.6 5.4 1.8
v -0.8 5.4 1.7
v -0.7 5.4 1.7
v -0.6 5.4 1.7
v -0.5 5.4 1.7
v 0.5 5.4 1.7
v 0.6 5.4 1.7
v 0.7 5.4 1.7
v 0.8 5.4 1.7
v -1 5.4 1.6
v -0.9 5.4 1.6
v -0.8 5.4 1.6
v -0.7 5.4 1.6
v 0.7 5.4 1.6
v 0.8 5.4 1.6
v 0.9 5.4 1.6
v 1 5.4 1.6
v -1.2 5.4 1.5
v -1.1 5.4 1.5
v -1 5.4 1.5
v -0.9 5.4 1.5
v 0.9 5.4 1.5
v 1 5.4 1.5
v 1.1 5.4 1.5
v 1.2 5.4 1.5
v -1.3 5.4 1.4
v -1.2 5.4 1.4
v -1.1 5.4 1.4
v 1.1 5.4 1.4
v 1.2 5.4 1.4
v 1.3 5.4 1.4
v -1.4 5.4 1.3
v -1.3 5.4 1.3
v -1.2 5.4 1.3
v 1.2 5.4 1.3
v 1.3 5.4 1.3
v 1.4 5.4 1.3
v -1.5 5.4 1.2
v -1.4 5.4 1.2
v -1.3 5.4 1.2
v 1.3 5.4 1.2
v 1.4 5.4 1.2
v 1.5 5.4 1.2
v -1.5 5.4 1.1
v -1.4 5.4 1.1
v 1.4 5.4 1.1
v 1.5 5.4 1.1
v -1.6 5.4 1
v -1.5 5.4 1
v 1.5 5.4 1
v 1.6 5.4 1
v -1.6 5.4 0.9
v -1.5 5.4 0.9
v 1.5 5.4 0.9
v 1.6 5.4 0.9
v -1.7 5.4 0.8
v -1.6 5.4 0.8
v 1.6 5.4 0.8
v 1.7 5.4 0.8
v -1.7 5.4 0.7
v -1.6 5.4 0.7
v 1.6 5.4 0.7
v 1.7 5.4 0.7
v -1.8 5.4 0.6
v -1.7 5.4 0.6
v 1.7 5.4 0.6
v 1.8 5.4 0.6
v -1.8 5.4 0.5
v -1.7 5.4 0.5
v 1.7 5.4 0.5
v 1.8 5.4 0.5
v -1.9 5.4 0.0999999
v -1.8 5.4 0.0999999
v 1.8 5.4 0.0999999
v 1.9 5.4 0.0999999
v -1.9 5.4 -0.0999999
v -1.8 5.4 -0.0999999
v 1.8 5.4 -0.0999999
v 1.9 5.4 -0.0999999
v -1.8 5.4 -0.5
v -1.7 5.4 -0.5
v 1.7 5.4 -0.5
v 1.8 5.4 -0.5
v -1.8 5.4 -0.6
v -1.7 5.4 -0.6
v 1.7 5.4 -0.6
v 1.8 5.4 -0.6
v -1.7 5.4 -0.7
v -1.6 5.4 -0.7
v 1.6 5.4 -0.7
v 1.7 5.4 -0.7
v -1.7 5.4 -0.8
v -1.6 5.4 -0.8
v 1.6 5.4 -0.8
v 1.7 5.4 -0.8
v -1.6 5.4 -0.9
v -1.5 5.4 -0.9
v 1.5 5.4 -0.9
v 1.6 5.4 -0.9
v -1.6 5.4 -1
v -1.5 5.4 -1
v 1.5 5.4 -1
v 1.6 5.4 -1
v -1.5 5.4 -1.1
v -1.4 5.4 -1.1
v 1.4 5.4 -1.1
v 1.5 5.4 -1.1
v -1.5 5.4 -1.2
v -1.4 5.4 -1.2
v -1.3 5.4 -1.2
v 1.3 5.4 -1.2
v 1.4 5.4 -1.2
v 1.5 5.4 -1.2
v -1.4 5.4 -1.3
v -1.3 5.4 -1.3
v -1.2 5.4 -1.3
v 1.2 5.4 -1.3
v 1.3 5.4 -1.3
v 1.4 5.4 -1.3
v -1.3 5.4 -1.4
v -1.2 5.4 -1.4
v -1.1 5.4 -1.4
v 1.1 5.4 -1.4
v 1.2 5.4 -1.4
v 1.3 5.4 -1.4
v -1.2 5.4 -1.5
v -1.1 5.4 -1.5
v -1 5.4 -1.5
v -0.9 5.4 -1.5
v 0.9 5.4 -1.5
v 1 5.4 -1.5
v 1.1 5.4 -1.5
v 1.2 5.4 -1.5
v -1 5.4 -1.6
v -0.9 5.4 -1.6
v -0.8 5.4 -1.6
v -0.7 5.4 -1.6
v 0.7 5.4 -1.6
v 0.8 5.4 -1.6
v 0.9 5.4 -1.6
v 1 5.4 -1.6
v -0.8 5.4 -1.7
v -0.7 5.4 -1.7
v -0.6 5.4 -1.7
v -0.5 5.4 -1.7
v 0.5 5.4 -1.7
v 0.6 5.4 -1.7
v 0.7 5.4 -1.7
v 0.8 5.4 -1.7
v -0.6 5.4 -1.8
v -0.5 5.4 -1.8
v -0.0999999 5.4 -1.8
v 0.0999999 5.4 -1.8
v 0.5 5.4 -1.8
v 0.6 5.4 -1.8
v -0.0999999 5.4 -1.9
v 0.0999999 5.4 -1.9
v -2.7 5.5 2.4
v -2.6 5.5 2.4
v -2.5 5.5 2.4
v -2 5.5 2.4
v -1.9 5.5 2.4
v -1.7 5.5 2.4
v -1.6 5.5 2.4
v -1 5.5 2.4
v 1.1 5.5 2.4
v 1.4 5.5 2.4
v 1.5 5.5 2.4
v 1.7 5.5 2.4
v 1.9 5.5 2.4
v 2.2 5.5 2.4
v 2.3 5.5 2.4
v 2.4 5.5 2.4
v -2.8 5.5 2.3
v -2.7 5.5 2.3
v -2.6 5.5 2.3
v -2.2 5.5 2.3
v -2 5.5 2.3
v -1.9 5.5 2.3
v -1.7 5.5 2.3
v -1.4 5.5 2.3
v -1 5.5 2.3
v 1.1 5.5 2.3
v 1.3 5.5 2.3
v 1.5 5.5 2.3
v 1.7 5.5 2.3
v 1.9 5.5 2.3
v 2 5.5 2.3
v 2.3 5.5 2.3
v 2.4 5.5 2.3
v 2.5 5.5 2.3
v -2.9 5.5 2.2
v -2.8 5.5 2.2
v -2.7 5.5 2.2
v -2.3 5.5 2.2
v -2.2 5.5 2.2
v -2 5.5 2.2
v -1.9 5.5 2.2
v -1.6 5.5 2.2
v -1.4 5.5 2.2
v 1.3 5.5 2.2
v 1.4 5.5 2.2
v 1.7 5.5 2.2
v 1.9 5.5 2.2
v 2 5.5 2.2
v 2.1 5.5 2.2
v 2.4 5.5 2.2
v 2.5 5.5 2.2
v 2.6 5.5 2.2
v -2.9 5.5 2.1
v -2.8 5.5 2.1
v -2.3 5.5 2.1
v -2 5.5 2.1
v -1.6 5.5 2.1
v 1.4 5.5 2.1
v 1.9 5.5 2.1
v 2.1 5.5 2.1
v 2.5 5.5 2.1
v 2.6 5.5 2.1
v -0.4 5.5 1.9
v -0.0999999 5.5 1.9
v 0.0999999 5.5 1.9
v 0.4 5.5 1.9
v -0.7 5.5 1.8
v -0.6 5.5 1.8
v -0.4 5.5 1.8
v -0.0999999 5.5 1.8
v 0.0999999 5.5 1.8
v 0.4 5.5 1.8
v 0.6 5.5 1.8
v 0.7 5.5 1.8
v -0.9 5.5 1.7
v -0.8 5.5 1.7
v -0.7 5.5 1.7
v -0.6 5.5 1.7
v 0.6 5.5 1.7
v 0.7 5.5 1.7
v 0.8 5.5 1.7
v 0.9 5.5 1.7
v -1.1 5.5 1.6
v -1 5.5 1.6
v -0.9 5.5 1.6
v -0.8 5.5 1.6
v 0.8 5.5 1.6
v 0.9 5.5 1.6
v 1 5.5 1.6
v 1.1 5.5 1.6
v -1.1 5.5 1.5
v -1 5.5 1.5
v 1 5.5 1.5
v 1.1 5.5 1.5
v -1.6 5.5 1.1
v -1.5 5.5 1.1
v 1.5 5.5 1.1
v 1.6 5.5 1.1
v -1.6 5.5 1
v -1.5 5.5 1
v 1.5 5.5 1
v 1.6 5.5 1
v -1.7 5.5 0.9
v -1.6 5.5 0.9
v 1.6 5.5 0.9
v 1.7 5.5 0.9
v -1.7 5.5 0.8
v -1.6 5.5 0.8
v 1.6 5.5 0.8
v 1.7 5.5 0.8
v -1.8 5.5 0.7
v -1.7 5.5 0.7
v 1.7 5.5 0.7
v 1.8 5.5 0.7
v -1.8 5.5 0.6
v -1.7 5.5 0.6
v 1.7 5.5 0.6
v 1.8 5.5 0.6
v -1.9 5.5 0.4
v -1.8 5.5 0.4
v 1.8 5.5 0.4
v 1.9 5.5 0.4
v -1.9 5.5 0.3
v -1.8 5.5 0.3
v -1.8 5.5 0.2
v -1.9 5.5 0.0999999
v -1.8 5.5 0.0999999
v 1.8 5.5 0.0999999
v 1.9 5.5 0.0999999
v -1.9 5.5 -0.0999999
v -1.8 5.5 -0.0999999
v 1.8 5.5 -0.0999999
v 1.9 5.5 -0.0999999
v -1.9 5.5 -0.4
v -1.8 5.5 -0.4
v 1.8 5.5 -0.4
v 1.9 5.5 -0.4
v -1.8 5.5 -0.6
v -1.7 5.5 -0.6
v 1.7 5.5 -0.6
v 1.8 5.5 -0.6
v -1.8 5.5 -0.7
v -1.7 5.5 -0.7
v 1.7 5.5 -0.7
v 1.8 5.5 -0.7
v -1.7 5.5 -0.8
v -1.6 5.5 -0.8
v 1.6 5.5 -0.8
v 1.7 5.5 -0.8
v -1.7 5.5 -0.9
v -1.6 5.5 -0.9
v 1.6 5.5 -0.9
v 1.7 5.5 -0.9
v -1.6 5.5 -1
v -1.5 5.5 -1
v 1.5 5.5 -1
v 1.6 5.5 -1
v -1.6 5.5 -1.1
v -1.5 5.5 -1.1
v 1.5 5.5 -1.1
v 1.6 5.5 -1.1
v -1.1 5.5 -1.5
v -1 5.5 -1.5
v 1 5.5 -1.5
v 1.1 5.5 -1.5
v -1.1 5.5 -1.6
v -1 5.5 -1.6
v -0.9 5.5 -1.6
v -0.8 5.5 -1.6
v 0.8 5.5 -1.6
v 0.9 5.5 -1.6
v 1 5.5 -1.6
v 1.1 5.5 -1.6
v -0.9 5.5 -1.7
v -0.8 5.5 -1.7
v -0.7 5.5 -1.7
v -0.6 5.5 -1.7
v 0.6 5.5 -1.7
v 0.7 5.5 -1.7
v 0.8 5.5 -1.7
v 0.9 5.5 -1.7
v -0.7 5.5 -1.8
v -0.6 5.5 -1.8
v -0.4 5.5 -1.8
v -0.0999999 5.5 -1.8
v 0.0999999 5.5 -1.8
v 0.4 5.5 -1.8
v 0.6 5.5 -1.8
v 0.7 5.5 -1.8
v -0.4 5.5 -1.9
v -0.0999999 5.5 -1.9
v 0.0999999 5.5 -1.9
v 0.4 5.5 -1.9
v -3 5.6 2.1
v -2.9 5.6 2.1
v -2.8 5.6 2.1
v -2.5 5.6 2.1
v -2.3 5.6 2.1
v -2 5.6 2.1
v -1.7 5.6 2.1
v 1.7 5.6 2.1
v 1.9 5.6 2.1
v 2.1 5.6 2.1
v 2.3 5.6 2.1
v 2.5 5.6 2.1
v 2.6 5.6 2.1
v 2.7 5.6 2.1
v -3.2 5.6 1.9
v -3 5.6 1.9
v -2.9 5.6 1.9
v -2.6 5.6 1.9
v -2.5 5.6 1.9
v -2.4 5.6 1.9
v -2.3 5.6 1.9
v -1.9 5.6 1.9
v -1.7 5.6 1.9
v -0.5 5.6 1.9
v -0.4 5.6 1.9
v 0.4 5.6 1.9
v 0.5 5.6 1.9
v 1.7 5.6 1.9
v 1.9 5.6 1.9
v 2.1 5.6 1.9
v 2.2 5.6 1.9
v 2.3 5.6 1.9
v 2.4 5.6 1.9
v 2.6 5.6 1.9
v 2.7 5.6 1.9
v 2.9 5.6 1.9
v -3.2 5.6 1.8
v -3 5.6 1.8
v -2.6 5.6 1.8
v -2.4 5.6 1.8
v -1.9 5.6 1.8
v -0.8 5.6 1.8
v -0.7 5.6 1.8
v -0.5 5.6 1.8
v -0.4 5.6 1.8
v 0.4 5.6 1.8
v 0.5 5.6 1.8
v 0.7 5.6 1.8
v 0.8 5.6 1.8
v 1.9 5.6 1.8
v 2.2 5.6 1.8
v 2.4 5.6 1.8
v 2.7 5.6 1.8
v 2.9 5.6 1.8
v -1 5.6 1.7
v -0.9 5.6 1.7
v -0.8 5.6 1.7
v -0.7 5.6 1.7
v 0.7 5.6 1.7
v 0.8 5.6 1.7
v 0.9 5.6 1.7
v 1 5.6 1.7
v -1 5.6 1.6
v -0.9 5.6 1.6
v 0.9 5.6 1.6
v 1 5.6 1.6
v -1.3 5.6 1.5
v -1.2 5.6 1.5
v 1.2 5.6 1.5
v 1.3 5.6 1.5
v -1.4 5.6 1.4
v -1.3 5.6 1.4
v -1.2 5.6 1.4
v 1.2 5.6 1.4
v 1.3 5.6 1.4
v 1.4 5.6 1.4
v -1.5 5.6 1.3
v -1.4 5.6 1.3
v -1.3 5.6 1.3
v 1.3 5.6 1.3
v 1.4 5.6 1.3
v 1.5 5.6 1.3
v -1.5 5.6 1.2
v -1.4 5.6 1.2
v 1.4 5.6 1.2
v 1.5 5.6 1.2
v -1.7 5.6 1
v -1.6 5.6 1
v 1.6 5.6 1
v 1.7 5.6 1
v -1.7 5.6 0.9
v -1.6 5.6 0.9
v 1.6 5.6 0.9
v 1.7 5.6 0.9
v -1.8 5.6 0.8
v -1.7 5.6 0.8
v 1.7 5.6 0.8
v 1.8 5.6 0.8
v -1.8 5.6 0.7
v -1.7 5.6 0.7
v 1.7 5.6 0.7
v 1.8 5.6 0.7
v -1.9 5.6 0.5
v -1.8 5.6 0.5
v 1.8 5.6 0.5
v 1.9 5.6 0.5
v -1.9 5.6 0.4
v -1.8 5.6 0.4
v 1.8 5.6 0.4
v 1.9 5.6 0.4
v -1.9 5.6 -0.4
v -1.8 5.6 -0.4
v 1.8 5.6 -0.4
v 1.9 5.6 -0.4
v -1.9 5.6 -0.5
v -1.8 5.6 -0.5
v 1.8 5.6 -0.5
v 1.9 5.6 -0.5
v -1.8 5.6 -0.7
v -1.7 5.6 -0.7
v 1.7 5.6 -0.7
v 1.8 5.6 -0.7
v -1.8 5.6 -0.8
v -1.7 5.6 -0.8
v 1.7 5.6 -0.8
v 1.8 5.6 -0.8
v -1.7 5.6 -0.9
v -1.6 5.6 -0.9
v 1.6 5.6 -0.9
v 1.7 5.6 -0.9
v -1.7 5.6 -1
v -1.6 5.6 -1
v 1.6 5.6 -1
v 1.7 5.6 -1
v -1.5 5.6 -1.2
v -1.4 5.6 -1.2
v 1.4 5.6 -1.2
v 1.5 5.6 -1.2
v -1.5 5.6 -1.3
v -1.4 5.6 -1.3
v -1.3 5.6 -1.3
v 1.3 5.6 -1.3
v 1.4 5.6 -1.3
v 1.5 5.6 -1.3
v -1.4 5.6 -1.4
v -1.3 5.6 -1.4
v -1.2 5.6 -1.4
v 1.2 5.6 -1.4
v 1.3 5.6 -1.4
v 1.4 5.6 -1.4
v -1.3 5.6 -1.5
v -1.2 5.6 -1.5
v 1.2 5.6 -1.5
v 1.3 5.6 -1.5
v -1 5.6 -1.6
v -0.9 5.6 -1.6
v 0.9 5.6 -1.6
v 1 5.6 -1.6
v -1 5.6 -1.7
v -0.9 5.6 -1.7
v -0.8 5.6 -1.7
v -0.7 5.6 -1.7
v 0.7 5.6 -1.7
v 0.8 5.6 -1.7
v 0.9 5.6 -1.7
v 1 5.6 -1.7
v -0.8 5.6 -1.8
v -0.7 5.6 -1.8
v -0.5 5.6 -1.8
v -0.4 5.6 -1.8
v 0.4 5.6 -1.8
v 0.5 5.6 -1.8
v 0.7 5.6 -1.8
v 0.8 5.6 -1.8
v -0.5 5.6 -1.9
v -0.4 5.6 -1.9
v 0.4 5.6 -1.9
v 0.5 5.6 -1.9
v -0.6 5.7 1.9
v -0.5 5.7 1.9
v 0.5 5.7 1.9
v 0.6 5.7 1.9
v -3.2 5.7 1.8
v -3 5.7 1.8
v -2.7 5.7 1.8
v -2.6 5.7 1.8
v -2.5 5.7 1.8
v -2.4 5.7 1.8
v -2 5.7 1.8
v -0.9 5.7 1.8
v -0.8 5.7 1.8
v -0.6 5.7 1.8
v -0.5 5.7 1.8
v 0.5 5.7 1.8
v 0.6 5.7 1.8
v 0.8 5.7 1.8
v 0.9 5.7 1.8
v 2 5.7 1.8
v 2.2 5.7 1.8
v 2.4 5.7 1.8
v 2.5 5.7 1.8
v 2.7 5.7 1.8
v 2.9 5.7 1.8
v -3.3 5.7 1.7
v -3.2 5.7 1.7
v -3 5.7 1.7
v -2.2 5.7 1.7
v -2 5.7 1.7
v -0.9 5.7 1.7
v -0.8 5.7 1.7
v 0.8 5.7 1.7
v 0.9 5.7 1.7
v 2 5.7 1.7
v 2.1 5.7 1.7
v 2.7 5.7 1.7
v 2.9 5.7 1.7
v 3 5.7 1.7
v -2.8 5.7 1.6
v -2.7 5.7 1.6
v -1.2 5.7 1.6
v -1.1 5.7 1.6
v 1.1 5.7 1.6
v 1.2 5.7 1.6
v 2.2 5.7 1.6
v 2.3 5.7 1.6
v 2.5 5.7 1.6
v 2.6 5.7 1.6
v -3.4 5.7 1.5
v -3.3 5.7 1.5
v -3.2 5.7 1.5
v -2.3 5.7 1.5
v -2.2 5.7 1.5
v -1.2 5.7 1.5
v -1.1 5.7 1.5
v 1.1 5.7 1.5
v 1.2 5.7 1.5
v 2.1 5.7 1.5
v 2.2 5.7 1.5
v 2.9 5.7 1.5
v 3 5.7 1.5
v 3.1 5.7 1.5
v -3.4 5.7 1.3
v -3.3 5.7 1.3
v -2.8 5.7 1.3
v -2.5 5.7 1.3
v -2.3 5.7 1.3
v 2.2 5.7 1.3
v 2.3 5.7 1.3
v 2.6 5.7 1.3
v 3 5.7 1.3
v 3.1 5.7 1.3
v -1.6 5.7 1.2
v -1.5 5.7 1.2
v 1.5 5.7 1.2
v 1.6 5.7 1.2
v -1.6 5.7 1.1
v -1.5 5.7 1.1
v 1.5 5.7 1.1
v 1.6 5.7 1.1
v -1.8 5.7 0.9
v -1.7 5.7 0.9
v 1.7 5.7 0.9
v 1.8 5.7 0.9
v -1.8 5.7 0.8
v -1.7 5.7 0.8
v 1.7 5.7 0.8
v 1.8 5.7 0.8
v -1.9 5.7 0.6
v -1.8 5.7 0.6
v 1.8 5.7 0.6
v 1.9 5.7 0.6
v -1.9 5.7 0.5
v -1.8 5.7 0.5
v 1.8 5.7 0.5
v 1.9 5.7 0.5
v -1.9 5.7 -0.5
v -1.8 5.7 -0.5
v 1.8 5.7 -0.5
v 1.9 5.7 -0.5
v -1.9 5.7 -0.6
v -1.8 5.7 -0.6
v 1.8 5.7 -0.6
v 1.9 5.7 -0.6
v -1.8 5.7 -0.8
v -1.7 5.7 -0.8
v 1.7 5.7 -0.8
v 1.8 5.7 -0.8
v -1.8 5.7 -0.9
v -1.7 5.7 -0.9
v 1.7 5.7 -0.9
v 1.8 5.7 -0.9
v -1.6 5.7 -1.1
v -1.5 5.7 -1.1
v 1.5 5.7 -1.1
v 1.6 5.7 -1.1
v -1.6 5.7 -1.2
v -1.5 5.7 -1.2
v 1.5 5.7 -1.2
v 1.6 5.7 -1.2
v -1.2 5.7 -1.5
v -1.1 5.7 -1.5
v 1.1 5.7 -1.5
v 1.2 5.7 -1.5
v -1.2 5.7 -1.6
v -1.1 5.7 -1.6
v 1.1 5.7 -1.6
v 1.2 5.7 -1.6
v -0.9 5.7 -1.7
v -0.8 5.7 -1.7
v 0.8 5.7 -1.7
v 0.9 5.7 -1.7
v -0.9 5.7 -1.8
v -0.8 5.7 -1.8
v -0.6 5.7 -1.8
v -0.5 5.7 -1.8
v 0.5 5.7 -1.8
v 0.6 5.7 -1.8
v 0.8 5.7 -1.8
v 0.9 5.7 -1.8
v -0.6 5.7 -1.9
v -0.5 5.7 -1.9
v 0.5 5.7 -1.9
v 0.6 5.7 -1.9
v -0.3 5.8 2
v -0.2 5.8 2
v 0.2 5.8 2
v 0.3 5.8 2
v -0.7 5.8 1.9
v -0.6 5.8 1.9
v -0.3 5.8 1.9
v -0.2 5.8 1.9
v 0.2 5.8 1.9
v 0.3 5.8 1.9
v 0.6 5.8 1.9
v 0.7 5.8 1.9
v -0.7 5.8 1.8
v -0.6 5.8 1.8
v 0.6 5.8 1.8
v 0.7 5.8 1.8
v -1.1 5.8 1.7
v -1 5.8 1.7
v 1 5.8 1.7
v 1.1 5.8 1.7
v -1.1 5.8 1.6
v -1 5.8 1.6
v 1 5.8 1.6
v 1.1 5.8 1.6
v -3.4 5.8 1.3
v -3.3 5.8 1.3
v -2.9 5.8 1.3
v -2.8 5.8 1.3
v -2.7 5.8 1.3
v -2.5 5.8 1.3
v -2.4 5.8 1.3
v 2.2 5.8 1.3
v 2.3 5.8 1.3
v 2.5 5.8 1.3
v 2.6 5.8 1.3
v 2.7 5.8 1.3
v 3 5.8 1.3
v 3.1 5.8 1.3
v -3.5 5.8 1.2
v -3.4 5.8 1.2
v -3.3 5.8 1.2
v 2.5 5.8 1.2
v 2.6 5.8 1.2
v 3 5.8 1.2
v 3.1 5.8 1.2
v 3.2 5.8 1.2
v -3.5 5.8 1.1
v -3.4 5.8 1.1
v -2.9 5.8 1.1
v -2.7 5.8 1.1
v -2.4 5.8 1.1
v -1.7 5.8 1.1
v -1.6 5.8 1.1
v 1.6 5.8 1.1
v 1.7 5.8 1.1
v 2.2 5.8 1.1
v 2.6 5.8 1.1
v 2.7 5.8 1.1
v 3.1 5.8 1.1
v 3.2 5.8 1.1
v -1.7 5.8 1
v -1.6 5.8 1
v 1.6 5.8 1
v 1.7 5.8 1
v -1.9 5.8 0.7
v -1.8 5.8 0.7
v 1.8 5.8 0.7
v 1.9 5.8 0.7
v -1.9 5.8 0.6
v -1.8 5.8 0.6
v 1.8 5.8 0.6
v 1.9 5.8 0.6
v -2 5.8 0.3
v -1.9 5.8 0.3
v 1.9 5.8 0.3
v 2 5.8 0.3
v -2 5.8 -0.3
v -1.9 5.8 -0.3
v 1.9 5.8 -0.3
v 2 5.8 -0.3
v -1.9 5.8 -0.6
v -1.8 5.8 -0.6
v 1.8 5.8 -0.6
v 1.9 5.8 -0.6
v -1.9 5.8 -0.7
v -1.8 5.8 -0.7
v 1.8 5.8 -0.7
v 1.9 5.8 -0.7
v -1.7 5.8 -1
v -1.6 5.8 -1
v 1.6 5.8 -1
v 1.7 5.8 -1
v -1.7 5.8 -1.1
v -1.6 5.8 -1.1
v 1.6 5.8 -1.1
v 1.7 5.8 -1.1
v -1.1 5.8 -1.6
v -1 5.8 -1.6
v 1 5.8 -1.6
v 1.1 5.8 -1.6
v -1.1 5.8 -1.7
v -1 5.8 -1.7
v 1 5.8 -1.7
v 1.1 5.8 -1.7
v -0.7 5.8 -1.8
v -0.6 5.8 -1.8
v 0.6 5.8 -1.8
v 0.7 5.8 -1.8
v -0.7 5.8 -1.9
v -0.6 5.8 -1.9
v -0.3 5.8 -1.9
v 0.3 5.8 -1.9
v 0.6 5.8 -1.9
v 0.7 5.8 -1.9
v -0.3 5.8 -2
v 0.3 5.8 -2
v -0.4 5.9 2
v -0.3 5.9 2
v 0.3 5.9 2
v 0.4 5.9 2
v -0.4 5.9 1.9
v -0.3 5.9 1.9
v 0.3 5.9 1.9
v 0.4 5.9 1.9
v -1.4 5.9 1.5
v -1.3 5.9 1.5
v 1.3 5.9 1.5
v 1.4 5.9 1.5
v -1.5 5.9 1.4
v -1.4 5.9 1.4
v -1.3 5.9 1.4
v 1.3 5.9 1.4
v 1.4 5.9 1.4
v 1.5 5.9 1.4
v -1.5 5.9 1.3
v -1.4 5.9 1.3
v 1.4 5.9 1.3
v 1.5 5.9 1.3
v -3.5 5.9 1.1
v -3.4 5.9 1.1
v -2.9 5.9 1.1
v -2.7 5.9 1.1
v -2.5 5.9 1.1
v 2.3 5.9 1.1
v 2.6 5.9 1.1
v 2.7 5.9 1.1
v 3.1 5.9 1.1
v 3.2 5.9 1.1
v -3 5.9 1
v -2.9 5.9 1
v -2.8 5.9 1
v -2.7 5.9 1
v 2.7 5.9 1
v 2.9 5.9 1
v -3.6 5.9 0.8
v -3.5 5.9 0.8
v -3.4 5.9 0.8
v 2.3 5.9 0.8
v 2.5 5.9 0.8
v 3.1 5.9 0.8
v 3.2 5.9 0.8
v 3.3 5.9 0.8
v -3.2 5.9 0.6
v -3 5.9 0.6
v -2.9 5.9 0.6
v -2.8 5.9 0.6
v 2.6 5.9 0.6
v 2.7 5.9 0.6
v 2.9 5.9 0.6
v 3 5.9 0.6
v -2.7 5.9 0.5
v -2.5 5.9 0.5
v 2.5 5.9 0.5
v 2.6 5.9 0.5
v -3.6 5.9 0.4
v -3.5 5.9 0.4
v -3.2 5.9 0.4
v -2.9 5.9 0.4
v -2.7 5.9 0.4
v -2 5.9 0.4
v -1.9 5.9 0.4
v 1.9 5.9 0.4
v 2 5.9 0.4
v 2.6 5.9 0.4
v 2.7 5.9 0.4
v 3 5.9 0.4
v 3.2 5.9 0.4
v 3.3 5.9 0.4
v -2 5.9 0.3
v -1.9 5.9 0.3
v 1.9 5.9 0.3
v 2 5.9 0.3
v -2 5.9 -0.3
v -1.9 5.9 -0.3
v 1.9 5.9 -0.3
v 2 5.9 -0.3
v -2 5.9 -0.4
v -1.9 5.9 -0.4
v 1.9 5.9 -0.4
v 2 5.9 -0.4
v -1.5 5.9 -1.3
v -1.4 5.9 -1.3
v 1.4 5.9 -1.3
v 1.5 5.9 -1.3
v -1.5 5.9 -1.4
v -1.4 5.9 -1.4
v -1.3 5.9 -1.4
v 1.3 5.9 -1.4
v 1.4 5.9 -1.4
v 1.5 5.9 -1.4
v -1.4 5.9 -1.5
v -1.3 5.9 -1.5
v 1.3 5.9 -1.5
v 1.4 5.9 -1.5
v -0.4 5.9 -1.9
v -0.3 5.9 -1.9
v 0.3 5.9 -1.9
v 0.4 5.9 -1.9
v -0.4 5.9 -2
v -0.3 5.9 -2
v 0.3 5.9 -2
v 0.4 5.9 -2
v -1 6 1.8
v -0.9 6 1.8
v 0.9 6 1.8
v 1 6 1.8
v -1 6 1.7
v -0.9 6 1.7
v 0.9 6 1.7
v 1 6 1.7
v -1.3 6 1.6
v -1.2 6 1.6
v 1.2 6 1.6
v 1.3 6 1.6
v -1.3 6 1.5
v -1.2 6 1.5
v 1.2 6 1.5
v 1.3 6 1.5
v -1.6 6 1.3
v -1.5 6 1.3
v 1.5 6 1.3
v 1.6 6 1.3
v -1.6 6 1.2
v -1.5 6 1.2
v 1.5 6 1.2
v 1.6 6 1.2
v -1.8 6 1
v -1.7 6 1
v 1.7 6 1
v 1.8 6 1
v -1.8 6 0.9
v -1.7 6 0.9
v 1.7 6 0.9
v 1.8 6 0.9
v -1.8 6 -0.9
v -1.7 6 -0.9
v 1.7 6 -0.9
v 1.8 6 -0.9
v -1.8 6 -1
v -1.7 6 -1
v 1.7 6 -1
v 1.8 6 -1
v -1.6 6 -1.2
v -1.5 6 -1.2
v 1.5 6 -1.2
v 1.6 6 -1.2
v -1.6 6 -1.3
v -1.5 6 -1.3
v 1.5 6 -1.3
v 1.6 6 -1.3
v -1.3 6 -1.5
v -1.2 6 -1.5
v 1.2 6 -1.5
v 1.3 6 -1.5
v -1.3 6 -1.6
v -1.2 6 -1.6
v 1.2 6 -1.6
v 1.3 6 -1.6
v -1 6 -1.7
v -0.9 6 -1.7
v 0.9 6 -1.7
v 1 6 -1.7
v -1 6 -1.8
v -0.9 6 -1.8
v 0.9 6 -1.8
v 1 6 -1.8
v -0.8 6.1 1.9
v -0.7 6.1 1.9
v 0.7 6.1 1.9
v 0.8 6.1 1.9
v -0.8 6.1 1.8
v -0.7 6.1 1.8
v 0.7 6.1 1.8
v 0.8 6.1 1.8
v -1.9 6.1 0.8
v -1.8 6.1 0.8
v 1.8 6.1 0.8
v 1.9 6.1 0.8
v -1.9 6.1 0.7
v -1.8 6.1 0.7
v 1.8 6.1 0.7
v 1.9 6.1 0.7
v -3.6 6.1 0.4
v -3.5 6.1 0.4
v -3.2 6.1 0.4
v -2.9 6.1 0.4
v -2.7 6.1 0.4
v 2.6 6.1 0.4
v 2.7 6.1 0.4
v 3 6.1 0.4
v 3.2 6.1 0.4
v 3.3 6.1 0.4
v -3.6 6.1 -0.3
v -3.5 6.1 -0.3
v -3.2 6.1 -0.3
v -2.9 6.1 -0.3
v -2.7 6.1 -0.3
v 2.6 6.1 -0.3
v 2.7 6.1 -0.3
v 3 6.1 -0.3
v 3.2 6.1 -0.3
v 3.3 6.1 -0.3
v -1.9 6.1 -0.7
v -1.8 6.1 -0.7
v 1.8 6.1 -0.7
v 1.9 6.1 -0.7
v -1.9 6.1 -0.8
v -1.8 6.1 -0.8
v 1.8 6.1 -0.8
v 1.9 6.1 -0.8
v -0.8 6.1 -1.8
v -0.7 6.1 -1.8
v 0.7 6.1 -1.8
v 0.8 6.1 -1.8
v -0.8 6.1 -1.9
v -0.7 6.1 -1.9
v 0.7 6.1 -1.9
v 0.8 6.1 -1.9
v -3.6 6.2 -0.3
v -3.5 6.2 -0.3
v -3.2 6.2 -0.3
v -2.9 6.2 -0.3
v -2.7 6.2 -0.3
v 2.6 6.2 -0.3
v 2.7 6.2 -0.3
v 3 6.2 -0.3
v 3.2 6.2 -0.3
v 3.3 6.2 -0.3
v -3.6 6.2 -0.4
v -3.5 6.2 -0.4
v -3.2 6.2 -0.4
v -2.9 6.2 -0.4
v -2.7 6.2 -0.4
v 2.6 6.2 -0.4
v 2.7 6.2 -0.4
v 3 6.2 -0.4
v 3.2 6.2 -0.4
v 3.3 6.2 -0.4
v -3.6 6.3 -0.4
v -3.5 6.3 -0.4
v -3.2 6.3 -0.4
v -2.9 6.3 -0.4
v -2.7 6.3 -0.4
v 2.6 6.3 -0.4
v 2.7 6.3 -0.4
v 3 6.3 -0.4
v 3.2 6.3 -0.4
v 3.3 6.3 -0.4
v -3.6 6.3 -0.7
v -3.5 6.3 -0.7
v -3.4 6.3 -0.7
v -3.2 6.3 -0.7
v -3 6.3 -0.7
v -2.9 6.3 -0.7
v -2.8 6.3 -0.7
v -2.7 6.3 -0.7
v -2.5 6.3 -0.7
v 2.5 6.3 -0.7
v 2.6 6.3 -0.7
v 2.7 6.3 -0.7
v 2.9 6.3 -0.7
v 3 6.3 -0.7
v 3.1 6.3 -0.7
v 3.2 6.3 -0.7
v 3.3 6.3 -0.7
v 2.3 6.3 -0.9
v 2.5 6.3 -0.9
v -3.5 6.3 -1
v -3.4 6.3 -1
v -3 6.3 -1
v -2.8 6.3 -1
v -2.5 6.3 -1
v 2.3 6.3 -1
v 2.6 6.3 -1
v 2.9 6.3 -1
v 3.1 6.3 -1
v 3.2 6.3 -1
v -3.5 6.4 -1
v -3.4 6.4 -1
v -3 6.4 -1
v -2.9 6.4 -1
v -2.8 6.4 -1
v -2.7 6.4 -1
v -2.5 6.4 -1
v 2.3 6.4 -1
v 2.6 6.4 -1
v 2.7 6.4 -1
v 2.9 6.4 -1
v 3.1 6.4 -1
v 3.2 6.4 -1
v -3.5 6.4 -1.1
v -3.4 6.4 -1.1
v -3.3 6.4 -1.1
v 3 6.4 -1.1
v 3.1 6.4 -1.1
v 3.2 6.4 -1.1
v -3.4 6.4 -1.2
v -3.3 6.4 -1.2
v -2.9 6.4 -1.2
v -2.7 6.4 -1.2
v -2.5 6.4 -1.2
v 2.3 6.4 -1.2
v 2.6 6.4 -1.2
v 2.7 6.4 -1.2
v 3 6.4 -1.2
v 3.1 6.4 -1.2
v -3.4 6.5 -1.2
v -3.3 6.5 -1.2
v -2.9 6.5 -1.2
v -2.7 6.5 -1.2
v -2.5 6.5 -1.2
v -2.4 6.5 -1.2
v 2.2 6.5 -1.2
v 2.3 6.5 -1.2
v 2.5 6.5 -1.2
v 2.6 6.5 -1.2
v 2.7 6.5 -1.2
v 3 6.5 -1.2
v 3.1 6.5 -1.2
v -3.4 6.5 -1.4
v -3.3 6.5 -1.4
v -3.2 6.5 -1.4
v -2.9 6.5 -1.4
v -2.8 6.5 -1.4
v -2.7 6.5 -1.4
v -2.5 6.5 -1.4
v -2.4 6.5 -1.4
v -2.3 6.5 -1.4
v 2.3 6.5 -1.4
v 2.5 6.5 -1.4
v 2.6 6.5 -1.4
v 2.7 6.5 -1.4
v 2.9 6.5 -1.4
v 3 6.5 -1.4
v 3.1 6.5 -1.4
v -3.3 6.5 -1.6
v -3.2 6.5 -1.6
v -3 6.5 -1.6
v -2.8 6.5 -1.6
v -2.7 6.5 -1.6
v -2.3 6.5 -1.6
v -2.2 6.5 -1.6
v 2.1 6.5 -1.6
v 2.2 6.5 -1.6
v 2.3 6.5 -1.6
v 2.5 6.5 -1.6
v 2.6 6.5 -1.6
v 2.7 6.5 -1.6
v 2.9 6.5 -1.6
v 3 6.5 -1.6
v -3.2 6.5 -1.7
v -3 6.5 -1.7
v -2.7 6.5 -1.7
v -2.5 6.5 -1.7
v -2.2 6.5 -1.7
v 2.1 6.5 -1.7
v 2.2 6.5 -1.7
v 2.5 6.5 -1.7
v 2.7 6.5 -1.7
v 2.9 6.5 -1.7
v -3.2 6.6 -1.7
v -3 6.6 -1.7
v -2.7 6.6 -1.7
v -2.5 6.6 -1.7
v -2.2 6.6 -1.7
v 2.1 6.6 -1.7
v 2.2 6.6 -1.7
v 2.5 6.6 -1.7
v 2.7 6.6 -1.7
v 2.9 6.6 -1.7
v -3.2 6.6 -1.8
v -3 6.6 -1.8
v -2.9 6.6 -1.8
v -2.7 6.6 -1.8
v -2.6 6.6 -1.8
v -2.5 6.6 -1.8
v -2.4 6.6 -1.8
v -2.2 6.6 -1.8
v -2 6.6 -1.8
v 2 6.6 -1.8
v 2.1 6.6 -1.8
v 2.4 6.6 -1.8
v 2.5 6.6 -1.8
v 2.6 6.6 -1.8
v 2.7 6.6 -1.8
v 2.9 6.6 -1.8
v -3 6.6 -2
v -2.9 6.6 -2
v -2.6 6.6 -2
v -2.4 6.6 -2
v -2 6.6 -2
v 2 6.6 -2
v 2.2 6.6 -2
v 2.4 6.6 -2
v 2.6 6.6 -2
v 2.7 6.6 -2
v -2.9 6.7 -2
v -2.8 6.7 -2
v -2.6 6.7 -2
v -2.4 6.7 -2
v -2.2 6.7 -2
v -2 6.7 -2
v -1.6 6.7 -2
v 1.5 6.7 -2
v 2 6.7 -2
v 2.2 6.7 -2
v 2.4 6.7 -2
v 2.5 6.7 -2
v 2.6 6.7 -2
v -2.9 6.7 -2.1
v -2.8 6.7 -2.1
v -2.7 6.7 -2.1
v -2.4 6.7 -2.1
v -2.3 6.7 -2.1
v -2.2 6.7 -2.1
v -2 6.7 -2.1
v 1.9 6.7 -2.1
v 2 6.7 -2.1
v 2.1 6.7 -2.1
v 2.2 6.7 -2.1
v 2.4 6.7 -2.1
v 2.5 6.7 -2.1
v 2.6 6.7 -2.1
v -2.8 6.7 -2.2
v -2.7 6.7 -2.2
v -2.6 6.7 -2.2
v -2.3 6.7 -2.2
v -2.2 6.7 -2.2
v -2 6.7 -2.2
v -1.9 6.7 -2.2
v 1.4 6.7 -2.2
v 1.5 6.7 -2.2
v 1.7 6.7 -2.2
v 1.9 6.7 -2.2
v 2 6.7 -2.2
v 2.1 6.7 -2.2
v 2.3 6.7 -2.2
v 2.4 6.7 -2.2
v 2.5 6.7 -2.2
v -2.7 6.7 -2.3
v -2.6 6.7 -2.3
v -2.2 6.7 -2.3
v -1.9 6.7 -2.3
v -1.6 6.7 -2.3
v 1.4 6.7 -2.3
v 1.7 6.7 -2.3
v 2 6.7 -2.3
v 2.3 6.7 -2.3
v 2.4 6.7 -2.3
v -2.6 6.8 -2.3
v -2.5 6.8 -2.3
v -2.2 6.8 -2.3
v -2 6.8 -2.3
v -1.9 6.8 -2.3
v -1.7 6.8 -2.3
v -1.6 6.8 -2.3
v -1.4 6.8 -2.3
v 1.3 6.8 -2.3
v 1.4 6.8 -2.3
v 1.5 6.8 -2.3
v 1.7 6.8 -2.3
v 1.9 6.8 -2.3
v 2 6.8 -2.3
v 2.2 6.8 -2.3
v 2.3 6.8 -2.3
v -2.6 6.8 -2.4
v -2.5 6.8 -2.4
v -2.4 6.8 -2.4
v -2 6.8 -2.4
v -1.9 6.8 -2.4
v -1.7 6.8 -2.4
v -1.6 6.8 -2.4
v -1.4 6.8 -2.4
v -1 6.8 -2.4
v 1.1 6.8 -2.4
v 1.3 6.8 -2.4
v 1.4 6.8 -2.4
v 1.5 6.8 -2.4
v 1.7 6.8 -2.4
v 1.9 6.8 -2.4
v 2.1 6.8 -2.4
v 2.2 6.8 -2.4
v 2.3 6.8 -2.4
v -2.5 6.8 -2.6
v -2.4 6.8 -2.6
v -2.3 6.8 -2.6
v -1.9 6.8 -2.6
v -1.8 6.8 -2.6
v -1.6 6.8 -2.6
v -1.3 6.8 -2.6
v -1 6.8 -2.6
v -0.6 6.8 -2.6
v 0.5 6.8 -2.6
v 1.1 6.8 -2.6
v 1.4 6.8 -2.6
v 1.6 6.8 -2.6
v 1.7 6.8 -2.6
v 2 6.8 -2.6
v 2.1 6.8 -2.6
v 2.2 6.8 -2.6
v -2.4 6.8 -2.7
v -2.3 6.8 -2.7
v -2.2 6.8 -2.7
v -1.8 6.8 -2.7
v -1.6 6.8 -2.7
v -1.3 6.8 -2.7
v -1 6.8 -2.7
v -0.6 6.8 -2.7
v 0.5 6.8 -2.7
v 0.9 6.8 -2.7
v 1.1 6.8 -2.7
v 1.4 6.8 -2.7
v 1.6 6.8 -2.7
v 1.9 6.8 -2.7
v 2 6.8 -2.7
v 2.1 6.8 -2.7
v -2.3 6.8 -2.8
v -2.2 6.8 -2.8
v -1.6 6.8 -2.8
v -1 6.8 -2.8
v 0.9 6.8 -2.8
v 1.4 6.8 -2.8
v 1.9 6.8 -2.8
v 2 6.8 -2.8
v -2.2 6.9 -2.8
v -1.9 6.9 -2.8
v -1.6 6.9 -2.8
v -1.4 6.9 -2.8
v -1 6.9 -2.8
v -0.6 6.9 -2.8
v 0.5 6.9 -2.8
v 0.9 6.9 -2.8
v 1.2 6.9 -2.8
v 1.4 6.9 -2.8
v 1.6 6.9 -2.8
v 1.9 6.9 -2.8
v -2.2 6.9 -2.9
v -1.9 6.9 -2.9
v -1.7 6.9 -2.9
v -1.4 6.9 -2.9
v -1 6.9 -2.9
v -0.6 6.9 -2.9
v 0.5 6.9 -2.9
v 0.9 6.9 -2.9
v 1.2 6.9 -2.9
v 1.4 6.9 -2.9
v 1.6 6.9 -2.9
v 1.9 6.9 -2.9
v -1.9 6.9 -3
v -1.7 6.9 -3
v -1.5 6.9 -3
v -1 6.9 -3
v -0.7 6.9 -3
v 0.5 6.9 -3
v 0.9 6.9 -3
v 1.2 6.9 -3
v 1.4 6.9 -3
v 1.6 6.9 -3
v -1.7 6.9 -3.1
v -1.5 6.9 -3.1
v -0.7 6.9 -3.1
v 0.5 6.9 -3.1
v 1.2 6.9 -3.1
v 1.4 6.9 -3.1
v -1.5 7 -3.1
v -1.3 7 -3.1
v -0.7 7 -3.1
v 0.5 7 -3.1
v 1 7 -3.1
v 1.2 7 -3.1
v -1.5 7 -3.3
v -1.3 7 -3.3
v -0.8 7 -3.3
v 0.5 7 -3.3
v 1 7 -3.3
v 1.2 7 -3.3
v -1.3 7 -3.4
v -0.8 7 -3.4
v 0.5 7 -3.4
v 1 7 -3.4
v -0.8 7 -3.5
v 0.5 7 -3.5
v -0.8 5.3 3.6
v 0.5 5.3 3.6
v -1.3 5.3 3.5
v -0.8 5.3 3.5
v 0.5 5.3 3.5
v 1 5.3 3.5
v -1.5 5.3 3.4
v -1.3 5.3 3.4
v -0.8 5.3 3.4
v 0.5 5.3 3.4
v 1 5.3 3.4
v 1.2 5.3 3.4
v -1.5 5.3 3.2
v -1.3 5.3 3.2
v 1 5.3 3.2
v 1.2 5.3 3.2
v -1.7 5.4 3.2
v -1.5 5.4 3.2
v 1.2 5.4 3.2
v 1.4 5.4 3.2
v -1.9 5.4 3.1
v -1.7 5.4 3.1
v -1.5 5.4 3.1
v -0.7 5.4 3.1
v 0.5 5.4 3.1
v 1.2 5.4 3.1
v 1.4 5.4 3.1
v 1.6 5.4 3.1
v -2.2 5.4 3
v -1.9 5.4 3
v -1.7 5.4 3
v -1 5.4 3
v -0.7 5.4 3
v 0.5 5.4 3
v 0.9 5.4 3
v 1.4 5.4 3
v 1.6 5.4 3
v 1.9 5.4 3
v -2.2 5.4 2.9
v -1.9 5.4 2.9
v -1.4 5.4 2.9
v -1 5.4 2.9
v -0.6 5.4 2.9
v 0.5 5.4 2.9
v 0.9 5.4 2.9
v 1.2 5.4 2.9
v 1.6 5.4 2.9
v 1.9 5.4 2.9
v -2.3 5.5 2.9
v -2.2 5.5 2.9
v -1.4 5.5 2.9
v -0.6 5.5 2.9
v 0.5 5.5 2.9
v 1.2 5.5 2.9
v 1.9 5.5 2.9
v 2 5.5 2.9
v -2.4 5.5 2.8
v -2.3 5.5 2.8
v -2.2 5.5 2.8
v -1.6 5.5 2.8
v -1.4 5.5 2.8
v -1 5.5 2.8
v -0.6 5.5 2.8
v 0.5 5.5 2.8
v 0.9 5.5 2.8
v 1.2 5.5 2.8
v 1.4 5.5 2.8
v 1.9 5.5 2.8
v 2 5.5 2.8
v 2.1 5.5 2.8
v -2.5 5.5 2.7
v -2.4 5.5 2.7
v -2.3 5.5 2.7
v -1.8 5.5 2.7
v -1.6 5.5 2.7
v -1.3 5.5 2.7
v -1 5.5 2.7
v 0.9 5.5 2.7
v 1.1 5.5 2.7
v 1.4 5.5 2.7
v 1.6 5.5 2.7
v 2 5.5 2.7
v 2.1 5.5 2.7
v 2.2 5.5 2.7
v -2.6 5.5 2.5
v -2.5 5.5 2.5
v -2.4 5.5 2.5
v -1.9 5.5 2.5
v -1.8 5.5 2.5
v -1.6 5.5 2.5
v -1.3 5.5 2.5
v -0.8 5.5 2.5
v 0.7 5.5 2.5
v 1.1 5.5 2.5
v 1.4 5.5 2.5
v 1.6 5.5 2.5
v 1.7 5.5 2.5
v 2.1 5.5 2.5
v 2.2 5.5 2.5
v 2.3 5.5 2.5
v -2.6 5.5 2.4
v -2.5 5.5 2.4
v -2 5.5 2.4
v -1.9 5.5 2.4
v -1.7 5.5 2.4
v -1.6 5.5 2.4
v -1 5.5 2.4
v -0.8 5.5 2.4
v 0.7 5.5 2.4
v 1.1 5.5 2.4
v 1.4 5.5 2.4
v 1.5 5.5 2.4
v 1.7 5.5 2.4
v 1.9 5.5 2.4
v 2.2 5.5 2.4
v 2.3 5.5 2.4
v -2.7 5.6 2.4
v -2.6 5.6 2.4
v -2 5.6 2.4
v -1.7 5.6 2.4
v -1 5.6 2.4
v 1.1 5.6 2.4
v 1.5 5.6 2.4
v 1.9 5.6 2.4
v 2.3 5.6 2.4
v 2.4 5.6 2.4
v -2.8 5.6 2.3
v -2.7 5.6 2.3
v -2.6 5.6 2.3
v -2.2 5.6 2.3
v -2 5.6 2.3
v -1.9 5.6 2.3
v -1.7 5.6 2.3
v -1.4 5.6 2.3
v -1 5.6 2.3
v 1.1 5.6 2.3
v 1.3 5.6 2.3
v 1.5 5.6 2.3
v 1.7 5.6 2.3
v 1.9 5.6 2.3
v 2 5.6 2.3
v 2.3 5.6 2.3
v 2.4 5.6 2.3
v 2.5 5.6 2.3
v -2.9 5.6 2.2
v -2.8 5.6 2.2
v -2.7 5.6 2.2
v -2.3 5.6 2.2
v -2.2 5.6 2.2
v -2 5.6 2.2
v -1.9 5.6 2.2
v -1.6 5.6 2.2
v -1.4 5.6 2.2
v 1.3 5.6 2.2
v 1.4 5.6 2.2
v 1.7 5.6 2.2
v 1.9 5.6 2.2
v 2 5.6 2.2
v 2.1 5.6 2.2
v 2.4 5.6 2.2
v 2.5 5.6 2.2
v 2.6 5.6 2.2
v -2.9 5.6 2.1
v -2.8 5.6 2.1
v -2.5 5.6 2.1
v -2.3 5.6 2.1
v -2 5.6 2.1
v -1.7 5.6 2.1
v -1.6 5.6 2.1
v 1.4 5.6 2.1
v 1.7 5.6 2.1
v 1.9 5.6 2.1
v 2.1 5.6 2.1
v 2.3 5.6 2.1
v 2.5 5.6 2.1
v 2.6 5.6 2.1
v -3 5.7 2.1
v -2.9 5.7 2.1
v -2.5 5.7 2.1
v -2.3 5.7 2.1
v -1.7 5.7 2.1
v 1.7 5.7 2.1
v 2.1 5.7 2.1
v 2.3 5.7 2.1
v 2.6 5.7 2.1
v 2.7 5.7 2.1
v -3.2 5.7 1.9
v -3 5.7 1.9
v -2.9 5.7 1.9
v -2.6 5.7 1.9
v -2.5 5.7 1.9
v -2.4 5.7 1.9
v -2.3 5.7 1.9
v -1.9 5.7 1.9
v -1.7 5.7 1.9
v 1.7 5.7 1.9
v 1.9 5.7 1.9
v 2.1 5.7 1.9
v 2.2 5.7 1.9
v 2.3 5.7 1.9
v 2.4 5.7 1.9
v 2.6 5.7 1.9
v 2.7 5.7 1.9
v 2.9 5.7 1.9
v -3.2 5.7 1.8
v -3 5.7 1.8
v -2.7 5.7 1.8
v -2.6 5.7 1.8
v -2.5 5.7 1.8
v -2.4 5.7 1.8
v -2 5.7 1.8
v -1.9 5.7 1.8
v 1.9 5.7 1.8
v 2 5.7 1.8
v 2.2 5.7 1.8
v 2.4 5.7 1.8
v 2.5 5.7 1.8
v 2.7 5.7 1.8
v 2.9 5.7 1.8
v -3.2 5.8 1.8
v -3 5.8 1.8
v -2.7 5.8 1.8
v -2.5 5.8 1.8
v -2 5.8 1.8
v 2 5.8 1.8
v 2.2 5.8 1.8
v 2.5 5.8 1.8
v 2.7 5.8 1.8
v 2.9 5.8 1.8
v -3.3 5.8 1.7
v -3.2 5.8 1.7
v -3 5.8 1.7
v -2.2 5.8 1.7
v -2 5.8 1.7
v 2 5.8 1.7
v 2.1 5.8 1.7
v 2.7 5.8 1.7
v 2.9 5.8 1.7
v 3 5.8 1.7
v -2.8 5.8 1.6
v -2.7 5.8 1.6
v 2.2 5.8 1.6
v 2.3 5.8 1.6
v 2.5 5.8 1.6
v 2.6 5.8 1.6
v -3.4 5.8 1.5
v -3.3 5.8 1.5
v -3.2 5.8 1.5
v -2.3 5.8 1.5
v -2.2 5.8 1.5
v 2.1 5.8 1.5
v 2.2 5.8 1.5
v 2.9 5.8 1.5
v 3 5.8 1.5
v 3.1 5.8 1.5
v -3.4 5.8 1.3
v -3.3 5.8 1.3
v -2.9 5.8 1.3
v -2.8 5.8 1.3
v -2.7 5.8 1.3
v -2.5 5.8 1.3
v -2.4 5.8 1.3
v -2.3 5.8 1.3
v 2.2 5.8 1.3
v 2.3 5.8 1.3
v 2.5 5.8 1.3
v 2.6 5.8 1.3
v 2.7 5.8 1.3
v 3 5.8 1.3
v 3.1 5.8 1.3
v -3.4 5.9 1.3
v -3.3 5.9 1.3
v -2.9 5.9 1.3
v -2.7 5.9 1.3
v -2.4 5.9 1.3
v 2.2 5.9 1.3
v 2.5 5.9 1.3
v 2.7 5.9 1.3
v 3 5.9 1.3
v 3.1 5.9 1.3
v -3.5 5.9 1.2
v -3.4 5.9 1.2
v -3.3 5.9 1.2
v 2.5 5.9 1.2
v 2.6 5.9 1.2
v 3 5.9 1.2
v 3.1 5.9 1.2
v 3.2 5.9 1.2
v -3.5 5.9 1.1
v -3.4 5.9 1.1
v -2.9 5.9 1.1
v -2.7 5.9 1.1
v -2.5 5.9 1.1
v -2.4 5.9 1.1
v 2.2 5.9 1.1
v 2.3 5.9 1.1
v 2.6 5.9 1.1
v 2.7 5.9 1.1
v 3.1 5.9 1.1
v 3.2 5.9 1.1
v -3.5 6 1.1
v -3.4 6 1.1
v -2.9 6 1.1
v -2.7 6 1.1
v -2.5 6 1.1
v 2.3 6 1.1
v 2.6 6 1.1
v 2.7 6 1.1
v 3.1 6 1.1
v 3.2 6 1.1
v -3 6 1
v -2.9 6 1
v -2.8 6 1
v -2.7 6 1
v 2.7 6 1
v 2.9 6 1
v -3.6 6 0.8
v -3.5 6 0.8
v -3.4 6 0.8
v 2.3 6 0.8
v 2.5 6 0.8
v 3.1 6 0.8
v 3.2 6 0.8
v 3.3 6 0.8
v -3.2 6 0.6
v -3 6 0.6
v -2.9 6 0.6
v -2.8 6 0.6
v 2.6 6 0.6
v 2.7 6 0.6
v 2.9 6 0.6
v 3 6 0.6
v -3.6 6 0.5
v -3.5 6 0.5
v -3.2 6 0.5
v -2.9 6 0.5
v -2.7 6 0.5
v -2.5 6 0.5
v 2.5 6 0.5
v 2.6 6 0.5
v 2.7 6 0.5
v 3 6 0.5
v 3.2 6 0.5
v 3.3 6 0.5
v -3.6 6.1 0.5
v -3.5 6.1 0.5
v -3.2 6.1 0.5
v -2.9 6.1 0.5
v -2.7 6.1 0.5
v 2.6 6.1 0.5
v 2.7 6.1 0.5
v 3 6.1 0.5
v 3.2 6.1 0.5
v 3.3 6.1 0.5
v -3.6 6.1 0.4
v -3.5 6.1 0.4
v -3.2 6.1 0.4
v -2.9 6.1 0.4
v -2.7 6.1 0.4
v 2.6 6.1 0.4
v 2.7 6.1 0.4
v 3 6.1 0.4
v 3.2 6.1 0.4
v 3.3 6.1 0.4
v -3.6 6.2 0.4
v -3.5 6.2 0.4
v -3.2 6.2 0.4
v -2.9 6.2 0.4
v -2.7 6.2 0.4
v 2.6 6.2 0.4
v 2.7 6.2 0.4
v 3 6.2 0.4
v 3.2 6.2 0.4
v 3.3 6.2 0.4
v -3.6 6.2 -0.3
v -3.5 6.2 -0.3
v -3.2 6.2 -0.3
v -2.9 6.2 -0.3
v -2.7 6.2 -0.3
v 2.6 6.2 -0.3
v 2.7 6.2 -0.3
v 3 6.2 -0.3
v 3.2 6.2 -0.3
v 3.3 6.2 -0.3
v -0.8 6.3 1.9
v -0.7 6.3 1.9
v 0.7 6.3 1.9
v 0.8 6.3 1.9
v -0.8 6.3 1.8
v -0.7 6.3 1.8
v 0.7 6.3 1.8
v 0.8 6.3 1.8
v -1.9 6.3 0.8
v -1.8 6.3 0.8
v 1.8 6.3 0.8
v 1.9 6.3 0.8
v -1.9 6.3 0.7
v -1.8 6.3 0.7
v 1.8 6.3 0.7
v 1.9 6.3 0.7
v -1.9 6.3 -0.7
v -1.8 6.3 -0.7
v 1.8 6.3 -0.7
v 1.9 6.3 -0.7
v -1.9 6.3 -0.8
v -1.8 6.3 -0.8
v 1.8 6.3 -0.8
v 1.9 6.3 -0.8
v -0.8 6.3 -1.8
v -0.7 6.3 -1.8
v 0.7 6.3 -1.8
v 0.8 6.3 -1.8
v -0.8 6.3 -1.9
v -0.7 6.3 -1.9
v 0.7 6.3 -1.9
v 0.8 6.3 -1.9
v -1 6.4 1.8
v -0.9 6.4 1.8
v 0.9 6.4 1.8
v 1 6.4 1.8
v -1 6.4 1.7
v -0.9 6.4 1.7
v 0.9 6.4 1.7
v 1 6.4 1.7
v -1.3 6.4 1.6
v -1.2 6.4 1.6
v 1.2 6.4 1.6
v 1.3 6.4 1.6
v -1.3 6.4 1.5
v -1.2 6.4 1.5
v 1.2 6.4 1.5
v 1.3 6.4 1.5
v -1.6 6.4 1.3
v -1.5 6.4 1.3
v 1.5 6.4 1.3
v 1.6 6.4 1.3
v -1.6 6.4 1.2
v -1.5 6.4 1.2
v 1.5 6.4 1.2
v 1.6 6.4 1.2
v -1.8 6.4 1
v -1.7 6.4 1
v 1.7 6.4 1
v 1.8 6.4 1
v -1.8 6.4 0.9
v -1.7 6.4 0.9
v 1.7 6.4 0.9
v 1.8 6.4 0.9
v -3.6 6.4 -0.3
v -3.5 6.4 -0.3
v -3.2 6.4 -0.3
v -2.9 6.4 -0.3
v -2.7 6.4 -0.3
v 2.6 6.4 -0.3
v 2.7 6.4 -0.3
v 3 6.4 -0.3
v 3.2 6.4 -0.3
v 3.3 6.4 -0.3
v -3.6 6.4 -0.7
v -3.5 6.4 -0.7
v -3.4 6.4 -0.7
v -3.2 6.4 -0.7
v -3 6.4 -0.7
v -2.9 6.4 -0.7
v -2.8 6.4 -0.7
v -2.7 6.4 -0.7
v -2.5 6.4 -0.7
v 2.5 6.4 -0.7
v 2.6 6.4 -0.7
v 2.7 6.4 -0.7
v 2.9 6.4 -0.7
v 3 6.4 -0.7
v 3.1 6.4 -0.7
v 3.2 6.4 -0.7
v 3.3 6.4 -0.7
v -1.8 6.4 -0.9
v -1.7 6.4 -0.9
v 1.7 6.4 -0.9
v 1.8 6.4 -0.9
v 2.3 6.4 -0.9
v 2.5 6.4 -0.9
v -3.5 6.4 -1
v -3.4 6.4 -1
v -3 6.4 -1
v -2.9 6.4 -1
v -2.8 6.4 -1
v -2.7 6.4 -1
v -2.5 6.4 -1
v -1.8 6.4 -1
v -1.7 6.4 -1
v 1.7 6.4 -1
v 1.8 6.4 -1
v 2.3 6.4 -1
v 2.6 6.4 -1
v 2.7 6.4 -1
v 2.9 6.4 -1
v 3.1 6.4 -1
v 3.2 6.4 -1
v -1.6 6.4 -1.2
v -1.5 6.4 -1.2
v 1.5 6.4 -1.2
v 1.6 6.4 -1.2
v -1.6 6.4 -1.3
v -1.5 6.4 -1.3
v 1.5 6.4 -1.3
v 1.6 6.4 -1.3
v -1.3 6.4 -1.5
v -1.2 6.4 -1.5
v 1.2 6.4 -1.5
v 1.3 6.4 -1.5
v -1.3 6.4 -1.6
v -1.2 6.4 -1.6
v 1.2 6.4 -1.6
v 1.3 6.4 -1.6
v -1 6.4 -1.7
v -0.9 6.4 -1.7
v 0.9 6.4 -1.7
v 1 6.4 -1.7
v -1 6.4 -1.8
v -0.9 6.4 -1.8
v 0.9 6.4 -1.8
v 1 6.4 -1.8
v -0.4 6.5 2
v -0.3 6.5 2
v 0.3 6.5 2
v 0.4 6.5 2
v -0.4 6.5 1.9
v -0.3 6.5 1.9
v 0.3 6.5 1.9
v 0.4 6.5 1.9
v -1.4 6.5 1.5
v -1.3 6.5 1.5
v 1.3 6.5 1.5
v 1.4 6.5 1.5
v -1.5 6.5 1.4
v -1.4 6.5 1.4
v -1.3 6.5 1.4
v 1.3 6.5 1.4
v 1.4 6.5 1.4
v 1.5 6.5 1.4
v -1.5 6.5 1.3
v -1.4 6.5 1.3
v 1.4 6.5 1.3
v 1.5 6.5 1.3
v -2 6.5 0.4
v -1.9 6.5 0.4
v 1.9 6.5 0.4
v 2 6.5 0.4
v -2 6.5 0.3
v -1.9 6.5 0.3
v 1.9 6.5 0.3
v 2 6.5 0.3
v -2 6.5 -0.3
v -1.9 6.5 -0.3
v 1.9 6.5 -0.3
v 2 6.5 -0.3
v -2 6.5 -0.4
v -1.9 6.5 -0.4
v 1.9 6.5 -0.4
v 2 6.5 -0.4
v -3.5 6.5 -1
v -3.4 6.5 -1
v -2.9 6.5 -1
v -2.7 6.5 -1
v -2.5 6.5 -1
v 2.3 6.5 -1
v 2.6 6.5 -1
v 2.7 6.5 -1
v 3.1 6.5 -1
v 3.2 6.5 -1
v -3.5 6.5 -1.1
v -3.4 6.5 -1.1
v -3.3 6.5 -1.1
v 3 6.5 -1.1
v 3.1 6.5 -1.1
v 3.2 6.5 -1.1
v -3.4 6.5 -1.2
v -3.3 6.5 -1.2
v -2.9 6.5 -1.2
v -2.7 6.5 -1.2
v -2.5 6.5 -1.2
v 2.3 6.5 -1.2
v 2.5 6.5 -1.2
v 2.6 6.5 -1.2
v 2.7 6.5 -1.2
v 3 6.5 -1.2
v 3.1 6.5 -1.2
v -1.5 6.5 -1.3
v -1.4 6.5 -1.3
v 1.4 6.5 -1.3
v 1.5 6.5 -1.3
v -1.5 6.5 -1.4
v -1.4 6.5 -1.4
v -1.3 6.5 -1.4
v 1.3 6.5 -1.4
v 1.4 6.5 -1.4
v 1.5 6.5 -1.4
v -1.4 6.5 -1.5
v -1.3 6.5 -1.5
v 1.3 6.5 -1.5
v 1.4 6.5 -1.5
v -0.4 6.5 -1.9
v -0.3 6.5 -1.9
v 0.3 6.5 -1.9
v 0.4 6.5 -1.9
v -0.4 6.5 -2
v -0.3 6.5 -2
v 0.3 6.5 -2
v 0.4 6.5 -2
v -0.3 6.6 2
v 0.3 6.6 2
v -0.7 6.6 1.9
v -0.6 6.6 1.9
v -0.3 6.6 1.9
v 0.3 6.6 1.9
v 0.6 6.6 1.9
v 0.7 6.6 1.9
v -0.7 6.6 1.8
v -0.6 6.6 1.8
v 0.6 6.6 1.8
v 0.7 6.6 1.8
v -1.1 6.6 1.7
v -1 6.6 1.7
v 1 6.6 1.7
v 1.1 6.6 1.7
v -1.1 6.6 1.6
v -1 6.6 1.6
v 1 6.6 1.6
v 1.1 6.6 1.6
v -1.7 6.6 1.1
v -1.6 6.6 1.1
v 1.6 6.6 1.1
v 1.7 6.6 1.1
v -1.7 6.6 1
v -1.6 6.6 1
v 1.6 6.6 1
v 1.7 6.6 1
v -1.9 6.6 0.7
v -1.8 6.6 0.7
v 1.8 6.6 0.7
v 1.9 6.6 0.7
v -1.9 6.6 0.6
v -1.8 6.6 0.6
v 1.8 6.6 0.6
v 1.9 6.6 0.6
v -2 6.6 0.3
v -1.9 6.6 0.3
v 1.9 6.6 0.3
v 2 6.6 0.3
v -2 6.6 -0.3
v -1.9 6.6 -0.3
v 1.9 6.6 -0.3
v 2 6.6 -0.3
v -1.9 6.6 -0.6
v -1.8 6.6 -0.6
v 1.8 6.6 -0.6
v 1.9 6.6 -0.6
v -1.9 6.6 -0.7
v -1.8 6.6 -0.7
v 1.8 6.6 -0.7
v 1.9 6.6 -0.7
v -1.7 6.6 -1
v -1.6 6.6 -1
v 1.6 6.6 -1
v 1.7 6.6 -1
v -1.7 6.6 -1.1
v -1.6 6.6 -1.1
v 1.6 6.6 -1.1
v 1.7 6.6 -1.1
v -3.4 6.6 -1.2
v -3.3 6.6 -1.2
v -2.9 6.6 -1.2
v -2.7 6.6 -1.2
v -2.4 6.6 -1.2
v 2.2 6.6 -1.2
v 2.5 6.6 -1.2
v 2.7 6.6 -1.2
v 3 6.6 -1.2
v 3.1 6.6 -1.2
v -3.4 6.6 -1.4
v -3.3 6.6 -1.4
v -3.2 6.6 -1.4
v -2.9 6.6 -1.4
v -2.8 6.6 -1.4
v -2.7 6.6 -1.4
v -2.5 6.6 -1.4
v -2.4 6.6 -1.4
v -2.3 6.6 -1.4
v 2.3 6.6 -1.4
v 2.5 6.6 -1.4
v 2.6 6.6 -1.4
v 2.7 6.6 -1.4
v 2.9 6.6 -1.4
v 3 6.6 -1.4
v 3.1 6.6 -1.4
v -3.3 6.6 -1.6
v -3.2 6.6 -1.6
v -3 6.6 -1.6
v -2.8 6.6 -1.6
v -2.7 6.6 -1.6
v -2.3 6.6 -1.6
v -2.2 6.6 -1.6
v -1.1 6.6 -1.6
v -1 6.6 -1.6
v 1 6.6 -1.6
v 1.1 6.6 -1.6
v 2.1 6.6 -1.6
v 2.2 6.6 -1.6
v 2.3 6.6 -1.6
v 2.5 6.6 -1.6
v 2.6 6.6 -1.6
v 2.7 6.6 -1.6
v 2.9 6.6 -1.6
v 3 6.6 -1.6
v -3.2 6.6 -1.7
v -3 6.6 -1.7
v -2.7 6.6 -1.7
v -2.5 6.6 -1.7
v -2.2 6.6 -1.7
v -1.1 6.6 -1.7
v -1 6.6 -1.7
v 1 6.6 -1.7
v 1.1 6.6 -1.7
v 2.1 6.6 -1.7
v 2.2 6.6 -1.7
v 2.5 6.6 -1.7
v 2.7 6.6 -1.7
v 2.9 6.6 -1.7
v -0.7 6.6 -1.8
v -0.6 6.6 -1.8
v 0.6 6.6 -1.8
v 0.7 6.6 -1.8
v -0.7 6.6 -1.9
v -0.6 6.6 -1.9
v -0.3 6.6 -1.9
v 0.3 6.6 -1.9
v 0.6 6.6 -1.9
v 0.7 6.6 -1.9
v -0.3 6.6 -2
v 0.3 6.6 -2
v -0.6 6.7 1.9
v -0.5 6.7 1.9
v 0.5 6.7 1.9
v 0.6 6.7 1.9
v -0.9 6.7 1.8
v -0.8 6.7 1.8
v -0.6 6.7 1.8
v -0.5 6.7 1.8
v 0.5 6.7 1.8
v 0.6 6.7 1.8
v 0.8 6.7 1.8
v 0.9 6.7 1.8
v -0.9 6.7 1.7
v -0.8 6.7 1.7
v 0.8 6.7 1.7
v 0.9 6.7 1.7
v -1.2 6.7 1.6
v -1.1 6.7 1.6
v 1.1 6.7 1.6
v 1.2 6.7 1.6
v -1.2 6.7 1.5
v -1.1 6.7 1.5
v 1.1 6.7 1.5
v 1.2 6.7 1.5
v -1.6 6.7 1.2
v -1.5 6.7 1.2
v 1.5 6.7 1.2
v 1.6 6.7 1.2
v -1.6 6.7 1.1
v -1.5 6.7 1.1
v 1.5 6.7 1.1
v 1.6 6.7 1.1
v -1.8 6.7 0.9
v -1.7 6.7 0.9
v 1.7 6.7 0.9
v 1.8 6.7 0.9
v -1.8 6.7 0.8
v -1.7 6.7 0.8
v 1.7 6.7 0.8
v 1.8 6.7 0.8
v -1.9 6.7 0.6
v -1.8 6.7 0.6
v 1.8 6.7 0.6
v 1.9 6.7 0.6
v -1.9 6.7 0.5
v -1.8 6.7 0.5
v 1.8 6.7 0.5
v 1.9 6.7 0.5
v -1.9 6.7 -0.5
v -1.8 6.7 -0.5
v 1.8 6.7 -0.5
v 1.9 6.7 -0.5
v -1.9 6.7 -0.6
v -1.8 6.7 -0.6
v 1.8 6.7 -0.6
v 1.9 6.7 -0.6
v -1.8 6.7 -0.8
v -1.7 6.7 -0.8
v 1.7 6.7 -0.8
v 1.8 6.7 -0.8
v -1.8 6.7 -0.9
v -1.7 6.7 -0.9
v 1.7 6.7 -0.9
v 1.8 6.7 -0.9
v -1.6 6.7 -1.1
v -1.5 6.7 -1.1
v 1.5 6.7 -1.1
v 1.6 6.7 -1.1
v -1.6 6.7 -1.2
v -1.5 6.7 -1.2
v 1.5 6.7 -1.2
v 1.6 6.7 -1.2
v -1.2 6.7 -1.5
v -1.1 6.7 -1.5
v 1.1 6.7 -1.5
v 1.2 6.7 -1.5
v -1.2 6.7 -1.6
v -1.1 6.7 -1.6
v 1.1 6.7 -1.6
v 1.2 6.7 -1.6
v -3.2 6.7 -1.7
v -3 6.7 -1.7
v -2.7 6.7 -1.7
v -2.5 6.7 -1.7
v -2.2 6.7 -1.7
v -0.9 6.7 -1.7
v -0.8 6.7 -1.7
v 0.8 6.7 -1.7
v 0.9 6.7 -1.7
v 2.1 6.7 -1.7
v 2.2 6.7 -1.7
v 2.5 6.7 -1.7
v 2.7 6.7 -1.7
v 2.9 6.7 -1.7
v -3.2 6.7 -1.8
v -3 6.7 -1.8
v -2.9 6.7 -1.8
v -2.7 6.7 -1.8
v -2.6 6.7 -1.8
v -2.5 6.7 -1.8
v -2.4 6.7 -1.8
v -2.2 6.7 -1.8
v -2 6.7 -1.8
v -0.9 6.7 -1.8
v -0.8 6.7 -1.8
v -0.6 6.7 -1.8
v -0.5 6.7 -1.8
v 0.5 6.7 -1.8
v 0.6 6.7 -1.8
v 0.8 6.7 -1.8
v 0.9 6.7 -1.8
v 2 6.7 -1.8
v 2.1 6.7 -1.8
v 2.4 6.7 -1.8
v 2.5 6.7 -1.8
v 2.6 6.7 -1.8
v 2.7 6.7 -1.8
v 2.9 6.7 -1.8
v -0.6 6.7 -1.9
v -0.5 6.7 -1.9
v 0.5 6.7 -1.9
v 0.6 6.7 -1.9
v -3 6.7 -2
v -2.9 6.7 -2
v -2.8 6.7 -2
v -2.6 6.7 -2
v -2.4 6.7 -2
v -2.2 6.7 -2
v -2 6.7 -2
v 2 6.7 -2
v 2.2 6.7 -2
v 2.4 6.7 -2
v 2.5 6.7 -2
v 2.6 6.7 -2
v 2.7 6.7 -2
v -0.5 6.8 1.9
v -0.4 6.8 1.9
v 0.4 6.8 1.9
v 0.5 6.8 1.9
v -0.8 6.8 1.8
v -0.7 6.8 1.8
v -0.5 6.8 1.8
v -0.4 6.8 1.8
v 0.4 6.8 1.8
v 0.5 6.8 1.8
v 0.7 6.8 1.8
v 0.8 6.8 1.8
v -1 6.8 1.7
v -0.9 6.8 1.7
v -0.8 6.8 1.7
v -0.7 6.8 1.7
v 0.7 6.8 1.7
v 0.8 6.8 1.7
v 0.9 6.8 1.7
v 1 6.8 1.7
v -1 6.8 1.6
v -0.9 6.8 1.6
v 0.9 6.8 1.6
v 1 6.8 1.6
v -1.3 6.8 1.5
v -1.2 6.8 1.5
v 1.2 6.8 1.5
v 1.3 6.8 1.5
v -1.4 6.8 1.4
v -1.3 6.8 1.4
v -1.2 6.8 1.4
v 1.2 6.8 1.4
v 1.3 6.8 1.4
v 1.4 6.8 1.4
v -1.5 6.8 1.3
v -1.4 6.8 1.3
v -1.3 6.8 1.3
v 1.3 6.8 1.3
v 1.4 6.8 1.3
v 1.5 6.8 1.3
v -1.5 6.8 1.2
v -1.4 6.8 1.2
v 1.4 6.8 1.2
v 1.5 6.8 1.2
v -1.7 6.8 1
v -1.6 6.8 1
v 1.6 6.8 1
v 1.7 6.8 1
v -1.7 6.8 0.9
v -1.6 6.8 0.9
v 1.6 6.8 0.9
v 1.7 6.8 0.9
v -1.8 6.8 0.8
v -1.7 6.8 0.8
v 1.7 6.8 0.8
v 1.8 6.8 0.8
v -1.8 6.8 0.7
v -1.7 6.8 0.7
v 1.7 6.8 0.7
v 1.8 6.8 0.7
v -1.9 6.8 0.5
v -1.8 6.8 0.5
v 1.8 6.8 0.5
v 1.9 6.8 0.5
v -1.9 6.8 0.4
v -1.8 6.8 0.4
v 1.8 6.8 0.4
v 1.9 6.8 0.4
v -1.9 6.8 -0.4
v -1.8 6.8 -0.4
v 1.8 6.8 -0.4
v 1.9 6.8 -0.4
v -1.9 6.8 -0.5
v -1.8 6.8 -0.5
v 1.8 6.8 -0.5
v 1.9 6.8 -0.5
v -1.8 6.8 -0.7
v -1.7 6.8 -0.7
v 1.7 6.8 -0.7
v 1.8 6.8 -0.7
v -1.8 6.8 -0.8
v -1.7 6.8 -0.8
v 1.7 6.8 -0.8
v 1.8 6.8 -0.8
v -1.7 6.8 -0.9
v -1.6 6.8 -0.9
v 1.6 6.8 -0.9
v 1.7 6.8 -0.9
v -1.7 6.8 -1
v -1.6 6.8 -1
v 1.6 6.8 -1
v 1.7 6.8 -1
v -1.5 6.8 -1.2
v -1.4 6.8 -1.2
v 1.4 6.8 -1.2
v 1.5 6.8 -1.2
v -1.5 6.8 -1.3
v -1.4 6.8 -1.3
v -1.3 6.8 -1.3
v 1.3 6.8 -1.3
v 1.4 6.8 -1.3
v 1.5 6.8 -1.3
v -1.4 6.8 -1.4
v -1.3 6.8 -1.4
v -1.2 6.8 -1.4
v 1.2 6.8 -1.4
v 1.3 6.8 -1.4
v 1.4 6.8 -1.4
v -1.3 6.8 -1.5
v -1.2 6.8 -1.5
v 1.2 6.8 -1.5
v 1.3 6.8 -1.5
v -1 6.8 -1.6
v -0.9 6.8 -1.6
v 0.9 6.8 -1.6
v 1 6.8 -1.6
v -1 6.8 -1.7
v -0.9 6.8 -1.7
v -0.8 6.8 -1.7
v -0.7 6.8 -1.7
v 0.7 6.8 -1.7
v 0.8 6.8 -1.7
v 0.9 6.8 -1.7
v 1 6.8 -1.7
v -0.8 6.8 -1.8
v -0.7 6.8 -1.8
v -0.5 6.8 -1.8
v -0.4 6.8 -1.8
v 0.4 6.8 -1.8
v 0.5 6.8 -1.8
v 0.7 6.8 -1.8
v 0.8 6.8 -1.8
v -0.5 6.8 -1.9
v -0.4 6.8 -1.9
v 0.4 6.8 -1.9
v 0.5 6.8 -1.9
v -2.9 6.8 -2
v -2.8 6.8 -2
v -2.4 6.8 -2
v -2.2 6.8 -2
v -1.6 6.8 -2
v 1.5 6.8 -2
v 2 6.8 -2
v 2.2 6.8 -2
v 2.5 6.8 -2
v 2.6 6.8 -2
v -2.9 6.8 -2.1
v -2.8 6.8 -2.1
v -2.7 6.8 -2.1
v -2.4 6.8 -2.1
v -2.3 6.8 -2.1
v -2.2 6.8 -2.1
v -2 6.8 -2.1
v 1.9 6.8 -2.1
v 2 6.8 -2.1
v 2.1 6.8 -2.1
v 2.2 6.8 -2.1
v 2.4 6.8 -2.1
v 2.5 6.8 -2.1
v 2.6 6.8 -2.1
v -2.8 6.8 -2.2
v -2.7 6.8 -2.2
v -2.6 6.8 -2.2
v -2.3 6.8 -2.2
v -2.2 6.8 -2.2
v -2 6.8 -2.2
v -1.9 6.8 -2.2
v 1.4 6.8 -2.2
v 1.5 6.8 -2.2
v 1.7 6.8 -2.2
v 1.9 6.8 -2.2
v 2 6.8 -2.2
v 2.1 6.8 -2.2
v 2.3 6.8 -2.2
v 2.4 6.8 -2.2
v 2.5 6.8 -2.2
v -2.7 6.8 -2.3
v -2.6 6.8 -2.3
v -2.5 6.8 -2.3
v -2.2 6.8 -2.3
v -2 6.8 -2.3
v -1.9 6.8 -2.3
v -1.7 6.8 -2.3
v -1.6 6.8 -2.3
v 1.4 6.8 -2.3
v 1.5 6.8 -2.3
v 1.7 6.8 -2.3
v 1.9 6.8 -2.3
v 2 6.8 -2.3
v 2.2 6.8 -2.3
v 2.3 6.8 -2.3
v 2.4 6.8 -2.3
v -0.4 6.9 1.9
v -0.0999999 6.9 1.9
v 0.0999999 6.9 1.9
v 0.4 6.9 1.9
v -0.7 6.9 1.8
v -0.6 6.9 1.8
v -0.4 6.9 1.8
v -0.0999999 6.9 1.8
v 0.0999999 6.9 1.8
v 0.4 6.9 1.8
v 0.6 6.9 1.8
v 0.7 6.9 1.8
v -0.9 6.9 1.7
v -0.8 6.9 1.7
v -0.7 6.9 1.7
v -0.6 6.9 1.7
v 0.6 6.9 1.7
v 0.7 6.9 1.7
v 0.8 6.9 1.7
v 0.9 6.9 1.7
v -1.1 6.9 1.6
v -1 6.9 1.6
v -0.9 6.9 1.6
v -0.8 6.9 1.6
v 0.8 6.9 1.6
v 0.9 6.9 1.6
v 1 6.9 1.6
v 1.1 6.9 1.6
v -1.1 6.9 1.5
v -1 6.9 1.5
v 1 6.9 1.5
v 1.1 6.9 1.5
v -1.6 6.9 1.1
v -1.5 6.9 1.1
v 1.5 6.9 1.1
v 1.6 6.9 1.1
v -1.6 6.9 1
v -1.5 6.9 1
v 1.5 6.9 1
v 1.6 6.9 1
v -1.7 6.9 0.9
v -1.6 6.9 0.9
v 1.6 6.9 0.9
v 1.7 6.9 0.9
v -1.7 6.9 0.8
v -1.6 6.9 0.8
v 1.6 6.9 0.8
v 1.7 6.9 0.8
v -1.8 6.9 0.7
v -1.7 6.9 0.7
v 1.7 6.9 0.7
v 1.8 6.9 0.7
v -1.8 6.9 0.6
v -1.7 6.9 0.6
v 1.7 6.9 0.6
v 1.8 6.9 0.6
v -1.9 6.9 0.4
v -1.8 6.9 0.4
v 1.8 6.9 0.4
v 1.9 6.9 0.4
v -1.9 6.9 0.0999999
v -1.8 6.9 0.0999999
v 1.8 6.9 0.0999999
v 1.9 6.9 0.0999999
v -1.9 6.9 -0.0999999
v -1.8 6.9 -0.0999999
v 1.8 6.9 -0.0999999
v 1.9 6.9 -0.0999999
v -1.9 6.9 -0.4
v -1.8 6.9 -0.4
v 1.8 6.9 -0.4
v 1.9 6.9 -0.4
v -1.8 6.9 -0.6
v -1.7 6.9 -0.6
v 1.7 6.9 -0.6
v 1.8 6.9 -0.6
v -1.8 6.9 -0.7
v -1.7 6.9 -0.7
v 1.7 6.9 -0.7
v 1.8 6.9 -0.7
v -1.7 6.9 -0.8
v -1.6 6.9 -0.8
v 1.6 6.9 -0.8
v 1.7 6.9 -0.8
v -1.7 6.9 -0.9
v -1.6 6.9 -0.9
v 1.6 6.9 -0.9
v 1.7 6.9 -0.9
v -1.6 6.9 -1
v -1.5 6.9 -1
v 1.5 6.9 -1
v 1.6 6.9 -1
v -1.6 6.9 -1.1
v -1.5 6.9 -1.1
v 1.5 6.9 -1.1
v 1.6 6.9 -1.1
v -1.1 6.9 -1.5
v -1 6.9 -1.5
v 1 6.9 -1.5
v 1.1 6.9 -1.5
v -1.1 6.9 -1.6
v -1 6.9 -1.6
v -0.9 6.9 -1.6
v -0.8 6.9 -1.6
v 0.8 6.9 -1.6
v 0.9 6.9 -1.6
v 1 6.9 -1.6
v 1.1 6.9 -1.6
v -0.9 6.9 -1.7
v -0.8 6.9 -1.7
v -0.7 6.9 -1.7
v -0.6 6.9 -1.7
v 0.6 6.9 -1.7
v 0.7 6.9 -1.7
v 0.8 6.9 -1.7
v 0.9 6.9 -1.7
v -0.7 6.9 -1.8
v -0.6 6.9 -1.8
v -0.4 6.9 -1.8
v -0.0999999 6.9 -1.8
v 0.0999999 6.9 -1.8
v 0.2 6.9 -1.8
v 0.3 6.9 -1.8
v 0.4 6.9 -1.8
v 0.6 6.9 -1.8
v 0.7 6.9 -1.8
v -0.4 6.9 -1.9
v -0.0999999 6.9 -1.9
v 0.0999999 6.9 -1.9
v 0.3 6.9 -1.9
v 0.4 6.9 -1.9
v -2.6 6.9 -2.3
v -2.5 6.9 -2.3
v -2 6.9 -2.3
v -1.7 6.9 -2.3
v -1.4 6.9 -2.3
v 1.3 6.9 -2.3
v 1.5 6.9 -2.3
v 1.9 6.9 -2.3
v 2.2 6.9 -2.3
v 2.3 6.9 -2.3
v -2.6 6.9 -2.4
v -2.5 6.9 -2.4
v -2.4 6.9 -2.4
v -2 6.9 -2.4
v -1.9 6.9 -2.4
v -1.7 6.9 -2.4
v -1.6 6.9 -2.4
v -1.4 6.9 -2.4
v -1 6.9 -2.4
v 1.1 6.9 -2.4
v 1.3 6.9 -2.4
v 1.4 6.9 -2.4
v 1.5 6.9 -2.4
v 1.7 6.9 -2.4
v 1.9 6.9 -2.4
v 2.1 6.9 -2.4
v 2.2 6.9 -2.4
v 2.3 6.9 -2.4
v -2.5 6.9 -2.6
v -2.4 6.9 -2.6
v -2.3 6.9 -2.6
v -1.9 6.9 -2.6
v -1.8 6.9 -2.6
v -1.6 6.9 -2.6
v -1.3 6.9 -2.6
v -1 6.9 -2.6
v -0.6 6.9 -2.6
v 0.5 6.9 -2.6
v 1.1 6.9 -2.6
v 1.4 6.9 -2.6
v 1.6 6.9 -2.6
v 1.7 6.9 -2.6
v 2 6.9 -2.6
v 2.1 6.9 -2.6
v 2.2 6.9 -2.6
v -2.4 6.9 -2.7
v -2.3 6.9 -2.7
v -2.2 6.9 -2.7
v -1.8 6.9 -2.7
v -1.6 6.9 -2.7
v -1.3 6.9 -2.7
v -1 6.9 -2.7
v -0.6 6.9 -2.7
v 0.5 6.9 -2.7
v 0.9 6.9 -2.7
v 1.1 6.9 -2.7
v 1.4 6.9 -2.7
v 1.6 6.9 -2.7
v 1.9 6.9 -2.7
v 2 6.9 -2.7
v 2.1 6.9 -2.7
v -2.3 6.9 -2.8
v -2.2 6.9 -2.8
v -1.9 6.9 -2.8
v -1.6 6.9 -2.8
v -1.4 6.9 -2.8
v -1 6.9 -2.8
v -0.6 6.9 -2.8
v 0.5 6.9 -2.8
v 0.9 6.9 -2.8
v 1.2 6.9 -2.8
v 1.4 6.9 -2.8
v 1.6 6.9 -2.8
v 1.9 6.9 -2.8
v 2 6.9 -2.8
v -0.0999999 7 1.9
v 0.0999999 7 1.9
v -0.6 7 1.8
v -0.5 7 1.8
v -0.0999999 7 1.8
v 0.0999999 7 1.8
v 0.5 7 1.8
v 0.6 7 1.8
v -0.8 7 1.7
v -0.7 7 1.7
v -0.6 7 1.7
v -0.5 7 1.7
v 0.5 7 1.7
v 0.6 7 1.7
v 0.7 7 1.7
v 0.8 7 1.7
v -1 7 1.6
v -0.9 7 1.6
v -0.8 7 1.6
v -0.7 7 1.6
v 0.7 7 1.6
v 0.8 7 1.6
v 0.9 7 1.6
v 1 7 1.6
v -1.2 7 1.5
v -1.1 7 1.5
v -1 7 1.5
v -0.9 7 1.5
v 0.9 7 1.5
v 1 7 1.5
v 1.1 7 1.5
v 1.2 7 1.5
v -1.3 7 1.4
v -1.2 7 1.4
v -1.1 7 1.4
v 1.1 7 1.4
v 1.2 7 1.4
v 1.3 7 1.4
v -1.4 7 1.3
v -1.3 7 1.3
v -1.2 7 1.3
v 1.2 7 1.3
v 1.3 7 1.3
v 1.4 7 1.3
v -1.5 7 1.2
v -1.4 7 1.2
v -1.3 7 1.2
v 1.3 7 1.2
v 1.4 7 1.2
v 1.5 7 1.2
v -1.5 7 1.1
v -1.4 7 1.1
v 1.4 7 1.1
v 1.5 7 1.1
v -1.6 7 1
v -1.5 7 1
v 1.5 7 1
v 1.6 7 1
v -1.6 7 0.9
v -1.5 7 0.9
v 1.5 7 0.9
v 1.6 7 0.9
v -1.7 7 0.8
v -1.6 7 0.8
v 1.6 7 0.8
v 1.7 7 0.8
v -1.7 7 0.7
v -1.6 7 0.7
v 1.6 7 0.7
v 1.7 7 0.7
v -1.8 7 0.6
v -1.7 7 0.6
v 1.7 7 0.6
v 1.8 7 0.6
v -1.8 7 0.5
v -1.7 7 0.5
v 1.7 7 0.5
v 1.8 7 0.5
v -1.9 7 0.0999999
v -1.8 7 0.0999999
v 1.8 7 0.0999999
v 1.9 7 0.0999999
v -1.9 7 -0.0999999
v -1.8 7 -0.0999999
v 1.8 7 -0.0999999
v 1.9 7 -0.0999999
v -1.8 7 -0.5
v -1.7 7 -0.5
v 1.7 7 -0.5
v 1.8 7 -0.5
v -1.8 7 -0.6
v -1.7 7 -0.6
v 1.7 7 -0.6
v 1.8 7 -0.6
v -1.7 7 -0.7
v -1.6 7 -0.7
v 1.6 7 -0.7
v 1.7 7 -0.7
v -1.7 7 -0.8
v -1.6 7 -0.8
v 1.6 7 -0.8
v 1.7 7 -0.8
v -1.6 7 -0.9
v -1.5 7 -0.9
v 1.5 7 -0.9
v 1.6 7 -0.9
v -1.6 7 -1
v -1.5 7 -1
v 1.5 7 -1
v 1.6 7 -1
v -1.5 7 -1.1
v -1.4 7 -1.1
v 1.4 7 -1.1
v 1.5 7 -1.1
v -1.5 7 -1.2
v -1.4 7 -1.2
v -1.3 7 -1.2
v 1.3 7 -1.2
v 1.4 7 -1.2
v 1.5 7 -1.2
v -1.4 7 -1.3
v -1.3 7 -1.3
v -1.2 7 -1.3
v 1.2 7 -1.3
v 1.3 7 -1.3
v 1.4 7 -1.3
v -1.3 7 -1.4
v -1.2 7 -1.4
v -1.1 7 -1.4
v 1.1 7 -1.4
v 1.2 7 -1.4
v 1.3 7 -1.4
v -1.2 7 -1.5
v -1.1 7 -1.5
v -1 7 -1.5
v -0.9 7 -1.5
v 0.9 7 -1.5
v 1 7 -1.5
v 1.1 7 -1.5
v 1.2 7 -1.5
v -1 7 -1.6
v -0.9 7 -1.6
v -0.8 7 -1.6
v -0.7 7 -1.6
v 0.7 7 -1.6
v 0.8 7 -1.6
v 0.9 7 -1.6
v 1 7 -1.6
v -0.8 7 -1.7
v -0.7 7 -1.7
v -0.6 7 -1.7
v -0.5 7 -1.7
v 0.5 7 -1.7
v 0.6 7 -1.7
v 0.7 7 -1.7
v 0.8 7 -1.7
v -0.6 7 -1.8
v -0.5 7 -1.8
v -0.0999999 7 -1.8
v 0.0999999 7 -1.8
v 0.5 7 -1.8
v 0.6 7 -1.8
v -0.0999999 7 -1.9
v 0.0999999 7 -1.9
v -2.2 7 -2.8
v -1.9 7 -2.8
v -1.4 7 -2.8
v -0.6 7 -2.8
v 0.5 7 -2.8
v 1.2 7 -2.8
v 1.6 7 -2.8
v 1.9 7 -2.8
v -2.2 7 -2.9
v -1.9 7 -2.9
v -1.7 7 -2.9
v -1.4 7 -2.9
v -1 7 -2.9
v -0.6 7 -2.9
v 0.5 7 -2.9
v 0.9 7 -2.9
v 1.2 7 -2.9
v 1.4 7 -2.9
v 1.6 7 -2.9
v 1.9 7 -2.9
v -1.9 7 -3
v -1.7 7 -3
v -1.5 7 -3
v -1 7 -3
v -0.7 7 -3
v 0.5 7 -3
v 0.9 7 -3
v 1.2 7 -3
v 1.4 7 -3
v 1.6 7 -3
v -0.5 7.1 1.8
v -0.2 7.1 1.8
v 0.2 7.1 1.8
v 0.4 7.1 1.8
v 0.5 7.1 1.8
v -0.7 7.1 1.7
v -0.6 7.1 1.7
v -0.5 7.1 1.7
v -0.2 7.1 1.7
v 0.2 7.1 1.7
v 0.4 7.1 1.7
v 0.5 7.1 1.7
v 0.6 7.1 1.7
v 0.7 7.1 1.7
v -0.9 7.1 1.6
v -0.8 7.1 1.6
v -0.7 7.1 1.6
v -0.6 7.1 1.6
v 0.6 7.1 1.6
v 0.7 7.1 1.6
v 0.8 7.1 1.6
v 0.9 7.1 1.6
v -1.1 7.1 1.5
v -1 7.1 1.5
v -0.9 7.1 1.5
v -0.8 7.1 1.5
v 0.8 7.1 1.5
v 0.9 7.1 1.5
v 1 7.1 1.5
v 1.1 7.1 1.5
v -1.2 7.1 1.4
v -1.1 7.1 1.4
v -1 7.1 1.4
v 1 7.1 1.4
v 1.1 7.1 1.4
v 1.2 7.1 1.4
v -1.3 7.1 1.3
v -1.2 7.1 1.3
v -1.1 7.1 1.3
v 1.1 7.1 1.3
v 1.2 7.1 1.3
v 1.3 7.1 1.3
v -1.4 7.1 1.2
v -1.3 7.1 1.2
v -1.2 7.1 1.2
v 1.2 7.1 1.2
v 1.3 7.1 1.2
v 1.4 7.1 1.2
v -1.5 7.1 1.1
v -1.4 7.1 1.1
v -1.3 7.1 1.1
v 1.3 7.1 1.1
v 1.4 7.1 1.1
v 1.5 7.1 1.1
v -1.5 7.1 1
v -1.4 7.1 1
v 1.4 7.1 1
v 1.5 7.1 1
v -1.6 7.1 0.9
v -1.5 7.1 0.9
v 1.5 7.1 0.9
v 1.6 7.1 0.9
v -1.6 7.1 0.8
v -1.5 7.1 0.8
v 1.5 7.1 0.8
v 1.6 7.1 0.8
v -1.7 7.1 0.7
v -1.6 7.1 0.7
v 1.6 7.1 0.7
v 1.7 7.1 0.7
v -1.7 7.1 0.6
v -1.6 7.1 0.6
v 1.6 7.1 0.6
v 1.7 7.1 0.6
v -1.8 7.1 0.5
v -1.7 7.1 0.5
v 1.7 7.1 0.5
v 1.8 7.1 0.5
v 1.7 7.1 0.4
v 1.8 7.1 0.4
v -1.8 7.1 0.2
v -1.7 7.1 0.2
v 1.7 7.1 0.2
v 1.8 7.1 0.2
v -1.8 7.1 -0.2
v -1.7 7.1 -0.2
v 1.7 7.1 -0.2
v 1.8 7.1 -0.2
v 1.7 7.1 -0.4
v -1.8 7.1 -0.5
v -1.7 7.1 -0.5
v 1.7 7.1 -0.5
v 1.8 7.1 -0.5
v -1.7 7.1 -0.6
v -1.6 7.1 -0.6
v 1.6 7.1 -0.6
v 1.7 7.1 -0.6
v -1.7 7.1 -0.7
v -1.6 7.1 -0.7
v 1.6 7.1 -0.7
v 1.7 7.1 -0.7
v -1.6 7.1 -0.8
v -1.5 7.1 -0.8
v 1.5 7.1 -0.8
v 1.6 7.1 -0.8
v -1.6 7.1 -0.9
v -1.5 7.1 -0.9
v 1.5 7.1 -0.9
v 1.6 7.1 -0.9
v -1.5 7.1 -1
v -1.4 7.1 -1
v 1.4 7.1 -1
v 1.5 7.1 -1
v -1.5 7.1 -1.1
v -1.4 7.1 -1.1
v -1.3 7.1 -1.1
v 1.3 7.1 -1.1
v 1.4 7.1 -1.1
v 1.5 7.1 -1.1
v -1.4 7.1 -1.2
v -1.3 7.1 -1.2
v -1.2 7.1 -1.2
v 1.2 7.1 -1.2
v 1.3 7.1 -1.2
v 1.4 7.1 -1.2
v -1.3 7.1 -1.3
v -1.2 7.1 -1.3
v -1.1 7.1 -1.3
v 1.1 7.1 -1.3
v 1.2 7.1 -1.3
v 1.3 7.1 -1.3
v -1.2 7.1 -1.4
v -1.1 7.1 -1.4
v -1 7.1 -1.4
v 1 7.1 -1.4
v 1.1 7.1 -1.4
v 1.2 7.1 -1.4
v -1.1 7.1 -1.5
v -1 7.1 -1.5
v -0.9 7.1 -1.5
v -0.8 7.1 -1.5
v 0.8 7.1 -1.5
v 0.9 7.1 -1.5
v 1 7.1 -1.5
v 1.1 7.1 -1.5
v -0.9 7.1 -1.6
v -0.8 7.1 -1.6
v -0.7 7.1 -1.6
v -0.6 7.1 -1.6
v 0.6 7.1 -1.6
v 0.7 7.1 -1.6
v 0.8 7.1 -1.6
v 0.9 7.1 -1.6
v -0.7 7.1 -1.7
v -0.6 7.1 -1.7
v -0.5 7.1 -1.7
v -0.2 7.1 -1.7
v 0.2 7.1 -1.7
v 0.5 7.1 -1.7
v 0.6 7.1 -1.7
v 0.7 7.1 -1.7
v -0.5 7.1 -1.8
v -0.2 7.1 -1.8
v 0.2 7.1 -1.8
v 0.5 7.1 -1.8
v -1.7 7.1 -3
v -1.5 7.1 -3
v -0.7 7.1 -3
v 0.5 7.1 -3
v 1.2 7.1 -3
v 1.4 7.1 -3
v -1.7 7.1 -3.1
v -1.5 7.1 -3.1
v -1.3 7.1 -3.1
v -0.7 7.1 -3.1
v 0.5 7.1 -3.1
v 1 7.1 -3.1
v 1.2 7.1 -3.1
v 1.4 7.1 -3.1
v -1.5 7.1 -3.3
v -1.3 7.1 -3.3
v -0.8 7.1 -3.3
v 0.5 7.1 -3.3
v 1 7.1 -3.3
v 1.2 7.1 -3.3
v -1.3 7.1 -3.4
v -0.8 7.1 -3.4
v 0.5 7.1 -3.4
v 1 7.1 -3.4
v -0.8 7.1 -3.5
v 0.5 7.1 -3.5
v -0.2 7.2 1.8
v 0.2 7.2 1.8
v -0.6 7.2 1.7
v -0.4 7.2 1.7
v -0.2 7.2 1.7
v 0.2 7.2 1.7
v 0.4 7.2 1.7
v 0.6 7.2 1.7
v -0.8 7.2 1.6
v -0.7 7.2 1.6
v -0.6 7.2 1.6
v -0.4 7.2 1.6
v 0.4 7.2 1.6
v 0.6 7.2 1.6
v 0.7 7.2 1.6
v 0.8 7.2 1.6
v -1 7.2 1.5
v -0.9 7.2 1.5
v -0.8 7.2 1.5
v -0.7 7.2 1.5
v 0.7 7.2 1.5
v 0.8 7.2 1.5
v 0.9 7.2 1.5
v 1 7.2 1.5
v -1.1 7.2 1.4
v -1 7.2 1.4
v -0.9 7.2 1.4
v 0.9 7.2 1.4
v 1 7.2 1.4
v 1.1 7.2 1.4
v -1.1 7.2 1.3
v -1 7.2 1.3
v 1 7.2 1.3
v 1.1 7.2 1.3
v -1.4 7.2 1.1
v -1.3 7.2 1.1
v 1.3 7.2 1.1
v 1.4 7.2 1.1
v -1.5 7.2 1
v -1.4 7.2 1
v -1.3 7.2 1
v 1.3 7.2 1
v 1.4 7.2 1
v 1.5 7.2 1
v -1.5 7.2 0.9
v -1.4 7.2 0.9
v 1.4 7.2 0.9
v 1.5 7.2 0.9
v -1.6 7.2 0.8
v -1.5 7.2 0.8
v 1.5 7.2 0.8
v 1.6 7.2 0.8
v -1.6 7.2 0.7
v -1.5 7.2 0.7
v 1.5 7.2 0.7
v 1.6 7.2 0.7
v -1.7 7.2 0.6
v -1.6 7.2 0.6
v 1.6 7.2 0.6
v 1.7 7.2 0.6
v -1.7 7.2 0.4
v -1.6 7.2 0.4
v 1.6 7.2 0.4
v 1.7 7.2 0.4
v -1.8 7.2 0.2
v -1.7 7.2 0.2
v 1.7 7.2 0.2
v 1.8 7.2 0.2
v 1.7 7.2 0.0999999
v -1.8 7.2 -0.2
v -1.7 7.2 -0.2
v 1.7 7.2 -0.2
v 1.8 7.2 -0.2
v -1.7 7.2 -0.4
v -1.6 7.2 -0.4
v 1.6 7.2 -0.4
v 1.7 7.2 -0.4
v -1.7 7.2 -0.6
v -1.6 7.2 -0.6
v 1.6 7.2 -0.6
v 1.7 7.2 -0.6
v -1.6 7.2 -0.7
v -1.5 7.2 -0.7
v 1.5 7.2 -0.7
v 1.6 7.2 -0.7
v -1.6 7.2 -0.8
v -1.5 7.2 -0.8
v 1.5 7.2 -0.8
v 1.6 7.2 -0.8
v -1.5 7.2 -0.9
v -1.4 7.2 -0.9
v 1.4 7.2 -0.9
v 1.5 7.2 -0.9
v -1.5 7.2 -1
v -1.4 7.2 -1
v -1.3 7.2 -1
v 1.3 7.2 -1
v 1.4 7.2 -1
v 1.5 7.2 -1
v -1.4 7.2 -1.1
v -1.3 7.2 -1.1
v 1.3 7.2 -1.1
v 1.4 7.2 -1.1
v -1.1 7.2 -1.3
v -1 7.2 -1.3
v 1 7.2 -1.3
v 1.1 7.2 -1.3
v -1.1 7.2 -1.4
v -1 7.2 -1.4
v -0.9 7.2 -1.4
v 0.9 7.2 -1.4
v 1 7.2 -1.4
v 1.1 7.2 -1.4
v -1 7.2 -1.5
v -0.9 7.2 -1.5
v -0.8 7.2 -1.5
v -0.7 7.2 -1.5
v 0.7 7.2 -1.5
v 0.8 7.2 -1.5
v 0.9 7.2 -1.5
v 1 7.2 -1.5
v -0.8 7.2 -1.6
v -0.7 7.2 -1.6
v -0.6 7.2 -1.6
v -0.4 7.2 -1.6
v 0.4 7.2 -1.6
v 0.6 7.2 -1.6
v 0.7 7.2 -1.6
v 0.8 7.2 -1.6
v -0.6 7.2 -1.7
v -0.4 7.2 -1.7
v -0.2 7.2 -1.7
v 0.2 7.2 -1.7
v 0.4 7.2 -1.7
v 0.6 7.2 -1.7
v -0.2 7.2 -1.8
v 0.2 7.2 -1.8
v -0.4 7.3 1.7
v 0.2 7.3 1.7
v 0.4 7.3 1.7
v -0.7 7.3 1.6
v -0.5 7.3 1.6
v -0.4 7.3 1.6
v 0.2 7.3 1.6
v 0.4 7.3 1.6
v 0.5 7.3 1.6
v 0.7 7.3 1.6
v -0.9 7.3 1.5
v -0.8 7.3 1.5
v -0.7 7.3 1.5
v -0.6 7.3 1.5
v -0.5 7.3 1.5
v 0.5 7.3 1.5
v 0.7 7.3 1.5
v 0.8 7.3 1.5
v 0.9 7.3 1.5
v -1 7.3 1.4
v -0.9 7.3 1.4
v -0.8 7.3 1.4
v 0.8 7.3 1.4
v 0.9 7.3 1.4
v 1 7.3 1.4
v -1.2 7.3 1.3
v -1.1 7.3 1.3
v -1 7.3 1.3
v -0.9 7.3 1.3
v 0.9 7.3 1.3
v 1 7.3 1.3
v 1.1 7.3 1.3
v 1.2 7.3 1.3
v -1.3 7.3 1.2
v -1.2 7.3 1.2
v -1.1 7.3 1.2
v 1.1 7.3 1.2
v 1.2 7.3 1.2
v 1.3 7.3 1.2
v -1.3 7.3 1.1
v -1.2 7.3 1.1
v 1.2 7.3 1.1
v 1.3 7.3 1.1
v -1.4 7.3 1
v -1.3 7.3 1
v 1.3 7.3 1
v 1.4 7.3 1
v -1.5 7.3 0.9
v -1.4 7.3 0.9
v -1.3 7.3 0.9
v 1.3 7.3 0.9
v 1.4 7.3 0.9
v 1.5 7.3 0.9
v -1.5 7.3 0.8
v -1.4 7.3 0.8
v 1.4 7.3 0.8
v 1.5 7.3 0.8
v -1.6 7.3 0.7
v -1.5 7.3 0.7
v 1.5 7.3 0.7
v 1.6 7.3 0.7
v -1.6 7.3 0.5
v -1.5 7.3 0.5
v 1.5 7.3 0.5
v 1.6 7.3 0.5
v -1.7 7.3 0.4
v -1.6 7.3 0.4
v 1.6 7.3 0.4
v 1.7 7.3 0.4
v 1.6 7.3 0.0999999
v 1.7 7.3 0.0999999
v 1.6 7.3 -0.3
v 1.7 7.3 -0.3
v -1.7 7.3 -0.4
v -1.6 7.3 -0.4
v 1.6 7.3 -0.4
v 1.7 7.3 -0.4
v -1.6 7.3 -0.5
v -1.5 7.3 -0.5
v 1.5 7.3 -0.5
v 1.6 7.3 -0.5
v -1.6 7.3 -0.7
v -1.5 7.3 -0.7
v 1.5 7.3 -0.7
v 1.6 7.3 -0.7
v -1.5 7.3 -0.8
v -1.4 7.3 -0.8
v 1.4 7.3 -0.8
v 1.5 7.3 -0.8
v -1.5 7.3 -0.9
v -1.4 7.3 -0.9
v -1.3 7.3 -0.9
v 1.3 7.3 -0.9
v 1.4 7.3 -0.9
v 1.5 7.3 -0.9
v -1.4 7.3 -1
v -1.3 7.3 -1
v 1.3 7.3 -1
v 1.4 7.3 -1
v -1.3 7.3 -1.1
v -1.2 7.3 -1.1
v 1.2 7.3 -1.1
v 1.3 7.3 -1.1
v -1.3 7.3 -1.2
v -1.2 7.3 -1.2
v -1.1 7.3 -1.2
v 1.1 7.3 -1.2
v 1.2 7.3 -1.2
v 1.3 7.3 -1.2
v -1.2 7.3 -1.3
v -1.1 7.3 -1.3
v -1 7.3 -1.3
v -0.9 7.3 -1.3
v 0.9 7.3 -1.3
v 1 7.3 -1.3
v 1.1 7.3 -1.3
v 1.2 7.3 -1.3
v -1 7.3 -1.4
v -0.9 7.3 -1.4
v -0.8 7.3 -1.4
v 0.8 7.3 -1.4
v 0.9 7.3 -1.4
v 1 7.3 -1.4
v -0.9 7.3 -1.5
v -0.8 7.3 -1.5
v -0.7 7.3 -1.5
v -0.5 7.3 -1.5
v 0.5 7.3 -1.5
v 0.7 7.3 -1.5
v 0.8 7.3 -1.5
v 0.9 7.3 -1.5
v -0.7 7.3 -1.6
v -0.5 7.3 -1.6
v -0.4 7.3 -1.6
v 0.3 7.3 -1.6
v 0.4 7.3 -1.6
v 0.5 7.3 -1.6
v 0.7 7.3 -1.6
v -0.4 7.3 -1.7
v 0.3 7.3 -1.7
v 0.4 7.3 -1.7
v -0.5 7.4 1.6
v -0.2 7.4 1.6
v 0.2 7.4 1.6
v 0.5 7.4 1.6
v -0.8 7.4 1.5
v -0.6 7.4 1.5
v -0.5 7.4 1.5
v -0.2 7.4 1.5
v 0.2 7.4 1.5
v 0.4 7.4 1.5
v 0.5 7.4 1.5
v 0.6 7.4 1.5
v 0.8 7.4 1.5
v -0.9 7.4 1.4
v -0.8 7.4 1.4
v -0.6 7.4 1.4
v 0.6 7.4 1.4
v 0.8 7.4 1.4
v 0.9 7.4 1.4
v -1.1 7.4 1.3
v -0.9 7.4 1.3
v -0.8 7.4 1.3
v 0.8 7.4 1.3
v 0.9 7.4 1.3
v 1.1 7.4 1.3
v -1.2 7.4 1.2
v -1.1 7.4 1.2
v -1 7.4 1.2
v -0.9 7.4 1.2
v 0.9 7.4 1.2
v 1.1 7.4 1.2
v 1.2 7.4 1.2
v -1.3 7.4 1.1
v -1.2 7.4 1.1
v -1.1 7.4 1.1
v 1.1 7.4 1.1
v 1.2 7.4 1.1
v 1.3 7.4 1.1
v -1.4 7.4 0.9
v -1.3 7.4 0.9
v -1.2 7.4 0.9
v 1.2 7.4 0.9
v 1.3 7.4 0.9
v 1.4 7.4 0.9
v -1.5 7.4 0.8
v -1.4 7.4 0.8
v -1.3 7.4 0.8
v 1.3 7.4 0.8
v 1.4 7.4 0.8
v 1.5 7.4 0.8
v -1.5 7.4 0.6
v -1.4 7.4 0.6
v 1.4 7.4 0.6
v 1.5 7.4 0.6
v -1.6 7.4 0.5
v -1.5 7.4 0.5
v 1.5 7.4 0.5
v 1.6 7.4 0.5
v -1.6 7.4 0.2
v -1.5 7.4 0.2
v 1.5 7.4 0.2
v 1.6 7.4 0.2
v -1.6 7.4 -0.2
v -1.5 7.4 -0.2
v 1.5 7.4 -0.2
v 1.6 7.4 -0.2
v -1.6 7.4 -0.5
v -1.5 7.4 -0.5
v 1.5 7.4 -0.5
v 1.6 7.4 -0.5
v -1.5 7.4 -0.6
v -1.4 7.4 -0.6
v 1.4 7.4 -0.6
v 1.5 7.4 -0.6
v -1.4 7.4 -0.7
v -1.5 7.4 -0.8
v -1.4 7.4 -0.8
v -1.3 7.4 -0.8
v 1.3 7.4 -0.8
v 1.4 7.4 -0.8
v 1.5 7.4 -0.8
v -1.4 7.4 -0.9
v -1.3 7.4 -0.9
v -1.2 7.4 -0.9
v 1.2 7.4 -0.9
v 1.3 7.4 -0.9
v 1.4 7.4 -0.9
v -1.3 7.4 -1.1
v -1.2 7.4 -1.1
v -1.1 7.4 -1.1
v 1.1 7.4 -1.1
v 1.2 7.4 -1.1
v 1.3 7.4 -1.1
v -1.2 7.4 -1.2
v -1.1 7.4 -1.2
v -0.9 7.4 -1.2
v 0.9 7.4 -1.2
v 1.1 7.4 -1.2
v 1.2 7.4 -1.2
v -1.1 7.4 -1.3
v -0.9 7.4 -1.3
v -0.8 7.4 -1.3
v 0.8 7.4 -1.3
v 0.9 7.4 -1.3
v 1.1 7.4 -1.3
v -0.9 7.4 -1.4
v -0.8 7.4 -1.4
v -0.6 7.4 -1.4
v 0.6 7.4 -1.4
v 0.8 7.4 -1.4
v 0.9 7.4 -1.4
v -0.8 7.4 -1.5
v -0.6 7.4 -1.5
v -0.5 7.4 -1.5
v -0.2 7.4 -1.5
v 0.2 7.4 -1.5
v 0.3 7.4 -1.5
v 0.5 7.4 -1.5
v 0.6 7.4 -1.5
v 0.8 7.4 -1.5
v -0.5 7.4 -1.6
v -0.2 7.4 -1.6
v 0.2 7.4 -1.6
v 0.3 7.4 -1.6
v 0.5 7.4 -1.6
v -0.2 7.5 1.6
v -0.0999999 7.5 1.6
v 0.2 7.5 1.6
v -0.6 7.5 1.5
v -0.3 7.5 1.5
v -0.2 7.5 1.5
v -0.0999999 7.5 1.5
v 0.0999999 7.5 1.5
v 0.2 7.5 1.5
v 0.3 7.5 1.5
v 0.4 7.5 1.5
v 0.6 7.5 1.5
v -0.8 7.5 1.4
v -0.6 7.5 1.4
v -0.3 7.5 1.4
v 0.3 7.5 1.4
v 0.4 7.5 1.4
v 0.6 7.5 1.4
v 0.8 7.5 1.4
v -0.9 7.5 1.3
v -0.8 7.5 1.3
v -0.6 7.5 1.3
v 0.6 7.5 1.3
v 0.8 7.5 1.3
v 0.9 7.5 1.3
v -1.1 7.5 1.2
v -1 7.5 1.2
v -0.9 7.5 1.2
v -0.8 7.5 1.2
v 0.8 7.5 1.2
v 0.9 7.5 1.2
v 1.1 7.5 1.2
v -1.2 7.5 1.1
v -1.1 7.5 1.1
v -1 7.5 1.1
v -0.9 7.5 1.1
v 0.9 7.5 1.1
v 1 7.5 1.1
v 1.1 7.5 1.1
v 1.2 7.5 1.1
v -1.1 7.5 1
v -1 7.5 1
v 1 7.5 1
v 1.1 7.5 1
v -1.3 7.5 0.9
v -1.2 7.5 0.9
v -1.1 7.5 0.9
v 1.1 7.5 0.9
v 1.2 7.5 0.9
v 1.3 7.5 0.9
v -1.4 7.5 0.8
v -1.3 7.5 0.8
v -1.2 7.5 0.8
v 1.2 7.5 0.8
v 1.3 7.5 0.8
v 1.4 7.5 0.8
v -1.5 7.5 0.6
v -1.4 7.5 0.6
v -1.3 7.5 0.6
v 1.3 7.5 0.6
v 1.4 7.5 0.6
v 1.5 7.5 0.6
v -1.5 7.5 0.3
v -1.4 7.5 0.3
v 1.4 7.5 0.3
v 1.5 7.5 0.3
v -1.6 7.5 0.2
v -1.5 7.5 0.2
v 1.5 7.5 0.2
v 1.6 7.5 0.2
v -1.6 7.5 -0.2
v -1.5 7.5 -0.2
v 1.5 7.5 -0.2
v 1.6 7.5 -0.2
v -1.5 7.5 -0.3
v -1.4 7.5 -0.3
v 1.4 7.5 -0.3
v 1.5 7.5 -0.3
v -1.5 7.5 -0.6
v -1.4 7.5 -0.6
v -1.3 7.5 -0.6
v 1.3 7.5 -0.6
v 1.4 7.5 -0.6
v 1.5 7.5 -0.6
v -1.4 7.5 -0.7
v -1.3 7.5 -0.7
v -1.4 7.5 -0.8
v -1.3 7.5 -0.8
v -1.2 7.5 -0.8
v 1.2 7.5 -0.8
v 1.3 7.5 -0.8
v 1.4 7.5 -0.8
v -1.3 7.5 -0.9
v -1.2 7.5 -0.9
v -1.1 7.5 -0.9
v 1.1 7.5 -0.9
v 1.2 7.5 -0.9
v 1.3 7.5 -0.9
v -1.1 7.5 -1
v -1 7.5 -1
v 1 7.5 -1
v 1.1 7.5 -1
v -1.2 7.5 -1.1
v -1.1 7.5 -1.1
v -1 7.5 -1.1
v -0.9 7.5 -1.1
v 0.9 7.5 -1.1
v 1 7.5 -1.1
v 1.1 7.5 -1.1
v 1.2 7.5 -1.1
v -1.1 7.5 -1.2
v -0.9 7.5 -1.2
v -0.8 7.5 -1.2
v 0.8 7.5 -1.2
v 0.9 7.5 -1.2
v 1.1 7.5 -1.2
v -0.9 7.5 -1.3
v -0.8 7.5 -1.3
v -0.6 7.5 -1.3
v 0.6 7.5 -1.3
v 0.8 7.5 -1.3
v 0.9 7.5 -1.3
v -0.8 7.5 -1.4
v -0.6 7.5 -1.4
v -0.3 7.5 -1.4
v 0.3 7.5 -1.4
v 0.5 7.5 -1.4
v 0.6 7.5 -1.4
v 0.8 7.5 -1.4
v -0.6 7.5 -1.5
v -0.3 7.5 -1.5
v -0.2 7.5 -1.5
v 0.2 7.5 -1.5
v 0.3 7.5 -1.5
v 0.5 7.5 -1.5
v 0.6 7.5 -1.5
v -0.2 7.5 -1.6
v 0.2 7.5 -1.6
v -0.3 7.6 1.5
v 0.0999999 7.6 1.5
v 0.3 7.6 1.5
v -0.6 7.6 1.4
v -0.3 7.6 1.4
v 0 7.6 1.4
v 0.0999999 7.6 1.4
v 0.3 7.6 1.4
v 0.6 7.6 1.4
v -0.8 7.6 1.3
v -0.6 7.6 1.3
v -0.3 7.6 1.3
v 0.3 7.6 1.3
v 0.6 7.6 1.3
v 0.8 7.6 1.3
v -0.9 7.6 1.2
v -0.8 7.6 1.2
v -0.6 7.6 1.2
v 0.6 7.6 1.2
v 0.8 7.6 1.2
v 0.9 7.6 1.2
v -1 7.6 1.1
v -0.9 7.6 1.1
v -0.8 7.6 1.1
v 0.8 7.6 1.1
v 0.9 7.6 1.1
v 1 7.6 1.1
v -1.1 7.6 1
v -1 7.6 1
v -0.9 7.6 1
v 0.9 7.6 1
v 1 7.6 1
v 1.1 7.6 1
v -1.2 7.6 0.9
v -1.1 7.6 0.9
v -1 7.6 0.9
v 1 7.6 0.9
v 1.1 7.6 0.9
v 1.2 7.6 0.9
v -1.3 7.6 0.8
v -1.2 7.6 0.8
v -1.1 7.6 0.8
v 1.1 7.6 0.8
v 1.2 7.6 0.8
v 1.3 7.6 0.8
v -1.4 7.6 0.6
v -1.3 7.6 0.6
v -1.2 7.6 0.6
v 1.2 7.6 0.6
v 1.3 7.6 0.6
v 1.4 7.6 0.6
v -1.5 7.6 0.3
v -1.4 7.6 0.3
v -1.3 7.6 0.3
v 1.3 7.6 0.3
v 1.4 7.6 0.3
v 1.5 7.6 0.3
v -1.5 7.6 -0.3
v -1.4 7.6 -0.3
v -1.3 7.6 -0.3
v 1.3 7.6 -0.3
v 1.4 7.6 -0.3
v 1.5 7.6 -0.3
v -1.4 7.6 -0.6
v -1.3 7.6 -0.6
v -1.2 7.6 -0.6
v 1.2 7.6 -0.6
v 1.3 7.6 -0.6
v 1.4 7.6 -0.6
v -1.3 7.6 -0.7
v -1.2 7.6 -0.7
v -1.3 7.6 -0.8
v -1.2 7.6 -0.8
v -1.1 7.6 -0.8
v 1.1 7.6 -0.8
v 1.2 7.6 -0.8
v 1.3 7.6 -0.8
v -1.2 7.6 -0.9
v -1.1 7.6 -0.9
v -1 7.6 -0.9
v 1 7.6 -0.9
v 1.1 7.6 -0.9
v 1.2 7.6 -0.9
v -1.1 7.6 -1
v -1 7.6 -1
v -0.9 7.6 -1
v 0.9 7.6 -1
v 1 7.6 -1
v 1.1 7.6 -1
v -1 7.6 -1.1
v -0.9 7.6 -1.1
v -0.8 7.6 -1.1
v 0.8 7.6 -1.1
v 0.9 7.6 -1.1
v 1 7.6 -1.1
v -0.9 7.6 -1.2
v -0.8 7.6 -1.2
v -0.6 7.6 -1.2
v 0.6 7.6 -1.2
v 0.8 7.6 -1.2
v 0.9 7.6 -1.2
v -0.8 7.6 -1.3
v -0.6 7.6 -1.3
v -0.3 7.6 -1.3
v 0.3 7.6 -1.3
v 0.6 7.6 -1.3
v 0.8 7.6 -1.3
v -0.6 7.6 -1.4
v -0.3 7.6 -1.4
v 0.3 7.6 -1.4
v 0.6 7.6 -1.4
v -0.3 7.6 -1.5
v 0.3 7.6 -1.5
v -0.3 7.7 1.4
v 0 7.7 1.4
v 0.3 7.7 1.4
v -0.6 7.7 1.3
v -0.3 7.7 1.3
v -0.2 7.7 1.3
v 0 7.7 1.3
v 0.2 7.7 1.3
v 0.3 7.7 1.3
v 0.6 7.7 1.3
v -0.8 7.7 1.2
v -0.6 7.7 1.2
v -0.5 7.7 1.2
v -0.2 7.7 1.2
v 0.2 7.7 1.2
v 0.5 7.7 1.2
v 0.6 7.7 1.2
v 0.8 7.7 1.2
v -0.9 7.7 1.1
v -0.8 7.7 1.1
v -0.7 7.7 1.1
v -0.5 7.7 1.1
v 0.5 7.7 1.1
v 0.7 7.7 1.1
v 0.8 7.7 1.1
v 0.9 7.7 1.1
v -1 7.7 1
v -0.9 7.7 1
v -0.8 7.7 1
v -0.7 7.7 1
v 0.7 7.7 1
v 0.8 7.7 1
v 0.9 7.7 1
v 1 7.7 1
v -1.1 7.7 0.9
v -1 7.7 0.9
v -0.9 7.7 0.9
v -0.8 7.7 0.9
v 0.8 7.7 0.9
v 0.9 7.7 0.9
v 1 7.7 0.9
v 1.1 7.7 0.9
v -1.2 7.7 0.8
v -1.1 7.7 0.8
v -1 7.7 0.8
v -0.9 7.7 0.8
v 0.9 7.7 0.8
v 1 7.7 0.8
v 1.1 7.7 0.8
v 1.2 7.7 0.8
v -1.1 7.7 0.7
v -1 7.7 0.7
v 1 7.7 0.7
v 1.1 7.7 0.7
v -1.3 7.7 0.6
v -1.2 7.7 0.6
v 1.2 7.7 0.6
v 1.3 7.7 0.6
v -1.2 7.7 0.5
v -1.1 7.7 0.5
v 1.1 7.7 0.5
v 1.2 7.7 0.5
v -1.4 7.7 0.3
v -1.3 7.7 0.3
v 1.3 7.7 0.3
v 1.4 7.7 0.3
v -1.3 7.7 0.2
v -1.2 7.7 0.2
v 1.2 7.7 0.2
v 1.3 7.7 0.2
v -1.3 7.7 -0.2
v -1.2 7.7 -0.2
v 1.2 7.7 -0.2
v 1.3 7.7 -0.2
v -1.4 7.7 -0.3
v -1.3 7.7 -0.3
v 1.3 7.7 -0.3
v 1.4 7.7 -0.3
v -1.2 7.7 -0.5
v -1.1 7.7 -0.5
v 1.1 7.7 -0.5
v 1.2 7.7 -0.5
v -1.3 7.7 -0.6
v -1.2 7.7 -0.6
v 1.2 7.7 -0.6
v 1.3 7.7 -0.6
v -1.2 7.7 -0.7
v -1.1 7.7 -0.7
v -1 7.7 -0.7
v 1 7.7 -0.7
v 1.1 7.7 -0.7
v -1.2 7.7 -0.8
v -1.1 7.7 -0.8
v -1 7.7 -0.8
v -0.9 7.7 -0.8
v 0.9 7.7 -0.8
v 1 7.7 -0.8
v 1.1 7.7 -0.8
v 1.2 7.7 -0.8
v -1.1 7.7 -0.9
v -1 7.7 -0.9
v -0.9 7.7 -0.9
v -0.8 7.7 -0.9
v 0.8 7.7 -0.9
v 0.9 7.7 -0.9
v 1 7.7 -0.9
v 1.1 7.7 -0.9
v -1 7.7 -1
v -0.9 7.7 -1
v -0.8 7.7 -1
v -0.7 7.7 -1
v 0.7 7.7 -1
v 0.8 7.7 -1
v 0.9 7.7 -1
v 1 7.7 -1
v -0.9 7.7 -1.1
v -0.8 7.7 -1.1
v -0.7 7.7 -1.1
v -0.6 7.7 -1.1
v -0.5 7.7 -1.1
v 0.5 7.7 -1.1
v 0.7 7.7 -1.1
v 0.8 7.7 -1.1
v 0.9 7.7 -1.1
v -0.8 7.7 -1.2
v -0.6 7.7 -1.2
v -0.5 7.7 -1.2
v -0.2 7.7 -1.2
v 0.2 7.7 -1.2
v 0.5 7.7 -1.2
v 0.6 7.7 -1.2
v 0.8 7.7 -1.2
v -0.6 7.7 -1.3
v -0.3 7.7 -1.3
v -0.2 7.7 -1.3
v 0.2 7.7 -1.3
v 0.3 7.7 -1.3
v 0.6 7.7 -1.3
v -0.3 7.7 -1.4
v 0.3 7.7 -1.4
v -0.2 7.8 1.3
v 0.2 7.8 1.3
v -0.5 7.8 1.2
v -0.2 7.8 1.2
v 0.2 7.8 1.2
v 0.5 7.8 1.2
v -0.7 7.8 1.1
v -0.5 7.8 1.1
v -0.4 7.8 1.1
v 0.4 7.8 1.1
v 0.5 7.8 1.1
v 0.7 7.8 1.1
v -0.8 7.8 1
v -0.7 7.8 1
v -0.6 7.8 1
v -0.4 7.8 1
v 0.4 7.8 1
v 0.6 7.8 1
v 0.7 7.8 1
v 0.8 7.8 1
v -0.9 7.8 0.9
v -0.8 7.8 0.9
v -0.7 7.8 0.9
v -0.6 7.8 0.9
v 0.6 7.8 0.9
v 0.7 7.8 0.9
v 0.8 7.8 0.9
v 0.9 7.8 0.9
v -1 7.8 0.8
v -0.9 7.8 0.8
v -0.8 7.8 0.8
v -0.7 7.8 0.8
v 0.7 7.8 0.8
v 0.8 7.8 0.8
v 0.9 7.8 0.8
v 1 7.8 0.8
v -1.1 7.8 0.7
v -1 7.8 0.7
v -0.9 7.8 0.7
v -0.8 7.8 0.7
v 0.8 7.8 0.7
v 0.9 7.8 0.7
v 1 7.8 0.7
v 1.1 7.8 0.7
v -1 7.8 0.6
v -0.9 7.8 0.6
v 0.9 7.8 0.6
v 1 7.8 0.6
v -1.2 7.8 0.5
v -1.1 7.8 0.5
v 1.1 7.8 0.5
v 1.2 7.8 0.5
v -1.1 7.8 0.4
v -1 7.8 0.4
v 1 7.8 0.4
v 1.1 7.8 0.4
v -1.3 7.8 0.2
v -1.2 7.8 0.2
v 1.2 7.8 0.2
v 1.3 7.8 0.2
v -1.3 7.8 -0.2
v -1.2 7.8 -0.2
v 1.2 7.8 -0.2
v 1.3 7.8 -0.2
v -1.1 7.8 -0.4
v -1 7.8 -0.4
v 1 7.8 -0.4
v 1.1 7.8 -0.4
v -1.2 7.8 -0.5
v -1.1 7.8 -0.5
v 1.1 7.8 -0.5
v 1.2 7.8 -0.5
v -1 7.8 -0.6
v -0.9 7.8 -0.6
v 0.9 7.8 -0.6
v 1 7.8 -0.6
v -1.1 7.8 -0.7
v -1 7.8 -0.7
v -0.9 7.8 -0.7
v -0.8 7.8 -0.7
v 0.8 7.8 -0.7
v 0.9 7.8 -0.7
v 1 7.8 -0.7
v 1.1 7.8 -0.7
v -1 7.8 -0.8
v -0.9 7.8 -0.8
v -0.8 7.8 -0.8
v -0.7 7.8 -0.8
v 0.7 7.8 -0.8
v 0.8 7.8 -0.8
v 0.9 7.8 -0.8
v 1 7.8 -0.8
v -0.9 7.8 -0.9
v -0.8 7.8 -0.9
v -0.7 7.8 -0.9
v -0.6 7.8 -0.9
v 0.6 7.8 -0.9
v 0.7 7.8 -0.9
v 0.8 7.8 -0.9
v 0.9 7.8 -0.9
v -0.8 7.8 -1
v -0.7 7.8 -1
v -0.6 7.8 -1
v -0.4 7.8 -1
v 0.4 7.8 -1
v 0.6 7.8 -1
v 0.7 7.8 -1
v 0.8 7.8 -1
v -0.7 7.8 -1.1
v -0.6 7.8 -1.1
v -0.5 7.8 -1.1
v -0.4 7.8 -1.1
v 0.4 7.8 -1.1
v 0.5 7.8 -1.1
v 0.7 7.8 -1.1
v -0.5 7.8 -1.2
v -0.2 7.8 -1.2
v 0.2 7.8 -1.2
v 0.5 7.8 -1.2
v -0.2 7.8 -1.3
v 0.2 7.8 -1.3
v -0.4 7.9 1.1
v 0.4 7.9 1.1
v -0.6 7.9 1
v -0.4 7.9 1
v -0.2 7.9 1
v 0.2 7.9 1
v 0.4 7.9 1
v 0.6 7.9 1
v -0.7 7.9 0.9
v -0.6 7.9 0.9
v -0.5 7.9 0.9
v -0.2 7.9 0.9
v 0.2 7.9 0.9
v 0.5 7.9 0.9
v 0.6 7.9 0.9
v 0.7 7.9 0.9
v -0.8 7.9 0.8
v -0.7 7.9 0.8
v -0.6 7.9 0.8
v -0.5 7.9 0.8
v 0.5 7.9 0.8
v 0.6 7.9 0.8
v 0.7 7.9 0.8
v 0.8 7.9 0.8
v -0.9 7.9 0.7
v -0.8 7.9 0.7
v -0.7 7.9 0.7
v -0.6 7.9 0.7
v 0.6 7.9 0.7
v 0.7 7.9 0.7
v 0.8 7.9 0.7
v 0.9 7.9 0.7
v -1 7.9 0.6
v -0.9 7.9 0.6
v -0.8 7.9 0.6
v -0.7 7.9 0.6
v 0.7 7.9 0.6
v 0.8 7.9 0.6
v 0.9 7.9 0.6
v 1 7.9 0.6
v -0.9 7.9 0.5
v -0.8 7.9 0.5
v 0.8 7.9 0.5
v 0.9 7.9 0.5
v -1.1 7.9 0.4
v -1 7.9 0.4
v 1 7.9 0.4
v 1.1 7.9 0.4
v -1 7.9 0.2
v -0.9 7.9 0.2
v 0.9 7.9 0.2
v 1 7.9 0.2
v -1 7.9 -0.2
v -0.9 7.9 -0.2
v 0.9 7.9 -0.2
v 1 7.9 -0.2
v -1.1 7.9 -0.4
v -1 7.9 -0.4
v 1 7.9 -0.4
v 1.1 7.9 -0.4
v -0.9 7.9 -0.5
v -0.8 7.9 -0.5
v 0.8 7.9 -0.5
v 0.9 7.9 -0.5
v -1 7.9 -0.6
v -0.9 7.9 -0.6
v -0.8 7.9 -0.6
v -0.7 7.9 -0.6
v 0.7 7.9 -0.6
v 0.8 7.9 -0.6
v 0.9 7.9 -0.6
v 1 7.9 -0.6
v -0.9 7.9 -0.7
v -0.8 7.9 -0.7
v -0.7 7.9 -0.7
v -0.6 7.9 -0.7
v 0.6 7.9 -0.7
v 0.7 7.9 -0.7
v 0.8 7.9 -0.7
v 0.9 7.9 -0.7
v -0.8 7.9 -0.8
v -0.7 7.9 -0.8
v -0.6 7.9 -0.8
v -0.5 7.9 -0.8
v 0.5 7.9 -0.8
v 0.6 7.9 -0.8
v 0.7 7.9 -0.8
v 0.8 7.9 -0.8
v -0.7 7.9 -0.9
v -0.6 7.9 -0.9
v -0.5 7.9 -0.9
v -0.2 7.9 -0.9
v 0.2 7.9 -0.9
v 0.5 7.9 -0.9
v 0.6 7.9 -0.9
v 0.7 7.9 -0.9
v -0.6 7.9 -1
v -0.4 7.9 -1
v -0.2 7.9 -1
v 0.2 7.9 -1
v 0.4 7.9 -1
v 0.6 7.9 -1
v -0.4 7.9 -1.1
v 0.4 7.9 -1.1
v -0.2 8 1
v 0.2 8 1
v -0.5 8 0.9
v -0.2 8 0.9
v 0.2 8 0.9
v 0.5 8 0.9
v -0.6 8 0.8
v -0.5 8 0.8
v -0.0999999 8 0.8
v 0.0999999 8 0.8
v 0.5 8 0.8
v 0.6 8 0.8
v -0.7 8 0.7
v -0.6 8 0.7
v -0.4 8 0.7
v -0.0999999 8 0.7
v 0.0999999 8 0.7
v 0.4 8 0.7
v 0.6 8 0.7
v 0.7 8 0.7
v -0.8 8 0.6
v -0.7 8 0.6
v -0.5 8 0.6
v -0.4 8 0.6
v 0.4 8 0.6
v 0.5 8 0.6
v 0.7 8 0.6
v 0.8 8 0.6
v -0.9 8 0.5
v -0.8 8 0.5
v -0.6 8 0.5
v -0.5 8 0.5
v 0.5 8 0.5
v 0.6 8 0.5
v 0.8 8 0.5
v 0.9 8 0.5
v -0.7 8 0.4
v -0.6 8 0.4
v 0.6 8 0.4
v 0.7 8 0.4
v -1 8 0.2
v -0.9 8 0.2
v 0.9 8 0.2
v 1 8 0.2
v -0.8 8 0.0999999
v -0.7 8 0.0999999
v 0.7 8 0.0999999
v 0.8 8 0.0999999
v -0.8 8 -0.0999999
v -0.7 8 -0.0999999
v 0.7 8 -0.0999999
v 0.8 8 -0.0999999
v -1 8 -0.2
v -0.9 8 -0.2
v 0.9 8 -0.2
v 1 8 -0.2
v -0.7 8 -0.4
v -0.6 8 -0.4
v 0.6 8 -0.4
v 0.7 8 -0.4
v -0.9 8 -0.5
v -0.8 8 -0.5
v -0.6 8 -0.5
v -0.5 8 -0.5
v 0.5 8 -0.5
v 0.6 8 -0.5
v 0.8 8 -0.5
v 0.9 8 -0.5
v -0.8 8 -0.6
v -0.7 8 -0.6
v -0.5 8 -0.6
v -0.4 8 -0.6
v 0.4 8 -0.6
v 0.5 8 -0.6
v 0.7 8 -0.6
v 0.8 8 -0.6
v -0.7 8 -0.7
v -0.6 8 -0.7
v -0.4 8 -0.7
v -0.0999999 8 -0.7
v 0.0999999 8 -0.7
v 0.4 8 -0.7
v 0.6 8 -0.7
v 0.7 8 -0.7
v -0.6 8 -0.8
v -0.5 8 -0.8
v -0.0999999 8 -0.8
v 0.0999999 8 -0.8
v 0.5 8 -0.8
v 0.6 8 -0.8
v -0.5 8 -0.9
v -0.2 8 -0.9
v 0.2 8 -0.9
v 0.5 8 -0.9
v -0.2 8 -1
v 0.2 8 -1
v -0.0999999 8.1 0.8
v 0.0999999 8.1 0.8
v -0.4 8.1 0.7
v -0.0999999 8.1 0.7
v 0.0999999 8.1 0.7
v 0.4 8.1 0.7
v -0.5 8.1 0.6
v -0.4 8.1 0.6
v 0.4 8.1 0.6
v 0.5 8.1 0.6
v -0.6 8.1 0.5
v -0.5 8.1 0.5
v 0.5 8.1 0.5
v 0.6 8.1 0.5
v -0.7 8.1 0.4
v -0.6 8.1 0.4
v -0.3 8.1 0.4
v 0.3 8.1 0.4
v 0.6 8.1 0.4
v 0.7 8.1 0.4
v -0.4 8.1 0.3
v -0.3 8.1 0.3
v 0.3 8.1 0.3
v 0.4 8.1 0.3
v -0.8 8.1 0.0999999
v -0.7 8.1 0.0999999
v 0.7 8.1 0.0999999
v 0.8 8.1 0.0999999
v -0.8 8.1 -0.0999999
v -0.7 8.1 -0.0999999
v 0.7 8.1 -0.0999999
v 0.8 8.1 -0.0999999
v -0.4 8.1 -0.3
v -0.3 8.1 -0.3
v 0.3 8.1 -0.3
v 0.4 8.1 -0.3
v -0.7 8.1 -0.4
v -0.6 8.1 -0.4
v -0.3 8.1 -0.4
v 0.3 8.1 -0.4
v 0.6 8.1 -0.4
v 0.7 8.1 -0.4
v -0.6 8.1 -0.5
v -0.5 8.1 -0.5
v 0.5 8.1 -0.5
v 0.6 8.1 -0.5
v -0.5 8.1 -0.6
v -0.4 8.1 -0.6
v 0.4 8.1 -0.6
v 0.5 8.1 -0.6
v -0.4 8.1 -0.7
v -0.0999999 8.1 -0.7
v 0.0999999 8.1 -0.7
v 0.4 8.1 -0.7
v -0.0999999 8.1 -0.8
v 0.0999999 8.1 -0.8
v -0.3 8.2 0.4
v 0.3 8.2 0.4
v -0.4 8.2 0.3
v -0.3 8.2 0.3
v 0.3 8.2 0.3
v 0.4 8.2 0.3
v -0.3 8.2 -0.2
v 0.3 8.2 -0.2
v -0.4 8.2 -0.3
v -0.3 8.2 -0.3
v 0.3 8.2 -0.3
v 0.4 8.2 -0.3
v -0.3 8.2 -0.4
v 0.3 8.2 -0.4

# faces
f 3/3/1 2/3/1 1/3/1
f 4/3/1 2/3/1 3/3/1
f 5/3/1 2/3/1 4/3/1
f 6/3/1 2/3/1 5/3/1
f 8/3/1 7/3/1 6/3/1
f 9/3/1 7/3/1 8/3/1
f 11/3/1 10/3/1 9/3/1
f 13/3/1 11/3/1 9/3/1
f 13/3/1 12/3/1 11/3/1
f 14/3/1 12/3/1 13/3/1
f 17/3/1 16/3/1 15/3/1
f 18/3/1 16/3/1 17/3/1
f 20/3/1 19/3/1 18/3/1
f 21/3/1 19/3/1 20/3/1
f 24/3/1 23/3/1 22/3/1
f 25/3/1 23/3/1 24/3/1
f 27/3/1 26/3/1 25/3/1
f 28/3/1 26/3/1 27/3/1
f 31/3/1 30/3/1 29/3/1
f 32/3/1 30/3/1 31/3/1
f 34/3/1 33/3/1 32/3/1
f 35/3/1 33/3/1 34/3/1
f 38/3/1 37/3/1 36/3/1
f 39/3/1 37/3/1 38/3/1
f 41/3/1 40/3/1 39/3/1
f 42/3/1 40/3/1 41/3/1
f 45/3/1 44/3/1 43/3/1
f 46/3/1 44/3/1 45/3/1
f 49/3/1 48/3/1 47/3/1
f 50/3/1 48/3/1 49/3/1
f 53/3/1 52/3/1 51/3/1
f 54/3/1 52/3/1 53/3/1
f 56/3/1 55/3/1 54/3/1
f 57/3/1 55/3/1 56/3/1
f 60/3/1 59/3/1 58/3/1
f 61/3/1 59/3/1 60/3/1
f 63/3/1 62/3/1 61/3/1
f 64/3/1 62/3/1 63/3/1
f 67/3/1 66/3/1 65/3/1
f 68/3/1 66/3/1 67/3/1
f 71/3/1 70/3/1 69/3/1
f 72/3/1 70/3/1 71/3/1
f 75/3/1 74/3/1 73/3/1
f 76/3/1 74/3/1 75/3/1
f 79/3/1 78/3/1 77/3/1
f 80/3/1 78/3/1 79/3/1
f 83/3/1 82/3/1 81/3/1
f 84/3/1 82/3/1 83/3/1
f 87/3/1 86/3/1 85/3/1
f 88/3/1 86/3/1 87/3/1
f 91/3/1 90/3/1 89/3/1
f 92/3/1 90/3/1 91/3/1
f 95/3/1 94/3/1 93/3/1
f 96/3/1 94/3/1 95/3/1
f 99/3/1 98/3/1 97/3/1
f 100/3/1 98/3/1 99/3/1
f 103/3/1 102/3/1 101/3/1
f 104/3/1 102/3/1 103/3/1
f 107/3/1 106/3/1 105/3/1
f 108/3/1 106/3/1 107/3/1
f 111/3/1 110/3/1 109/3/1
f 112/3/1 110/3/1 111/3/1
f 115/3/1 114/3/1 113/3/1
f 116/3/1 114/3/1 115/3/1
f 119/3/1 118/3/1 117/3/1
f 120/3/1 118/3/1 119/3/1
f 123/3/1 122/3/1 121/3/1
f 124/3/1 122/3/1 123/3/1
f 127/3/1 126/3/1 125/3/1
f 128/3/1 126/3/1 127/3/1
f 131/3/1 130/3/1 129/3/1
f 132/3/1 130/3/1 131/3/1
f 135/3/1 134/3/1 133/3/1
f 136/3/1 134/3/1 135/3/1
f 140/2/1 138/2/1 137/2/1
f 141/2/1 138/2/1 140/2/1
f 143/1/1 140/1/1 139/1/1
f 143/2/1 142/2/1 141/2/1
f 143/2/1 141/2/1 140/2/1
f 144/2/1 142/2/1 143/2/1
f 145/1/1 144/1/1 143/1/1
f 145/2/1 142/2/1 144/2/1
f 146/2/1 142/2/1 145/2/1
f 147/1/1 146/1/1 145/1/1
f 147/2/1 142/2/1 146/2/1
f 148/2/1 142/2/1 147/2/1
f 149/1/1 148/1/1 147/1/1
f 149/2/1 142/2/1 148/2/1
f 150/2/1 142/2/1 149/2/1
f 151/1/1 143/1/1 139/1/1
f 151/1/1 145/1/1 143/1/1
f 151/1/1 150/1/1 149/1/1
f 151/1/1 149/1/1 147/1/1
f 151/1/1 147/1/1 145/1/1
f 152/1/1 150/1/1 151/1/1
f 153/2/1 142/2/1 150/2/1
f 153/1/1 150/1/1 152/1/1
f 154/2/1 142/2/1 153/2/1
f 155/2/1 142/2/1 154/2/1
f 156/1/1 153/1/1 152/1/1
f 156/1/1 154/1/1 153/1/1
f 157/1/1 154/1/1 156/1/1
f 160/3/1 159/3/1 158/3/1
f 161/3/1 159/3/1 160/3/1
f 166/2/1 163/2/1 162/2/1
f 167/2/1 163/2/1 166/2/1
f 170/1/1 165/1/1 164/1/1
f 171/2/1 168/2/1 167/2/1
f 171/2/1 166/2/1 165/2/1
f 171/2/1 167/2/1 166/2/1
f 174/1/1 170/1/1 169/1/1
f 175/2/1 172/2/1 171/2/1
f 178/1/1 174/1/1 173/1/1
f 179/2/1 176/2/1 175/2/1
f 179/1/1 165/1/1 170/1/1
f 179/1/1 174/1/1 178/1/1
f 179/2/1 171/2/1 165/2/1
f 179/2/1 175/2/1 171/2/1
f 179/1/1 170/1/1 174/1/1
f 180/2/1 176/2/1 179/2/1
f 181/2/1 176/2/1 180/2/1
f 183/1/1 178/1/1 177/1/1
f 183/1/1 179/1/1 178/1/1
f 184/1/1 179/1/1 183/1/1
f 185/2/1 182/2/1 181/2/1
f 185/2/1 181/2/1 180/2/1
f 186/2/1 182/2/1 185/2/1
f 188/1/1 183/1/1 177/1/1
f 189/2/1 182/2/1 186/2/1
f 191/2/1 189/2/1 186/2/1
f 191/2/1 190/2/1 189/2/1
f 192/2/1 190/2/1 191/2/1
f 193/1/1 188/1/1 187/1/1
f 194/1/1 183/1/1 188/1/1
f 194/1/1 188/1/1 193/1/1
f 195/2/1 191/2/1 186/2/1
f 195/1/1 192/1/1 191/1/1
f 196/1/1 192/1/1 195/1/1
f 197/2/1 195/2/1 186/2/1
f 198/2/1 195/2/1 197/2/1
f 199/1/1 183/1/1 194/1/1
f 202/2/1 197/2/1 186/2/1
f 203/1/1 198/1/1 197/1/1
f 203/2/1 197/2/1 202/2/1
f 204/1/1 200/1/1 199/1/1
f 204/1/1 199/1/1 194/1/1
f 205/1/1 200/1/1 204/1/1
f 206/1/1 200/1/1 205/1/1
f 207/1/1 202/1/1 201/1/1
f 207/1/1 203/1/1 202/1/1
f 208/1/1 198/1/1 203/1/1
f 208/1/1 203/1/1 207/1/1
f 209/1/1 198/1/1 208/1/1
f 210/1/1 207/1/1 206/1/1
f 210/1/1 206/1/1 205/1/1
f 210/1/1 208/1/1 207/1/1
f 211/1/1 208/1/1 210/1/1
f 212/1/1 208/1/1 211/1/1
f 213/1/1 208/1/1 212/1/1
f 214/1/1 212/1/1 211/1/1
f 215/1/1 212/1/1 214/1/1
f 216/1/1 212/1/1 215/1/1
f 217/1/1 212/1/1 216/1/1
f 218/1/1 216/1/1 215/1/1
f 219/1/1 216/1/1 218/1/1
f 220/1/1 216/1/1 219/1/1
f 221/1/1 216/1/1 220/1/1
f 224/1/1 220/1/1 219/1/1
f 225/1/1 220/1/1 224/1/1
f 226/3/1 223/3/1 222/3/1
f 227/3/1 223/3/1 226/3/1
f 232/1/1 229/1/1 228/1/1
f 233/2/1 230/2/1 229/2/1
f 233/1/1 229/1/1 232/1/1
f 234/2/1 230/2/1 233/2/1
f 237/1/1 232/1/1 231/1/1
f 238/2/1 235/2/1 234/2/1
f 238/2/1 233/2/1 232/2/1
f 238/2/1 234/2/1 233/2/1
f 239/2/1 235/2/1 238/2/1
f 240/2/1 235/2/1 239/2/1
f 243/1/1 237/1/1 236/1/1
f 244/1/1 232/1/1 237/1/1
f 244/1/1 237/1/1 243/1/1
f 245/1/1 232/1/1 244/1/1
f 246/2/1 238/2/1 232/2/1
f 246/1/1 232/1/1 245/1/1
f 247/2/1 238/2/1 246/2/1
f 248/2/1 240/2/1 239/2/1
f 248/2/1 241/2/1 240/2/1
f 249/2/1 241/2/1 248/2/1
f 250/2/1 241/2/1 249/2/1
f 253/1/1 243/1/1 242/1/1
f 253/1/1 244/1/1 243/1/1
f 254/1/1 244/1/1 253/1/1
f 255/1/1 244/1/1 254/1/1
f 256/2/1 251/2/1 250/2/1
f 256/2/1 250/2/1 249/2/1
f 257/2/1 251/2/1 256/2/1
f 258/2/1 251/2/1 257/2/1
f 261/2/1 253/2/1 252/2/1
f 262/1/1 254/1/1 253/1/1
f 263/1/1 254/1/1 262/1/1
f 264/2/1 259/2/1 258/2/1
f 264/2/1 258/2/1 257/2/1
f 265/2/1 259/2/1 264/2/1
f 266/2/1 259/2/1 265/2/1
f 268/2/1 261/2/1 260/2/1
f 268/1/1 262/1/1 253/1/1
f 268/2/1 253/2/1 261/2/1
f 269/1/1 262/1/1 268/1/1
f 270/2/1 267/2/1 266/2/1
f 270/2/1 266/2/1 265/2/1
f 271/2/1 267/2/1 270/2/1
f 273/2/1 268/2/1 260/2/1
f 274/2/1 267/2/1 271/2/1
f 275/2/1 267/2/1 274/2/1
f 277/2/1 273/2/1 272/2/1
f 277/2/1 268/2/1 273/2/1
f 278/2/1 268/2/1 277/2/1
f 279/2/1 274/2/1 271/2/1
f 280/1/1 276/1/1 275/1/1
f 280/2/1 274/2/1 279/2/1
f 280/1/1 275/1/1 274/1/1
f 281/1/1 276/1/1 280/1/1
f 282/2/1 277/2/1 272/2/1
f 285/1/1 276/1/1 281/1/1
f 286/2/1 282/2/1 272/2/1
f 287/2/1 282/2/1 286/2/1
f 288/1/1 283/1/1 282/1/1
f 288/2/1 282/2/1 287/2/1
f 289/1/1 285/1/1 284/1/1
f 290/1/1 276/1/1 285/1/1
f 290/1/1 285/1/1 289/1/1
f 291/1/1 276/1/1 290/1/1
f 292/1/1 283/1/1 288/1/1
f 292/1/1 288/1/1 287/1/1
f 295/1/1 290/1/1 289/1/1
f 296/1/1 293/1/1 292/1/1
f 296/1/1 292/1/1 287/1/1
f 297/1/1 293/1/1 296/1/1
f 298/1/1 293/1/1 297/1/1
f 301/1/1 295/1/1 294/1/1
f 302/1/1 290/1/1 295/1/1
f 302/1/1 295/1/1 301/1/1
f 303/1/1 290/1/1 302/1/1
f 304/1/1 299/1/1 298/1/1
f 304/1/1 298/1/1 297/1/1
f 305/1/1 299/1/1 304/1/1
f 306/1/1 299/1/1 305/1/1
f 309/1/1 301/1/1 300/1/1
f 309/1/1 302/1/1 301/1/1
f 310/1/1 302/1/1 309/1/1
f 311/1/1 302/1/1 310/1/1
f 312/1/1 307/1/1 306/1/1
f 312/1/1 306/1/1 305/1/1
f 313/1/1 307/1/1 312/1/1
f 314/1/1 307/1/1 313/1/1
f 317/1/1 310/1/1 309/1/1
f 317/1/1 309/1/1 308/1/1
f 318/1/1 310/1/1 317/1/1
f 319/1/1 310/1/1 318/1/1
f 320/1/1 315/1/1 314/1/1
f 320/1/1 314/1/1 313/1/1
f 321/1/1 315/1/1 320/1/1
f 322/1/1 315/1/1 321/1/1
f 323/1/1 318/1/1 317/1/1
f 323/1/1 317/1/1 316/1/1
f 324/1/1 318/1/1 323/1/1
f 325/1/1 318/1/1 324/1/1
f 326/1/1 322/1/1 321/1/1
f 326/1/1 324/1/1 323/1/1
f 326/1/1 323/1/1 322/1/1
f 327/1/1 324/1/1 326/1/1
f 328/1/1 324/1/1 327/1/1
f 329/1/1 324/1/1 328/1/1
f 330/1/1 328/1/1 327/1/1
f 331/1/1 328/1/1 330/1/1
f 338/1/1 333/1/1 332/1/1
f 339/1/1 333/1/1 338/1/1
f 340/1/1 333/1/1 339/1/1
f 341/2/1 334/2/1 333/2/1
f 341/1/1 333/1/1 340/1/1
f 342/2/1 334/2/1 341/2/1
f 344/3/1 336/3/1 335/3/1
f 346/1/1 338/1/1 337/1/1
f 346/1/1 339/1/1 338/1/1
f 347/1/1 339/1/1 346/1/1
f 348/1/1 339/1/1 347/1/1
f 349/2/1 343/2/1 342/2/1
f 349/2/1 342/2/1 341/2/1
f 350/2/1 343/2/1 349/2/1
f 351/2/1 343/2/1 350/2/1
f 353/3/1 344/3/1 335/3/1
f 354/3/1 344/3/1 353/3/1
f 356/1/1 347/1/1 346/1/1
f 356/1/1 346/1/1 345/1/1
f 357/1/1 347/1/1 356/1/1
f 358/1/1 347/1/1 357/1/1
f 359/2/1 352/2/1 351/2/1
f 359/2/1 351/2/1 350/2/1
f 360/2/1 352/2/1 359/2/1
f 361/2/1 352/2/1 360/2/1
f 364/1/1 357/1/1 356/1/1
f 364/1/1 356/1/1 355/1/1
f 365/1/1 357/1/1 364/1/1
f 366/1/1 357/1/1 365/1/1
f 367/2/1 361/2/1 360/2/1
f 368/1/1 362/1/1 361/1/1
f 368/2/1 361/2/1 367/2/1
f 369/1/1 362/1/1 368/1/1
f 372/2/1 364/2/1 363/2/1
f 372/2/1 365/2/1 364/2/1
f 373/2/1 365/2/1 372/2/1
f 374/2/1 365/2/1 373/2/1
f 375/2/1 369/2/1 368/2/1
f 376/1/1 370/1/1 369/1/1
f 376/2/1 369/2/1 375/2/1
f 377/1/1 370/1/1 376/1/1
f 379/2/1 372/2/1 371/2/1
f 379/2/1 373/2/1 372/2/1
f 380/2/1 373/2/1 379/2/1
f 381/1/1 378/1/1 377/1/1
f 381/1/1 377/1/1 376/1/1
f 382/1/1 378/1/1 381/1/1
f 384/2/1 379/2/1 371/2/1
f 385/1/1 378/1/1 382/1/1
f 387/2/1 384/2/1 383/2/1
f 387/2/1 379/2/1 384/2/1
f 388/2/1 379/2/1 387/2/1
f 389/1/1 386/1/1 385/1/1
f 389/1/1 385/1/1 382/1/1
f 390/1/1 386/1/1 389/1/1
f 391/2/1 387/2/1 383/2/1
f 394/1/1 386/1/1 390/1/1
f 395/2/1 392/2/1 391/2/1
f 395/2/1 391/2/1 383/2/1
f 396/2/1 392/2/1 395/2/1
f 397/1/1 396/1/1 395/1/1
f 398/1/1 396/1/1 397/1/1
f 399/1/1 394/1/1 393/1/1
f 399/1/1 386/1/1 394/1/1
f 400/1/1 386/1/1 399/1/1
f 401/1/1 396/1/1 398/1/1
f 404/1/1 399/1/1 393/1/1
f 405/1/1 402/1/1 401/1/1
f 405/1/1 401/1/1 398/1/1
f 406/1/1 402/1/1 405/1/1
f 407/1/1 402/1/1 406/1/1
f 410/1/1 404/1/1 403/1/1
f 411/1/1 399/1/1 404/1/1
f 411/1/1 404/1/1 410/1/1
f 412/1/1 399/1/1 411/1/1
f 413/1/1 408/1/1 407/1/1
f 413/1/1 407/1/1 406/1/1
f 414/1/1 408/1/1 413/1/1
f 415/1/1 408/1/1 414/1/1
f 418/1/1 410/1/1 409/1/1
f 418/1/1 411/1/1 410/1/1
f 419/1/1 411/1/1 418/1/1
f 420/1/1 411/1/1 419/1/1
f 423/1/1 416/1/1 415/1/1
f 423/1/1 415/1/1 414/1/1
f 424/1/1 416/1/1 423/1/1
f 425/1/1 416/1/1 424/1/1
f 428/1/1 419/1/1 418/1/1
f 428/1/1 418/1/1 417/1/1
f 429/1/1 419/1/1 428/1/1
f 430/1/1 419/1/1 429/1/1
f 431/3/1 422/3/1 421/3/1
f 432/1/1 426/1/1 425/1/1
f 432/1/1 425/1/1 424/1/1
f 433/1/1 426/1/1 432/1/1
f 434/1/1 426/1/1 433/1/1
f 437/1/1 429/1/1 428/1/1
f 437/1/1 428/1/1 427/1/1
f 438/1/1 429/1/1 437/1/1
f 439/1/1 429/1/1 438/1/1
f 440/3/1 422/3/1 431/3/1
f 441/3/1 422/3/1 440/3/1
f 442/1/1 435/1/1 434/1/1
f 442/1/1 434/1/1 433/1/1
f 443/1/1 435/1/1 442/1/1
f 444/1/1 435/1/1 443/1/1
f 445/1/1 438/1/1 437/1/1
f 445/1/1 437/1/1 436/1/1
f 446/1/1 438/1/1 445/1/1
f 447/1/1 438/1/1 446/1/1
f 448/1/1 444/1/1 443/1/1
f 448/1/1 446/1/1 445/1/1
f 448/1/1 445/1/1 444/1/1
f 449/1/1 446/1/1 448/1/1
f 453/1/1 451/1/1 450/1/1
f 454/1/1 451/1/1 453/1/1
f 457/1/1 453/1/1 452/1/1
f 457/1/1 455/1/1 454/1/1
f 457/1/1 454/1/1 453/1/1
f 458/1/1 455/1/1 457/1/1
f 459/1/1 455/1/1 458/1/1
f 460/1/1 455/1/1 459/1/1
f 461/1/1 455/1/1 460/1/1
f 464/1/1 457/1/1 456/1/1
f 464/1/1 458/1/1 457/1/1
f 465/1/1 458/1/1 464/1/1
f 466/1/1 458/1/1 465/1/1
f 467/1/1 461/1/1 460/1/1
f 467/1/1 462/1/1 461/1/1
f 468/1/1 462/1/1 467/1/1
f 469/1/1 462/1/1 468/1/1
f 472/1/1 465/1/1 464/1/1
f 472/1/1 464/1/1 463/1/1
f 473/1/1 465/1/1 472/1/1
f 474/1/1 465/1/1 473/1/1
f 475/1/1 470/1/1 469/1/1
f 475/1/1 469/1/1 468/1/1
f 476/1/1 470/1/1 475/1/1
f 477/1/1 470/1/1 476/1/1
f 480/2/1 472/2/1 471/2/1
f 481/1/1 473/1/1 472/1/1
f 481/2/1 472/2/1 480/2/1
f 482/1/1 473/1/1 481/1/1
f 483/1/1 478/1/1 477/1/1
f 483/1/1 477/1/1 476/1/1
f 484/1/1 478/1/1 483/1/1
f 485/1/1 478/1/1 484/1/1
f 488/2/1 480/2/1 479/2/1
f 488/2/1 481/2/1 480/2/1
f 489/2/1 481/2/1 488/2/1
f 490/2/1 481/2/1 489/2/1
f 491/1/1 486/1/1 485/1/1
f 491/1/1 485/1/1 484/1/1
f 492/1/1 486/1/1 491/1/1
f 493/1/1 486/1/1 492/1/1
f 495/2/1 489/2/1 488/2/1
f 495/2/1 488/2/1 487/2/1
f 496/2/1 489/2/1 495/2/1
f 497/1/1 494/1/1 493/1/1
f 497/1/1 493/1/1 492/1/1
f 498/1/1 494/1/1 497/1/1
f 500/2/1 495/2/1 487/2/1
f 501/1/1 494/1/1 498/1/1
f 503/2/1 500/2/1 499/2/1
f 503/2/1 495/2/1 500/2/1
f 504/2/1 495/2/1 503/2/1
f 505/1/1 502/1/1 501/1/1
f 505/1/1 501/1/1 498/1/1
f 506/1/1 502/1/1 505/1/1
f 508/2/1 503/2/1 499/2/1
f 509/1/1 502/1/1 506/1/1
f 511/2/1 508/2/1 507/2/1
f 512/2/1 503/2/1 508/2/1
f 512/2/1 508/2/1 511/2/1
f 513/1/1 510/1/1 509/1/1
f 513/1/1 509/1/1 506/1/1
f 514/1/1 510/1/1 513/1/1
f 515/2/1 503/2/1 512/2/1
f 516/2/1 515/2/1 512/2/1
f 517/2/1 515/2/1 516/2/1
f 520/1/1 513/1/1 506/1/1
f 521/1/1 518/1/1 517/1/1
f 521/1/1 517/1/1 516/1/1
f 522/1/1 518/1/1 521/1/1
f 523/1/1 520/1/1 519/1/1
f 523/1/1 513/1/1 520/1/1
f 524/1/1 513/1/1 523/1/1
f 525/1/1 518/1/1 522/1/1
f 528/1/1 523/1/1 519/1/1
f 529/1/1 526/1/1 525/1/1
f 529/1/1 525/1/1 522/1/1
f 530/1/1 526/1/1 529/1/1
f 531/1/1 526/1/1 530/1/1
f 534/1/1 528/1/1 527/1/1
f 535/1/1 523/1/1 528/1/1
f 535/1/1 528/1/1 534/1/1
f 536/1/1 523/1/1 535/1/1
f 537/1/1 532/1/1 531/1/1
f 537/1/1 531/1/1 530/1/1
f 538/1/1 532/1/1 537/1/1
f 539/1/1 532/1/1 538/1/1
f 542/1/1 534/1/1 533/1/1
f 542/1/1 535/1/1 534/1/1
f 543/1/1 535/1/1 542/1/1
f 544/1/1 535/1/1 543/1/1
f 545/1/1 540/1/1 539/1/1
f 545/1/1 539/1/1 538/1/1
f 546/1/1 540/1/1 545/1/1
f 547/1/1 540/1/1 546/1/1
f 550/1/1 543/1/1 542/1/1
f 550/1/1 542/1/1 541/1/1
f 551/1/1 543/1/1 550/1/1
f 552/1/1 543/1/1 551/1/1
f 553/1/1 548/1/1 547/1/1
f 553/1/1 547/1/1 546/1/1
f 554/1/1 548/1/1 553/1/1
f 555/1/1 548/1/1 554/1/1
f 558/1/1 551/1/1 550/1/1
f 558/1/1 550/1/1 549/1/1
f 559/1/1 551/1/1 558/1/1
f 560/1/1 551/1/1 559/1/1
f 561/1/1 556/1/1 555/1/1
f 561/1/1 555/1/1 554/1/1
f 562/1/1 556/1/1 561/1/1
f 563/1/1 556/1/1 562/1/1
f 564/1/1 559/1/1 558/1/1
f 564/1/1 558/1/1 557/1/1
f 565/1/1 559/1/1 564/1/1
f 566/1/1 559/1/1 565/1/1
f 567/1/1 563/1/1 562/1/1
f 567/1/1 565/1/1 564/1/1
f 567/1/1 564/1/1 563/1/1
f 568/1/1 565/1/1 567/1/1
f 569/1/1 565/1/1 568/1/1
f 570/1/1 565/1/1 569/1/1
f 571/1/1 569/1/1 568/1/1
f 572/1/1 569/1/1 571/1/1
f 576/1/1 574/1/1 573/1/1
f 577/1/1 574/1/1 576/1/1
f 578/1/1 574/1/1 577/1/1
f 579/1/1 574/1/1 578/1/1
f 582/1/1 576/1/1 575/1/1
f 582/1/1 577/1/1 576/1/1
f 583/1/1 577/1/1 582/1/1
f 584/1/1 577/1/1 583/1/1
f 585/1/1 579/1/1 578/1/1
f 585/1/1 580/1/1 579/1/1
f 586/1/1 580/1/1 585/1/1
f 587/1/1 580/1/1 586/1/1
f 590/1/1 583/1/1 582/1/1
f 590/1/1 582/1/1 581/1/1
f 591/1/1 583/1/1 590/1/1
f 592/1/1 583/1/1 591/1/1
f 593/1/1 588/1/1 587/1/1
f 593/1/1 587/1/1 586/1/1
f 594/1/1 588/1/1 593/1/1
f 595/1/1 588/1/1 594/1/1
f 600/1/1 591/1/1 590/1/1
f 600/1/1 590/1/1 589/1/1
f 601/1/1 591/1/1 600/1/1
f 602/1/1 591/1/1 601/1/1
f 603/1/1 596/1/1 595/1/1
f 603/1/1 595/1/1 594/1/1
f 604/1/1 596/1/1 603/1/1
f 605/1/1 596/1/1 604/1/1
f 607/3/1 598/3/1 597/3/1
f 608/3/1 598/3/1 607/3/1
f 610/1/1 601/1/1 600/1/1
f 610/1/1 600/1/1 599/1/1
f 611/1/1 601/1/1 610/1/1
f 612/1/1 601/1/1 611/1/1
f 613/1/1 606/1/1 605/1/1
f 613/1/1 605/1/1 604/1/1
f 614/1/1 606/1/1 613/1/1
f 615/1/1 606/1/1 614/1/1
f 618/2/1 611/2/1 610/2/1
f 618/2/1 610/2/1 609/2/1
f 619/2/1 611/2/1 618/2/1
f 620/2/1 611/2/1 619/2/1
f 621/1/1 616/1/1 615/1/1
f 621/1/1 615/1/1 614/1/1
f 622/1/1 616/1/1 621/1/1
f 623/1/1 616/1/1 622/1/1
f 625/2/1 619/2/1 618/2/1
f 625/2/1 618/2/1 617/2/1
f 626/2/1 619/2/1 625/2/1
f 627/1/1 624/1/1 623/1/1
f 627/1/1 623/1/1 622/1/1
f 628/1/1 624/1/1 627/1/1
f 630/2/1 625/2/1 617/2/1
f 631/1/1 624/1/1 628/1/1
f 633/2/1 630/2/1 629/2/1
f 633/2/1 625/2/1 630/2/1
f 634/2/1 625/2/1 633/2/1
f 635/1/1 632/1/1 631/1/1
f 635/1/1 631/1/1 628/1/1
f 636/1/1 632/1/1 635/1/1
f 638/2/1 633/2/1 629/2/1
f 639/1/1 632/1/1 636/1/1
f 641/2/1 638/2/1 637/2/1
f 641/2/1 633/2/1 638/2/1
f 642/2/1 633/2/1 641/2/1
f 643/1/1 640/1/1 639/1/1
f 643/1/1 639/1/1 636/1/1
f 644/1/1 640/1/1 643/1/1
f 645/2/1 641/2/1 637/2/1
f 646/2/1 641/2/1 645/2/1
f 649/1/1 640/1/1 644/1/1
f 650/1/1 646/1/1 645/1/1
f 651/2/1 647/2/1 646/2/1
f 651/1/1 646/1/1 650/1/1
f 652/2/1 647/2/1 651/2/1
f 653/1/1 649/1/1 648/1/1
f 653/1/1 640/1/1 649/1/1
f 654/1/1 640/1/1 653/1/1
f 655/1/1 652/1/1 651/1/1
f 656/1/1 655/1/1 651/1/1
f 659/1/1 653/1/1 648/1/1
f 660/1/1 657/1/1 656/1/1
f 660/1/1 656/1/1 651/1/1
f 661/1/1 657/1/1 660/1/1
f 662/1/1 659/1/1 658/1/1
f 662/1/1 653/1/1 659/1/1
f 663/1/1 653/1/1 662/1/1
f 664/1/1 657/1/1 661/1/1
f 667/1/1 662/1/1 658/1/1
f 668/1/1 665/1/1 664/1/1
f 668/1/1 664/1/1 661/1/1
f 669/1/1 665/1/1 668/1/1
f 670/1/1 665/1/1 669/1/1
f 673/1/1 667/1/1 666/1/1
f 674/1/1 662/1/1 667/1/1
f 674/1/1 667/1/1 673/1/1
f 675/1/1 662/1/1 674/1/1
f 678/1/1 671/1/1 670/1/1
f 678/1/1 670/1/1 669/1/1
f 679/1/1 671/1/1 678/1/1
f 680/1/1 671/1/1 679/1/1
f 683/1/1 673/1/1 672/1/1
f 684/2/1 674/2/1 673/2/1
f 684/1/1 673/1/1 683/1/1
f 685/2/1 674/2/1 684/2/1
f 686/3/1 677/3/1 676/3/1
f 687/3/1 677/3/1 686/3/1
f 688/1/1 681/1/1 680/1/1
f 688/1/1 680/1/1 679/1/1
f 689/1/1 681/1/1 688/1/1
f 690/1/1 681/1/1 689/1/1
f 693/1/1 683/1/1 682/1/1
f 694/2/1 684/2/1 683/2/1
f 694/1/1 683/1/1 693/1/1
f 695/2/1 684/2/1 694/2/1
f 696/1/1 691/1/1 690/1/1
f 696/1/1 690/1/1 689/1/1
f 697/1/1 691/1/1 696/1/1
f 698/1/1 691/1/1 697/1/1
f 701/1/1 693/1/1 692/1/1
f 702/2/1 694/2/1 693/2/1
f 702/1/1 693/1/1 701/1/1
f 703/2/1 694/2/1 702/2/1
f 704/1/1 699/1/1 698/1/1
f 704/1/1 698/1/1 697/1/1
f 705/1/1 699/1/1 704/1/1
f 706/1/1 699/1/1 705/1/1
f 709/1/1 701/1/1 700/1/1
f 709/1/1 702/1/1 701/1/1
f 710/1/1 702/1/1 709/1/1
f 711/1/1 702/1/1 710/1/1
f 712/1/1 707/1/1 706/1/1
f 712/1/1 706/1/1 705/1/1
f 713/1/1 707/1/1 712/1/1
f 714/1/1 707/1/1 713/1/1
f 715/1/1 710/1/1 709/1/1
f 715/1/1 709/1/1 708/1/1
f 716/1/1 710/1/1 715/1/1
f 717/1/1 710/1/1 716/1/1
f 718/1/1 714/1/1 713/1/1
f 718/1/1 716/1/1 715/1/1
f 718/1/1 715/1/1 714/1/1
f 719/1/1 716/1/1 718/1/1
f 723/1/1 721/1/1 720/1/1
f 724/1/1 721/1/1 723/1/1
f 727/1/1 723/1/1 722/1/1
f 728/1/1 723/1/1 727/1/1
f 729/1/1 725/1/1 724/1/1
f 730/1/1 725/1/1 729/1/1
f 733/1/1 727/1/1 726/1/1
f 734/1/1 727/1/1 733/1/1
f 735/1/1 731/1/1 730/1/1
f 736/1/1 731/1/1 735/1/1
f 739/1/1 733/1/1 732/1/1
f 740/1/1 733/1/1 739/1/1
f 741/1/1 737/1/1 736/1/1
f 742/1/1 737/1/1 741/1/1
f 745/1/1 739/1/1 738/1/1
f 746/1/1 739/1/1 745/1/1
f 747/1/1 743/1/1 742/1/1
f 748/1/1 743/1/1 747/1/1
f 751/1/1 745/1/1 744/1/1
f 752/1/1 745/1/1 751/1/1
f 753/1/1 749/1/1 748/1/1
f 754/1/1 749/1/1 753/1/1
f 757/2/1 751/2/1 750/2/1
f 758/2/1 751/2/1 757/2/1
f 759/1/1 755/1/1 754/1/1
f 760/1/1 755/1/1 759/1/1
f 763/2/1 757/2/1 756/2/1
f 764/2/1 757/2/1 763/2/1
f 765/1/1 761/1/1 760/1/1
f 766/1/1 761/1/1 765/1/1
f 769/2/1 763/2/1 762/2/1
f 770/2/1 763/2/1 769/2/1
f 771/1/1 767/1/1 766/1/1
f 772/1/1 767/1/1 771/1/1
f 774/2/1 769/2/1 768/2/1
f 775/2/1 769/2/1 774/2/1
f 776/1/1 775/1/1 774/1/1
f 777/1/1 776/1/1 774/1/1
f 778/1/1 776/1/1 777/1/1
f 781/1/1 773/1/1 772/1/1
f 782/1/1 773/1/1 781/1/1
f 783/1/1 779/1/1 778/1/1
f 784/1/1 779/1/1 783/1/1
f 787/1/1 781/1/1 780/1/1
f 788/1/1 781/1/1 787/1/1
f 789/1/1 785/1/1 784/1/1
f 790/1/1 785/1/1 789/1/1
f 793/1/1 787/1/1 786/1/1
f 794/1/1 787/1/1 793/1/1
f 795/1/1 791/1/1 790/1/1
f 796/1/1 791/1/1 795/1/1
f 799/2/1 793/2/1 792/2/1
f 800/2/1 793/2/1 799/2/1
f 801/1/1 797/1/1 796/1/1
f 802/1/1 797/1/1 801/1/1
f 805/2/1 799/2/1 798/2/1
f 806/2/1 799/2/1 805/2/1
f 807/1/1 803/1/1 802/1/1
f 808/1/1 803/1/1 807/1/1
f 811/2/1 805/2/1 804/2/1
f 812/2/1 805/2/1 811/2/1
f 813/1/1 809/1/1 808/1/1
f 814/1/1 809/1/1 813/1/1
f 818/2/1 811/2/1 810/2/1
f 819/2/1 811/2/1 818/2/1
f 820/1/1 815/1/1 814/1/1
f 821/1/1 815/1/1 820/1/1
f 824/1/1 817/1/1 816/1/1
f 825/2/1 818/2/1 817/2/1
f 825/1/1 817/1/1 824/1/1
f 826/2/1 818/2/1 825/2/1
f 827/1/1 822/1/1 821/1/1
f 828/1/1 822/1/1 827/1/1
f 829/1/1 824/1/1 823/1/1
f 830/1/1 824/1/1 829/1/1
f 831/1/1 829/1/1 828/1/1
f 832/1/1 829/1/1 831/1/1
f 837/1/1 834/1/1 833/1/1
f 838/1/1 834/1/1 837/1/1
f 842/1/1 836/1/1 835/1/1
f 843/1/1 836/1/1 842/1/1
f 844/1/1 840/1/1 839/1/1
f 845/1/1 840/1/1 844/1/1
f 848/1/1 842/1/1 841/1/1
f 849/1/1 842/1/1 848/1/1
f 850/1/1 846/1/1 845/1/1
f 851/1/1 846/1/1 850/1/1
f 854/1/1 848/1/1 847/1/1
f 855/1/1 848/1/1 854/1/1
f 856/1/1 852/1/1 851/1/1
f 857/1/1 852/1/1 856/1/1
f 860/1/1 854/1/1 853/1/1
f 861/1/1 854/1/1 860/1/1
f 862/1/1 854/1/1 861/1/1
f 863/1/1 858/1/1 857/1/1
f 864/1/1 858/1/1 863/1/1
f 865/1/1 858/1/1 864/1/1
f 869/1/1 860/1/1 859/1/1
f 869/1/1 861/1/1 860/1/1
f 870/1/1 861/1/1 869/1/1
f 871/1/1 866/1/1 865/1/1
f 871/1/1 865/1/1 864/1/1
f 872/1/1 866/1/1 871/1/1
f 873/3/1 868/3/1 867/3/1
f 874/3/1 868/3/1 873/3/1
f 876/1/1 869/1/1 859/1/1
f 877/1/1 869/1/1 876/1/1
f 878/1/1 866/1/1 872/1/1
f 879/1/1 866/1/1 878/1/1
f 882/1/1 876/1/1 875/1/1
f 883/1/1 876/1/1 882/1/1
f 884/1/1 880/1/1 879/1/1
f 885/1/1 880/1/1 884/1/1
f 888/1/1 882/1/1 881/1/1
f 889/1/1 882/1/1 888/1/1
f 890/1/1 886/1/1 885/1/1
f 891/1/1 886/1/1 890/1/1
f 893/1/1 888/1/1 887/1/1
f 894/1/1 888/1/1 893/1/1
f 895/1/1 892/1/1 891/1/1
f 896/1/1 892/1/1 895/1/1
f 901/1/1 898/1/1 897/1/1
f 902/1/1 901/1/1 897/1/1
f 903/1/1 901/1/1 902/1/1
f 904/1/1 900/1/1 899/1/1
f 905/1/1 900/1/1 904/1/1
f 910/1/1 907/1/1 906/1/1
f 911/1/1 907/1/1 910/1/1
f 914/1/1 909/1/1 908/1/1
f 915/1/1 909/1/1 914/1/1
f 916/1/1 912/1/1 911/1/1
f 917/1/1 912/1/1 916/1/1
f 920/1/1 914/1/1 913/1/1
f 921/1/1 914/1/1 920/1/1
f 924/1/1 918/1/1 917/1/1
f 925/1/1 918/1/1 924/1/1
f 928/2/1 920/2/1 919/2/1
f 929/2/1 920/2/1 928/2/1
f 930/3/1 923/3/1 922/3/1
f 931/3/1 923/3/1 930/3/1
f 932/1/1 926/1/1 925/1/1
f 935/2/1 928/2/1 927/2/1
f 936/1/1 933/1/1 932/1/1
f 936/1/1 932/1/1 925/1/1
f 937/1/1 933/1/1 936/1/1
f 938/1/1 933/1/1 937/1/1
f 941/2/1 935/2/1 934/2/1
f 942/2/1 928/2/1 935/2/1
f 942/2/1 935/2/1 941/2/1
f 943/2/1 928/2/1 942/2/1
f 944/1/1 939/1/1 938/1/1
f 944/1/1 938/1/1 937/1/1
f 945/1/1 939/1/1 944/1/1
f 948/2/1 941/2/1 940/2/1
f 948/2/1 942/2/1 941/2/1
f 949/2/1 942/2/1 948/2/1
f 950/1/1 946/1/1 945/1/1
f 951/1/1 946/1/1 950/1/1
f 955/2/1 948/2/1 947/2/1
f 956/2/1 948/2/1 955/2/1
f 957/1/1 952/1/1 951/1/1
f 958/1/1 952/1/1 957/1/1
f 961/1/1 954/1/1 953/1/1
f 962/2/1 955/2/1 954/2/1
f 962/1/1 954/1/1 961/1/1
f 963/2/1 955/2/1 962/2/1
f 964/1/1 959/1/1 958/1/1
f 965/1/1 959/1/1 964/1/1
f 968/1/1 961/1/1 960/1/1
f 969/1/1 961/1/1 968/1/1
f 970/1/1 967/1/1 966/1/1
f 971/1/1 967/1/1 970/1/1
f 978/1/1 973/1/1 972/1/1
f 979/1/1 973/1/1 978/1/1
f 980/1/1 975/1/1 974/1/1
f 981/1/1 975/1/1 980/1/1
f 985/1/1 977/1/1 976/1/1
f 986/1/1 977/1/1 985/1/1
f 987/1/1 983/1/1 982/1/1
f 988/1/1 983/1/1 987/1/1
f 991/1/1 985/1/1 984/1/1
f 992/1/1 985/1/1 991/1/1
f 993/1/1 989/1/1 988/1/1
f 994/1/1 989/1/1 993/1/1
f 997/1/1 991/1/1 990/1/1
f 998/1/1 991/1/1 997/1/1
f 999/1/1 995/1/1 994/1/1
f 1000/1/1 995/1/1 999/1/1
f 1003/1/1 997/1/1 996/1/1
f 1004/1/1 997/1/1 1003/1/1
f 1005/1/1 1001/1/1 1000/1/1
f 1006/1/1 1001/1/1 1005/1/1
f 1009/1/1 1003/1/1 1002/1/1
f 1010/1/1 1003/1/1 1009/1/1
f 1011/1/1 1007/1/1 1006/1/1
f 1012/1/1 1007/1/1 1011/1/1
f 1015/1/1 1009/1/1 1008/1/1
f 1016/1/1 1009/1/1 1015/1/1
f 1017/1/1 1013/1/1 1012/1/1
f 1018/1/1 1013/1/1 1017/1/1
f 1020/1/1 1015/1/1 1014/1/1
f 1021/1/1 1015/1/1 1020/1/1
f 1022/1/1 1019/1/1 1018/1/1
f 1023/1/1 1019/1/1 1022/1/1
f 1028/1/1 1025/1/1 1024/1/1
f 1029/1/1 1025/1/1 1028/1/1
f 1030/1/1 1027/1/1 1026/1/1
f 1031/1/1 1027/1/1 1030/1/1
f 1036/1/1 1033/1/1 1032/1/1
f 1037/1/1 1033/1/1 1036/1/1
f 1038/1/1 1035/1/1 1034/1/1
f 1039/1/1 1035/1/1 1038/1/1
f 1044/1/1 1041/1/1 1040/1/1
f 1045/1/1 1041/1/1 1044/1/1
f 1048/1/1 1043/1/1 1042/1/1
f 1049/1/1 1043/1/1 1048/1/1
f 1050/1/1 1046/1/1 1045/1/1
f 1051/1/1 1046/1/1 1050/1/1
f 1054/2/1 1048/2/1 1047/2/1
f 1055/2/1 1048/2/1 1054/2/1
f 1056/1/1 1052/1/1 1051/1/1
f 1057/1/1 1052/1/1 1056/1/1
f 1060/2/1 1054/2/1 1053/2/1
f 1061/2/1 1054/2/1 1060/2/1
f 1062/1/1 1058/1/1 1057/1/1
f 1063/1/1 1058/1/1 1062/1/1
f 1066/2/1 1060/2/1 1059/2/1
f 1067/2/1 1060/2/1 1066/2/1
f 1068/1/1 1064/1/1 1063/1/1
f 1069/1/1 1064/1/1 1068/1/1
f 1072/2/1 1066/2/1 1065/2/1
f 1073/2/1 1066/2/1 1072/2/1
f 1074/1/1 1070/1/1 1069/1/1
f 1075/1/1 1070/1/1 1074/1/1
f 1079/2/1 1072/2/1 1071/2/1
f 1080/2/1 1072/2/1 1079/2/1
f 1081/1/1 1076/1/1 1075/1/1
f 1082/1/1 1076/1/1 1081/1/1
f 1087/1/1 1078/1/1 1077/1/1
f 1088/2/1 1079/2/1 1078/2/1
f 1088/1/1 1078/1/1 1087/1/1
f 1089/2/1 1079/2/1 1088/2/1
f 1090/1/1 1084/1/1 1083/1/1
f 1091/1/1 1084/1/1 1090/1/1
f 1092/1/1 1086/1/1 1085/1/1
f 1093/1/1 1086/1/1 1092/1/1
f 1098/1/1 1095/1/1 1094/1/1
f 1099/1/1 1095/1/1 1098/1/1
f 1104/1/1 1097/1/1 1096/1/1
f 1105/1/1 1097/1/1 1104/1/1
f 1106/1/1 1101/1/1 1100/1/1
f 1107/1/1 1101/1/1 1106/1/1
f 1111/1/1 1103/1/1 1102/1/1
f 1112/1/1 1103/1/1 1111/1/1
f 1113/1/1 1109/1/1 1108/1/1
f 1114/1/1 1109/1/1 1113/1/1
f 1118/2/1 1111/2/1 1110/2/1
f 1119/2/1 1111/2/1 1118/2/1
f 1120/1/1 1115/1/1 1114/1/1
f 1121/1/1 1115/1/1 1120/1/1
f 1125/1/1 1117/1/1 1116/1/1
f 1126/1/1 1117/1/1 1125/1/1
f 1127/1/1 1123/1/1 1122/1/1
f 1128/1/1 1123/1/1 1127/1/1
f 1130/1/1 1125/1/1 1124/1/1
f 1131/1/1 1125/1/1 1130/1/1
f 1132/1/1 1129/1/1 1128/1/1
f 1133/1/1 1129/1/1 1132/1/1
f 1139/1/1 1135/1/1 1134/1/1
f 1140/1/1 1135/1/1 1139/1/1
f 1141/1/1 1137/1/1 1136/1/1
f 1142/1/1 1137/1/1 1141/1/1
f 1144/1/1 1139/1/1 1138/1/1
f 1145/1/1 1139/1/1 1144/1/1
f 1146/1/1 1143/1/1 1142/1/1
f 1147/1/1 1143/1/1 1146/1/1
f 1152/1/1 1149/1/1 1148/1/1
f 1153/1/1 1149/1/1 1152/1/1
f 1154/1/1 1151/1/1 1150/1/1
f 1155/1/1 1151/1/1 1154/1/1
f 1160/2/1 1159/2/1 1158/2/1
f 1161/2/1 1159/2/1 1160/2/1
f 1162/1/1 1157/1/1 1156/1/1
f 1163/1/1 1157/1/1 1162/1/1
f 1164/1/1 1161/1/1 1160/1/1
f 1165/1/1 1161/1/1 1164/1/1
f 1170/1/1 1167/1/1 1166/1/1
f 1171/1/1 1167/1/1 1170/1/1
f 1172/1/1 1169/1/1 1168/1/1
f 1173/1/1 1169/1/1 1172/1/1
f 1178/1/1 1175/1/1 1174/1/1
f 1179/1/1 1175/1/1 1178/1/1
f 1182/1/1 1177/1/1 1176/1/1
f 1183/1/1 1177/1/1 1182/1/1
f 1184/1/1 1180/1/1 1179/1/1
f 1185/1/1 1180/1/1 1184/1/1
f 1186/2/1 1182/2/1 1181/2/1
f 1187/2/1 1182/2/1 1186/2/1
f 1192/1/1 1189/1/1 1188/1/1
f 1193/1/1 1189/1/1 1192/1/1
f 1196/2/1 1191/2/1 1190/2/1
f 1197/2/1 1191/2/1 1196/2/1
f 1198/1/1 1194/1/1 1193/1/1
f 1199/1/1 1194/1/1 1198/1/1
f 1204/2/1 1196/2/1 1195/2/1
f 1205/2/1 1196/2/1 1204/2/1
f 1206/1/1 1201/1/1 1200/1/1
f 1207/1/1 1201/1/1 1206/1/1
f 1210/2/1 1203/2/1 1202/2/1
f 1211/2/1 1203/2/1 1210/2/1
f 1212/1/1 1208/1/1 1207/1/1
f 1213/1/1 1208/1/1 1212/1/1
f 1218/2/1 1210/2/1 1209/2/1
f 1219/2/1 1210/2/1 1218/2/1
f 1220/1/1 1215/1/1 1214/1/1
f 1221/1/1 1215/1/1 1220/1/1
f 1224/1/1 1217/1/1 1216/1/1
f 1225/1/1 1217/1/1 1224/1/1
f 1226/1/1 1223/1/1 1222/1/1
f 1227/1/1 1223/1/1 1226/1/1
f 1232/1/1 1229/1/1 1228/1/1
f 1233/1/1 1229/1/1 1232/1/1
f 1238/1/1 1231/1/1 1230/1/1
f 1239/1/1 1231/1/1 1238/1/1
f 1240/1/1 1235/1/1 1234/1/1
f 1241/1/1 1235/1/1 1240/1/1
f 1246/1/1 1237/1/1 1236/1/1
f 1247/1/1 1237/1/1 1246/1/1
f 1248/1/1 1243/1/1 1242/1/1
f 1249/1/1 1243/1/1 1248/1/1
f 1253/2/1 1245/2/1 1244/2/1
f 1254/2/1 1245/2/1 1253/2/1
f 1255/1/1 1251/1/1 1250/1/1
f 1256/1/1 1251/1/1 1255/1/1
f 1258/2/1 1253/2/1 1252/2/1
f 1259/2/1 1253/2/1 1258/2/1
f 1260/1/1 1257/1/1 1256/1/1
f 1261/1/1 1257/1/1 1260/1/1
f 1267/1/1 1263/1/1 1262/1/1
f 1268/1/1 1263/1/1 1267/1/1
f 1269/1/1 1265/1/1 1264/1/1
f 1270/1/1 1265/1/1 1269/1/1
f 1272/1/1 1267/1/1 1266/1/1
f 1273/1/1 1267/1/1 1272/1/1
f 1274/1/1 1271/1/1 1270/1/1
f 1275/1/1 1271/1/1 1274/1/1
f 1280/1/1 1277/1/1 1276/1/1
f 1281/1/1 1277/1/1 1280/1/1
f 1282/1/1 1279/1/1 1278/1/1
f 1283/1/1 1279/1/1 1282/1/1
f 1288/1/1 1287/1/1 1286/1/1
f 1289/1/1 1287/1/1 1288/1/1
f 1290/1/1 1285/1/1 1284/1/1
f 1291/1/1 1285/1/1 1290/1/1
f 1292/2/1 1289/2/1 1288/2/1
f 1293/2/1 1289/2/1 1292/2/1
f 1298/1/1 1295/1/1 1294/1/1
f 1299/1/1 1295/1/1 1298/1/1
f 1300/2/1 1297/2/1 1296/2/1
f 1301/2/1 1297/2/1 1300/2/1
f 1306/1/1 1303/1/1 1302/1/1
f 1307/1/1 1303/1/1 1306/1/1
f 1308/1/1 1305/1/1 1304/1/1
f 1309/1/1 1305/1/1 1308/1/1
f 1314/1/1 1311/1/1 1310/1/1
f 1315/1/1 1311/1/1 1314/1/1
f 1316/1/1 1313/1/1 1312/1/1
f 1317/1/1 1313/1/1 1316/1/1
f 1322/1/1 1319/1/1 1318/1/1
f 1323/1/1 1319/1/1 1322/1/1
f 1326/1/1 1321/1/1 1320/1/1
f 1327/1/1 1321/1/1 1326/1/1
f 1328/1/1 1324/1/1 1323/1/1
f 1329/1/1 1324/1/1 1328/1/1
f 1330/2/1 1326/2/1 1325/2/1
f 1331/2/1 1326/2/1 1330/2/1
f 1336/1/1 1333/1/1 1332/1/1
f 1337/1/1 1333/1/1 1336/1/1
f 1340/2/1 1335/2/1 1334/2/1
f 1341/2/1 1335/2/1 1340/2/1
f 1342/1/1 1338/1/1 1337/1/1
f 1343/1/1 1338/1/1 1342/1/1
f 1348/2/1 1340/2/1 1339/2/1
f 1349/2/1 1340/2/1 1348/2/1
f 1350/1/1 1345/1/1 1344/1/1
f 1351/1/1 1345/1/1 1350/1/1
f 1356/1/1 1347/1/1 1346/1/1
f 1357/1/1 1347/1/1 1356/1/1
f 1358/1/1 1353/1/1 1352/1/1
f 1359/1/1 1353/1/1 1358/1/1
f 1362/1/1 1355/1/1 1354/1/1
f 1363/1/1 1355/1/1 1362/1/1
f 1364/1/1 1361/1/1 1360/1/1
f 1365/1/1 1361/1/1 1364/1/1
f 1372/1/1 1367/1/1 1366/1/1
f 1373/1/1 1367/1/1 1372/1/1
f 1374/1/1 1369/1/1 1368/1/1
f 1375/1/1 1369/1/1 1374/1/1
f 1380/1/1 1371/1/1 1370/1/1
f 1381/1/1 1371/1/1 1380/1/1
f 1382/1/1 1377/1/1 1376/1/1
f 1383/1/1 1377/1/1 1382/1/1
f 1388/2/1 1379/2/1 1378/2/1
f 1389/2/1 1379/2/1 1388/2/1
f 1390/2/1 1385/2/1 1384/2/1
f 1391/2/1 1385/2/1 1390/2/1
f 1395/2/1 1387/2/1 1386/2/1
f 1396/2/1 1387/2/1 1395/2/1
f 1397/2/1 1393/2/1 1392/2/1
f 1398/2/1 1393/2/1 1397/2/1
f 1401/2/1 1395/2/1 1394/2/1
f 1402/2/1 1395/2/1 1401/2/1
f 1403/2/1 1399/2/1 1398/2/1
f 1404/2/1 1399/2/1 1403/2/1
f 1407/2/1 1401/2/1 1400/2/1
f 1408/2/1 1401/2/1 1407/2/1
f 1409/1/1 1405/1/1 1404/1/1
f 1410/1/1 1405/1/1 1409/1/1
f 1413/1/1 1407/1/1 1406/1/1
f 1414/1/1 1407/1/1 1413/1/1
f 1415/1/1 1411/1/1 1410/1/1
f 1416/1/1 1411/1/1 1415/1/1
f 1418/1/1 1413/1/1 1412/1/1
f 1419/1/1 1413/1/1 1418/1/1
f 1420/1/1 1417/1/1 1416/1/1
f 1421/1/1 1417/1/1 1420/1/1
f 1426/1/1 1423/1/1 1422/1/1
f 1427/1/1 1423/1/1 1426/1/1
f 1428/1/1 1425/1/1 1424/1/1
f 1429/1/1 1425/1/1 1428/1/1
f 1434/1/1 1431/1/1 1430/1/1
f 1435/1/1 1431/1/1 1434/1/1
f 1436/1/1 1433/1/1 1432/1/1
f 1437/1/1 1433/1/1 1436/1/1
f 1442/1/1 1439/1/1 1438/1/1
f 1443/1/1 1439/1/1 1442/1/1
f 1444/2/1 1441/2/1 1440/2/1
f 1445/2/1 1441/2/1 1444/2/1
f 1450/2/1 1449/2/1 1448/2/1
f 1451/2/1 1449/2/1 1450/2/1
f 1452/1/1 1447/1/1 1446/1/1
f 1453/1/1 1447/1/1 1452/1/1
f 1454/1/1 1451/1/1 1450/1/1
f 1455/1/1 1451/1/1 1454/1/1
f 1460/1/1 1457/1/1 1456/1/1
f 1461/1/1 1457/1/1 1460/1/1
f 1462/1/1 1459/1/1 1458/1/1
f 1463/1/1 1459/1/1 1462/1/1
f 1468/1/1 1465/1/1 1464/1/1
f 1469/1/1 1465/1/1 1468/1/1
f 1470/1/1 1467/1/1 1466/1/1
f 1471/1/1 1467/1/1 1470/1/1
f 1476/1/1 1473/1/1 1472/1/1
f 1477/1/1 1473/1/1 1476/1/1
f 1480/1/1 1475/1/1 1474/1/1
f 1481/1/1 1475/1/1 1480/1/1
f 1482/1/1 1478/1/1 1477/1/1
f 1483/1/1 1478/1/1 1482/1/1
f 1486/2/1 1480/2/1 1479/2/1
f 1487/2/1 1480/2/1 1486/2/1
f 1488/2/1 1484/2/1 1483/2/1
f 1489/2/1 1484/2/1 1488/2/1
f 1492/2/1 1486/2/1 1485/2/1
f 1493/2/1 1486/2/1 1492/2/1
f 1494/2/1 1490/2/1 1489/2/1
f 1495/2/1 1490/2/1 1494/2/1
f 1498/2/1 1492/2/1 1491/2/1
f 1499/2/1 1492/2/1 1498/2/1
f 1500/1/1 1496/1/1 1495/1/1
f 1501/1/1 1496/1/1 1500/1/1
f 1506/2/1 1498/2/1 1497/2/1
f 1507/2/1 1498/2/1 1506/2/1
f 1508/1/1 1503/1/1 1502/1/1
f 1509/1/1 1503/1/1 1508/1/1
f 1514/2/1 1505/2/1 1504/2/1
f 1515/2/1 1505/2/1 1514/2/1
f 1516/1/1 1511/1/1 1510/1/1
f 1517/1/1 1511/1/1 1516/1/1
f 1522/1/1 1513/1/1 1512/1/1
f 1523/1/1 1513/1/1 1522/1/1
f 1524/1/1 1519/1/1 1518/1/1
f 1525/1/1 1519/1/1 1524/1/1
f 1526/1/1 1521/1/1 1520/1/1
f 1527/1/1 1521/1/1 1526/1/1
f 1532/1/1 1529/1/1 1528/1/1
f 1533/1/1 1529/1/1 1532/1/1
f 1538/1/1 1531/1/1 1530/1/1
f 1539/1/1 1531/1/1 1538/1/1
f 1540/1/1 1535/1/1 1534/1/1
f 1541/1/1 1535/1/1 1540/1/1
f 1546/1/1 1537/1/1 1536/1/1
f 1547/1/1 1537/1/1 1546/1/1
f 1548/1/1 1543/1/1 1542/1/1
f 1549/1/1 1543/1/1 1548/1/1
f 1554/2/1 1545/2/1 1544/2/1
f 1555/2/1 1545/2/1 1554/2/1
f 1556/2/1 1551/2/1 1550/2/1
f 1557/2/1 1551/2/1 1556/2/1
f 1561/2/1 1553/2/1 1552/2/1
f 1562/2/1 1553/2/1 1561/2/1
f 1563/2/1 1559/2/1 1558/2/1
f 1564/2/1 1559/2/1 1563/2/1
f 1567/2/1 1561/2/1 1560/2/1
f 1568/2/1 1561/2/1 1567/2/1
f 1569/2/1 1565/2/1 1564/2/1
f 1570/2/1 1565/2/1 1569/2/1
f 1573/1/1 1567/1/1 1566/1/1
f 1574/1/1 1567/1/1 1573/1/1
f 1575/1/1 1571/1/1 1570/1/1
f 1576/1/1 1571/1/1 1575/1/1
f 1578/1/1 1573/1/1 1572/1/1
f 1579/1/1 1573/1/1 1578/1/1
f 1580/1/1 1577/1/1 1576/1/1
f 1581/1/1 1577/1/1 1580/1/1
f 1588/3/1 1583/3/1 1582/3/1
f 1589/3/1 1583/3/1 1588/3/1
f 1590/1/1 1585/1/1 1584/1/1
f 1591/1/1 1585/1/1 1590/1/1
f 1592/1/1 1587/1/1 1586/1/1
f 1593/1/1 1587/1/1 1592/1/1
f 1598/1/1 1595/1/1 1594/1/1
f 1599/1/1 1595/1/1 1598/1/1
f 1600/1/1 1597/1/1 1596/1/1
f 1601/1/1 1597/1/1 1600/1/1
f 1606/1/1 1603/1/1 1602/1/1
f 1607/1/1 1603/1/1 1606/1/1
f 1608/1/1 1605/1/1 1604/1/1
f 1609/1/1 1605/1/1 1608/1/1
f 1614/1/1 1611/1/1 1610/1/1
f 1615/1/1 1611/1/1 1614/1/1
f 1616/2/1 1613/2/1 1612/2/1
f 1617/2/1 1613/2/1 1616/2/1
f 1622/1/1 1619/1/1 1618/1/1
f 1623/1/1 1619/1/1 1622/1/1
f 1624/1/1 1621/1/1 1620/1/1
f 1625/1/1 1621/1/1 1624/1/1
f 1630/1/1 1627/1/1 1626/1/1
f 1631/1/1 1627/1/1 1630/1/1
f 1632/1/1 1629/1/1 1628/1/1
f 1633/1/1 1629/1/1 1632/1/1
f 1640/3/1 1635/3/1 1634/3/1
f 1641/3/1 1635/3/1 1640/3/1
f 1642/1/1 1637/1/1 1636/1/1
f 1643/1/1 1637/1/1 1642/1/1
f 1644/1/1 1639/1/1 1638/1/1
f 1645/1/1 1639/1/1 1644/1/1
f 1650/1/1 1647/1/1 1646/1/1
f 1651/1/1 1647/1/1 1650/1/1
f 1654/1/1 1649/1/1 1648/1/1
f 1655/1/1 1649/1/1 1654/1/1
f 1656/2/1 1652/2/1 1651/2/1
f 1657/2/1 1652/2/1 1656/2/1
f 1660/2/1 1654/2/1 1653/2/1
f 1661/2/1 1654/2/1 1660/2/1
f 1662/2/1 1658/2/1 1657/2/1
f 1663/2/1 1658/2/1 1662/2/1
f 1666/2/1 1660/2/1 1659/2/1
f 1667/2/1 1660/2/1 1666/2/1
f 1668/2/1 1664/2/1 1663/2/1
f 1669/2/1 1664/2/1 1668/2/1
f 1674/2/1 1666/2/1 1665/2/1
f 1675/2/1 1666/2/1 1674/2/1
f 1676/1/1 1671/1/1 1670/1/1
f 1677/1/1 1671/1/1 1676/1/1
f 1682/2/1 1673/2/1 1672/2/1
f 1683/2/1 1673/2/1 1682/2/1
f 1684/1/1 1679/1/1 1678/1/1
f 1685/1/1 1679/1/1 1684/1/1
f 1690/1/1 1681/1/1 1680/1/1
f 1691/1/1 1681/1/1 1690/1/1
f 1692/1/1 1687/1/1 1686/1/1
f 1693/1/1 1687/1/1 1692/1/1
f 1696/1/1 1689/1/1 1688/1/1
f 1697/1/1 1689/1/1 1696/1/1
f 1698/1/1 1695/1/1 1694/1/1
f 1699/1/1 1695/1/1 1698/1/1
f 1706/1/1 1701/1/1 1700/1/1
f 1707/1/1 1701/1/1 1706/1/1
f 1708/1/1 1703/1/1 1702/1/1
f 1709/1/1 1703/1/1 1708/1/1
f 1714/1/1 1705/1/1 1704/1/1
f 1715/1/1 1705/1/1 1714/1/1
f 1716/1/1 1711/1/1 1710/1/1
f 1717/1/1 1711/1/1 1716/1/1
f 1722/1/1 1713/1/1 1712/1/1
f 1723/1/1 1713/1/1 1722/1/1
f 1724/2/1 1719/2/1 1718/2/1
f 1725/2/1 1719/2/1 1724/2/1
f 1728/2/1 1721/2/1 1720/2/1
f 1729/2/1 1721/2/1 1728/2/1
f 1730/2/1 1727/2/1 1726/2/1
f 1731/2/1 1727/2/1 1730/2/1
f 1736/1/1 1733/1/1 1732/1/1
f 1737/1/1 1733/1/1 1736/1/1
f 1738/1/1 1735/1/1 1734/1/1
f 1739/1/1 1735/1/1 1738/1/1
f 1744/1/1 1741/1/1 1740/1/1
f 1745/1/1 1741/1/1 1744/1/1
f 1746/1/1 1743/1/1 1742/1/1
f 1747/1/1 1743/1/1 1746/1/1
f 1752/1/1 1749/1/1 1748/1/1
f 1753/1/1 1749/1/1 1752/1/1
f 1754/1/1 1751/1/1 1750/1/1
f 1755/1/1 1751/1/1 1754/1/1
f 1760/1/1 1759/1/1 1758/1/1
f 1761/1/1 1759/1/1 1760/1/1
f 1762/1/1 1757/1/1 1756/1/1
f 1763/1/1 1757/1/1 1762/1/1
f 1764/2/1 1761/2/1 1760/2/1
f 1765/2/1 1761/2/1 1764/2/1
f 1770/1/1 1769/1/1 1768/1/1
f 1771/1/1 1767/1/1 1766/1/1
f 1772/1/1 1767/1/1 1771/1/1
f 1773/1/1 1769/1/1 1770/1/1
f 1774/1/1 1769/1/1 1773/1/1
f 1779/1/1 1776/1/1 1775/1/1
f 1780/1/1 1776/1/1 1779/1/1
f 1781/1/1 1778/1/1 1777/1/1
f 1782/1/1 1778/1/1 1781/1/1
f 1787/1/1 1784/1/1 1783/1/1
f 1788/1/1 1784/1/1 1787/1/1
f 1789/1/1 1786/1/1 1785/1/1
f 1790/1/1 1786/1/1 1789/1/1
f 1795/1/1 1792/1/1 1791/1/1
f 1796/1/1 1792/1/1 1795/1/1
f 1797/1/1 1794/1/1 1793/1/1
f 1798/1/1 1794/1/1 1797/1/1
f 1803/1/1 1800/1/1 1799/1/1
f 1804/1/1 1800/1/1 1803/1/1
f 1809/2/1 1802/2/1 1801/2/1
f 1810/2/1 1802/2/1 1809/2/1
f 1811/1/1 1806/1/1 1805/1/1
f 1812/1/1 1806/1/1 1811/1/1
f 1817/1/1 1808/1/1 1807/1/1
f 1818/1/1 1808/1/1 1817/1/1
f 1819/1/1 1814/1/1 1813/1/1
f 1820/1/1 1814/1/1 1819/1/1
f 1825/1/1 1816/1/1 1815/1/1
f 1826/1/1 1816/1/1 1825/1/1
f 1827/1/1 1822/1/1 1821/1/1
f 1828/1/1 1822/1/1 1827/1/1
f 1829/1/1 1824/1/1 1823/1/1
f 1830/1/1 1824/1/1 1829/1/1
f 1837/1/1 1832/1/1 1831/1/1
f 1838/1/1 1832/1/1 1837/1/1
f 1839/1/1 1834/1/1 1833/1/1
f 1840/1/1 1834/1/1 1839/1/1
f 1845/1/1 1836/1/1 1835/1/1
f 1846/1/1 1836/1/1 1845/1/1
f 1847/1/1 1842/1/1 1841/1/1
f 1848/1/1 1842/1/1 1847/1/1
f 1851/2/1 1844/2/1 1843/2/1
f 1852/2/1 1844/2/1 1851/2/1
f 1853/2/1 1850/2/1 1849/2/1
f 1854/2/1 1850/2/1 1853/2/1
f 1860/2/1 1856/2/1 1855/2/1
f 1861/2/1 1856/2/1 1860/2/1
f 1862/2/1 1858/2/1 1857/2/1
f 1863/2/1 1858/2/1 1862/2/1
f 1866/1/1 1860/1/1 1859/1/1
f 1867/1/1 1860/1/1 1866/1/1
f 1868/2/1 1864/2/1 1863/2/1
f 1869/2/1 1864/2/1 1868/2/1
f 1871/1/1 1866/1/1 1865/1/1
f 1872/1/1 1866/1/1 1871/1/1
f 1873/1/1 1870/1/1 1869/1/1
f 1874/1/1 1870/1/1 1873/1/1
f 1879/1/1 1876/1/1 1875/1/1
f 1880/1/1 1876/1/1 1879/1/1
f 1881/1/1 1878/1/1 1877/1/1
f 1882/1/1 1878/1/1 1881/1/1
f 1887/1/1 1884/1/1 1883/1/1
f 1888/1/1 1884/1/1 1887/1/1
f 1889/1/1 1886/1/1 1885/1/1
f 1890/1/1 1886/1/1 1889/1/1
f 1895/1/1 1892/1/1 1891/1/1
f 1896/1/1 1892/1/1 1895/1/1
f 1897/1/1 1894/1/1 1893/1/1
f 1898/1/1 1894/1/1 1897/1/1
f 1903/1/1 1900/1/1 1899/1/1
f 1904/1/1 1900/1/1 1903/1/1
f 1905/1/1 1902/1/1 1901/1/1
f 1906/1/1 1902/1/1 1905/1/1
f 1911/1/1 1908/1/1 1907/1/1
f 1912/1/1 1908/1/1 1911/1/1
f 1913/1/1 1910/1/1 1909/1/1
f 1914/1/1 1910/1/1 1913/1/1
f 1919/1/1 1916/1/1 1915/1/1
f 1920/1/1 1916/1/1 1919/1/1
f 1921/1/1 1918/1/1 1917/1/1
f 1922/1/1 1918/1/1 1921/1/1
f 1927/2/1 1924/2/1 1923/2/1
f 1928/2/1 1924/2/1 1927/2/1
f 1931/1/1 1926/1/1 1925/1/1
f 1932/1/1 1926/1/1 1931/1/1
f 1933/2/1 1929/2/1 1928/2/1
f 1934/2/1 1929/2/1 1933/2/1
f 1937/1/1 1931/1/1 1930/1/1
f 1938/1/1 1931/1/1 1937/1/1
f 1939/2/1 1935/2/1 1934/2/1
f 1940/2/1 1935/2/1 1939/2/1
f 1941/1/1 1937/1/1 1936/1/1
f 1942/1/1 1937/1/1 1941/1/1
f 1947/1/1 1944/1/1 1943/1/1
f 1948/1/1 1944/1/1 1947/1/1
f 1953/1/1 1946/1/1 1945/1/1
f 1954/1/1 1946/1/1 1953/1/1
f 1955/1/1 1950/1/1 1949/1/1
f 1956/1/1 1950/1/1 1955/1/1
f 1961/1/1 1952/1/1 1951/1/1
f 1962/1/1 1952/1/1 1961/1/1
f 1963/1/1 1958/1/1 1957/1/1
f 1964/1/1 1958/1/1 1963/1/1
f 1965/1/1 1960/1/1 1959/1/1
f 1966/1/1 1960/1/1 1965/1/1
f 1973/1/1 1968/1/1 1967/1/1
f 1974/1/1 1968/1/1 1973/1/1
f 1975/1/1 1970/1/1 1969/1/1
f 1976/1/1 1970/1/1 1975/1/1
f 1979/1/1 1972/1/1 1971/1/1
f 1980/1/1 1972/1/1 1979/1/1
f 1981/2/1 1978/2/1 1977/2/1
f 1982/2/1 1978/2/1 1981/2/1
f 1987/2/1 1984/2/1 1983/2/1
f 1988/2/1 1984/2/1 1987/2/1
f 1989/2/1 1986/2/1 1985/2/1
f 1990/2/1 1986/2/1 1989/2/1
f 1995/1/1 1992/1/1 1991/1/1
f 1996/1/1 1992/1/1 1995/1/1
f 1997/1/1 1994/1/1 1993/1/1
f 1998/1/1 1994/1/1 1997/1/1
f 2003/1/1 2000/1/1 1999/1/1
f 2004/1/1 2000/1/1 2003/1/1
f 2005/1/1 2002/1/1 2001/1/1
f 2006/1/1 2002/1/1 2005/1/1
f 2011/1/1 2008/1/1 2007/1/1
f 2012/1/1 2008/1/1 2011/1/1
f 2013/1/1 2010/1/1 2009/1/1
f 2014/1/1 2010/1/1 2013/1/1
f 2019/1/1 2016/1/1 2015/1/1
f 2020/1/1 2016/1/1 2019/1/1
f 2021/1/1 2018/1/1 2017/1/1
f 2022/1/1 2018/1/1 2021/1/1
f 2027/1/1 2024/1/1 2023/1/1
f 2028/1/1 2024/1/1 2027/1/1
f 2029/1/1 2026/1/1 2025/1/1
f 2030/1/1 2026/1/1 2029/1/1
f 2035/1/1 2032/1/1 2031/1/1
f 2036/1/1 2032/1/1 2035/1/1
f 2037/1/1 2034/1/1 2033/1/1
f 2038/1/1 2034/1/1 2037/1/1
f 2043/1/1 2040/1/1 2039/1/1
f 2044/1/1 2040/1/1 2043/1/1
f 2045/1/1 2042/1/1 2041/1/1
f 2046/1/1 2042/1/1 2045/1/1
f 2051/1/1 2048/1/1 2047/1/1
f 2052/1/1 2048/1/1 2051/1/1
f 2057/1/1 2050/1/1 2049/1/1
f 2058/1/1 2050/1/1 2057/1/1
f 2059/1/1 2054/1/1 2053/1/1
f 2060/1/1 2054/1/1 2059/1/1
f 2061/1/1 2056/1/1 2055/1/1
f 2062/1/1 2056/1/1 2061/1/1
f 2067/1/1 2064/1/1 2063/1/1
f 2068/1/1 2064/1/1 2067/1/1
f 2071/1/1 2066/1/1 2065/1/1
f 2072/1/1 2066/1/1 2071/1/1
f 2073/1/1 2070/1/1 2069/1/1
f 2074/1/1 2070/1/1 2073/1/1
f 2079/1/1 2076/1/1 2075/1/1
f 2080/1/1 2076/1/1 2079/1/1
f 2081/2/1 2078/2/1 2077/2/1
f 2082/2/1 2078/2/1 2081/2/1
f 2087/1/1 2084/1/1 2083/1/1
f 2088/1/1 2084/1/1 2087/1/1
f 2089/1/1 2086/1/1 2085/1/1
f 2090/1/1 2086/1/1 2089/1/1
f 2095/1/1 2092/1/1 2091/1/1
f 2096/1/1 2092/1/1 2095/1/1
f 2097/1/1 2094/1/1 2093/1/1
f 2098/1/1 2094/1/1 2097/1/1
f 2103/1/1 2100/1/1 2099/1/1
f 2104/1/1 2100/1/1 2103/1/1
f 2105/1/1 2102/1/1 2101/1/1
f 2106/1/1 2102/1/1 2105/1/1
f 2111/1/1 2108/1/1 2107/1/1
f 2112/1/1 2108/1/1 2111/1/1
f 2113/1/1 2110/1/1 2109/1/1
f 2114/1/1 2110/1/1 2113/1/1
f 2119/1/1 2116/1/1 2115/1/1
f 2120/1/1 2116/1/1 2119/1/1
f 2121/1/1 2118/1/1 2117/1/1
f 2122/1/1 2118/1/1 2121/1/1
f 2127/1/1 2124/1/1 2123/1/1
f 2128/1/1 2124/1/1 2127/1/1
f 2129/1/1 2126/1/1 2125/1/1
f 2130/1/1 2126/1/1 2129/1/1
f 2135/1/1 2132/1/1 2131/1/1
f 2136/1/1 2132/1/1 2135/1/1
f 2139/1/1 2134/1/1 2133/1/1
f 2140/1/1 2134/1/1 2139/1/1
f 2141/1/1 2138/1/1 2137/1/1
f 2142/1/1 2138/1/1 2141/1/1
f 2147/1/1 2144/1/1 2143/1/1
f 2148/1/1 2144/1/1 2147/1/1
f 2149/1/1 2146/1/1 2145/1/1
f 2150/1/1 2146/1/1 2149/1/1
f 2156/1/1 2152/1/1 2151/1/1
f 2157/1/1 2152/1/1 2156/1/1
f 2158/2/1 2154/2/1 2153/2/1
f 2159/2/1 2154/2/1 2158/2/1
f 2161/1/1 2156/1/1 2155/1/1
f 2162/1/1 2156/1/1 2161/1/1
f 2163/2/1 2160/2/1 2159/2/1
f 2164/2/1 2160/2/1 2163/2/1
f 2169/1/1 2166/1/1 2165/1/1
f 2170/1/1 2166/1/1 2169/1/1
f 2171/1/1 2168/1/1 2167/1/1
f 2172/1/1 2168/1/1 2171/1/1
f 2177/1/1 2174/1/1 2173/1/1
f 2178/1/1 2174/1/1 2177/1/1
f 2179/1/1 2176/1/1 2175/1/1
f 2180/1/1 2176/1/1 2179/1/1
f 2185/2/1 2182/2/1 2181/2/1
f 2186/2/1 2182/2/1 2185/2/1
f 2189/1/1 2184/1/1 2183/1/1
f 2190/1/1 2184/1/1 2189/1/1
f 2191/2/1 2187/2/1 2186/2/1
f 2192/2/1 2187/2/1 2191/2/1
f 2193/1/1 2189/1/1 2188/1/1
f 2194/1/1 2189/1/1 2193/1/1
f 2199/1/1 2196/1/1 2195/1/1
f 2200/1/1 2196/1/1 2199/1/1
f 2201/1/1 2198/1/1 2197/1/1
f 2202/1/1 2198/1/1 2201/1/1
f 2207/1/1 2204/1/1 2203/1/1
f 2208/1/1 2204/1/1 2207/1/1
f 2209/2/1 2206/2/1 2205/2/1
f 2210/2/1 2206/2/1 2209/2/1
f 2215/1/1 2212/1/1 2211/1/1
f 2216/1/1 2212/1/1 2215/1/1
f 2217/2/1 2214/2/1 2213/2/1
f 2218/2/1 2214/2/1 2217/2/1
f 2223/1/1 2220/1/1 2219/1/1
f 2224/1/1 2220/1/1 2223/1/1
f 2225/1/1 2222/1/1 2221/1/1
f 2226/1/1 2222/1/1 2225/1/1
f 2231/1/1 2228/1/1 2227/1/1
f 2232/1/1 2228/1/1 2231/1/1
f 2233/1/1 2230/1/1 2229/1/1
f 2234/1/1 2230/1/1 2233/1/1
f 2239/1/1 2236/1/1 2235/1/1
f 2240/1/1 2236/1/1 2239/1/1
f 2241/1/1 2238/1/1 2237/1/1
f 2242/1/1 2238/1/1 2241/1/1
f 2247/2/1 2244/2/1 2243/2/1
f 2248/2/1 2244/2/1 2247/2/1
f 2249/1/1 2246/1/1 2245/1/1
f 2250/1/1 2246/1/1 2249/1/1
f 2255/1/1 2252/1/1 2251/1/1
f 2256/1/1 2252/1/1 2255/1/1
f 2257/1/1 2254/1/1 2253/1/1
f 2258/1/1 2254/1/1 2257/1/1
f 2263/1/1 2260/1/1 2259/1/1
f 2264/1/1 2260/1/1 2263/1/1
f 2265/1/1 2262/1/1 2261/1/1
f 2266/1/1 2262/1/1 2265/1/1
f 2271/1/1 2268/1/1 2267/1/1
f 2272/1/1 2268/1/1 2271/1/1
f 2273/1/1 2270/1/1 2269/1/1
f 2274/1/1 2270/1/1 2273/1/1
f 2279/1/1 2276/1/1 2275/1/1
f 2280/1/1 2276/1/1 2279/1/1
f 2281/1/1 2278/1/1 2277/1/1
f 2282/1/1 2278/1/1 2281/1/1
f 2287/1/1 2284/1/1 2283/1/1
f 2288/1/1 2284/1/1 2287/1/1
f 2289/1/1 2286/1/1 2285/1/1
f 2290/1/1 2286/1/1 2289/1/1
f 2295/1/1 2292/1/1 2291/1/1
f 2296/1/1 2292/1/1 2295/1/1
f 2297/1/1 2294/1/1 2293/1/1
f 2298/1/1 2294/1/1 2297/1/1
f 2301/4/1 2300/4/1 2299/4/1
f 2302/4/1 2300/4/1 2301/4/1
f 2305/4/1 2304/4/1 2303/4/1
f 2306/4/1 2304/4/1 2305/4/1
f 2309/4/1 2308/4/1 2307/4/1
f 2310/4/1 2308/4/1 2309/4/1
f 2313/4/1 2312/4/1 2311/4/1
f 2314/4/1 2312/4/1 2313/4/1
f 2317/4/1 2316/4/1 2315/4/1
f 2318/4/1 2316/4/1 2317/4/1
f 2321/4/1 2320/4/1 2319/4/1
f 2322/4/1 2320/4/1 2321/4/1
f 2325/4/1 2324/4/1 2323/4/1
f 2326/4/1 2324/4/1 2325/4/1
f 2329/4/1 2328/4/1 2327/4/1
f 2330/4/1 2328/4/1 2329/4/1
f 2333/4/1 2332/4/1 2331/4/1
f 2334/4/1 2332/4/1 2333/4/1
f 2337/4/1 2336/4/1 2335/4/1
f 2338/4/1 2336/4/1 2337/4/1
f 2341/4/1 2340/4/1 2339/4/1
f 2342/4/1 2340/4/1 2341/4/1
f 2345/4/1 2344/4/1 2343/4/1
f 2346/4/1 2344/4/1 2345/4/1
f 2349/4/1 2348/4/1 2347/4/1
f 2350/4/1 2348/4/1 2349/4/1
f 2353/4/1 2352/4/1 2351/4/1
f 2354/4/1 2352/4/1 2353/4/1
f 2357/4/1 2356/4/1 2355/4/1
f 2358/4/1 2356/4/1 2357/4/1
f 2360/4/1 2359/4/1 2358/4/1
f 2361/4/1 2359/4/1 2360/4/1
f 2364/4/1 2363/4/1 2362/4/1
f 2365/4/1 2363/4/1 2364/4/1
f 2367/4/1 2366/4/1 2365/4/1
f 2368/4/1 2366/4/1 2367/4/1
f 2371/4/1 2370/4/1 2369/4/1
f 2372/4/1 2370/4/1 2371/4/1
f 2375/4/1 2374/4/1 2373/4/1
f 2376/4/1 2374/4/1 2375/4/1
f 2379/4/1 2378/4/1 2377/4/1
f 2380/4/1 2378/4/1 2379/4/1
f 2382/4/1 2381/4/1 2380/4/1
f 2383/4/1 2381/4/1 2382/4/1
f 2386/4/1 2385/4/1 2384/4/1
f 2387/4/1 2385/4/1 2386/4/1
f 2390/4/1 2389/4/1 2388/4/1
f 2391/4/1 2389/4/1 2390/4/1
f 2394/4/1 2393/4/1 2392/4/1
f 2395/4/1 2393/4/1 2394/4/1
f 2396/4/1 2393/4/1 2395/4/1
f 2398/4/1 2397/4/1 2396/4/1
f 2399/4/1 2397/4/1 2398/4/1
f 2401/4/1 2400/4/1 2399/4/1
f 2403/4/1 2401/4/1 2399/4/1
f 2403/4/1 2402/4/1 2401/4/1
f 2404/4/1 2402/4/1 2403/4/1
f 2405/4/2 2406/4/2 2407/4/2
f 2407/4/2 2406/4/2 2408/4/2
f 2408/4/2 2406/4/2 2409/4/2
f 2409/4/2 2410/4/2 2411/4/2
f 2411/4/2 2410/4/2 2412/4/2
f 2412/4/2 2413/4/2 2414/4/2
f 2412/4/2 2414/4/2 2416/4/2
f 2414/4/2 2415/4/2 2416/4/2
f 2416/4/2 2415/4/2 2417/4/2
f 2418/4/2 2419/4/2 2420/4/2
f 2420/4/2 2419/4/2 2421/4/2
f 2422/4/2 2423/4/2 2424/4/2
f 2424/4/2 2423/4/2 2425/4/2
f 2425/4/2 2426/4/2 2427/4/2
f 2427/4/2 2426/4/2 2428/4/2
f 2429/4/2 2430/4/2 2431/4/2
f 2431/4/2 2430/4/2 2432/4/2
f 2433/4/2 2434/4/2 2435/4/2
f 2435/4/2 2434/4/2 2436/4/2
f 2437/4/2 2438/4/2 2439/4/2
f 2439/4/2 2438/4/2 2440/4/2
f 2441/4/2 2442/4/2 2443/4/2
f 2443/4/2 2442/4/2 2444/4/2
f 2445/4/2 2446/4/2 2447/4/2
f 2447/4/2 2446/4/2 2448/4/2
f 2449/4/2 2450/4/2 2451/4/2
f 2451/4/2 2450/4/2 2452/4/2
f 2452/4/2 2453/4/2 2454/4/2
f 2454/4/2 2453/4/2 2455/4/2
f 2456/4/2 2457/4/2 2458/4/2
f 2458/4/2 2457/4/2 2459/4/2
f 2460/4/2 2461/4/2 2462/4/2
f 2462/4/2 2461/4/2 2463/4/2
f 2464/4/2 2465/4/2 2466/4/2
f 2466/4/2 2465/4/2 2467/4/2
f 2468/4/2 2469/4/2 2470/4/2
f 2470/4/2 2469/4/2 2471/4/2
f 2472/4/2 2473/4/2 2474/4/2
f 2474/4/2 2473/4/2 2475/4/2
f 2476/4/2 2477/4/2 2478/4/2
f 2478/4/2 2477/4/2 2479/4/2
f 2480/4/2 2481/4/2 2482/4/2
f 2482/4/2 2481/4/2 2483/4/2
f 2484/4/2 2485/4/2 2486/4/2
f 2486/4/2 2485/4/2 2487/4/2
f 2488/4/2 2489/4/2 2490/4/2
f 2490/4/2 2489/4/2 2491/4/2
f 2492/4/2 2493/4/2 2494/4/2
f 2494/4/2 2493/4/2 2495/4/2
f 2496/4/2 2497/4/2 2498/4/2
f 2498/4/2 2497/4/2 2499/4/2
f 2500/4/2 2501/4/2 2502/4/2
f 2502/4/2 2501/4/2 2503/4/2
f 2504/1/2 2505/1/2 2508/1/2
f 2508/1/2 2505/1/2 2509/1/2
f 2506/1/2 2507/1/2 2510/1/2
f 2510/1/2 2507/1/2 2511/1/2
f 2512/1/2 2513/1/2 2516/1/2
f 2516/1/2 2513/1/2 2517/1/2
f 2514/1/2 2515/1/2 2518/1/2
f 2518/1/2 2515/1/2 2519/1/2
f 2520/1/2 2521/1/2 2524/1/2
f 2524/1/2 2521/1/2 2525/1/2
f 2522/1/2 2523/1/2 2526/1/2
f 2526/1/2 2523/1/2 2527/1/2
f 2528/1/2 2529/1/2 2532/1/2
f 2532/1/2 2529/1/2 2533/1/2
f 2530/1/2 2531/1/2 2534/1/2
f 2534/1/2 2531/1/2 2535/1/2
f 2536/1/2 2537/1/2 2540/1/2
f 2540/1/2 2537/1/2 2541/1/2
f 2538/1/2 2539/1/2 2542/1/2
f 2542/1/2 2539/1/2 2543/1/2
f 2544/1/2 2545/1/2 2548/1/2
f 2548/1/2 2545/1/2 2549/1/2
f 2546/1/2 2547/1/2 2550/1/2
f 2550/1/2 2547/1/2 2551/1/2
f 2552/1/2 2553/1/2 2556/1/2
f 2556/1/2 2553/1/2 2557/1/2
f 2554/1/2 2555/1/2 2558/1/2
f 2558/1/2 2555/1/2 2559/1/2
f 2560/1/2 2561/1/2 2564/1/2
f 2564/1/2 2561/1/2 2565/1/2
f 2562/1/2 2563/1/2 2566/1/2
f 2566/1/2 2563/1/2 2567/1/2
f 2568/1/2 2569/1/2 2572/1/2
f 2572/1/2 2569/1/2 2573/1/2
f 2570/1/2 2571/1/2 2574/1/2
f 2574/1/2 2571/1/2 2575/1/2
f 2576/1/2 2577/1/2 2580/1/2
f 2580/1/2 2577/1/2 2581/1/2
f 2578/1/2 2579/1/2 2582/1/2
f 2582/1/2 2579/1/2 2583/1/2
f 2584/1/2 2585/1/2 2588/1/2
f 2588/1/2 2585/1/2 2589/1/2
f 2586/1/2 2587/1/2 2590/1/2
f 2590/1/2 2587/1/2 2591/1/2
f 2592/1/2 2593/1/2 2596/1/2
f 2596/1/2 2593/1/2 2597/1/2
f 2594/1/2 2595/1/2 2598/1/2
f 2598/1/2 2595/1/2 2599/1/2
f 2600/1/2 2601/1/2 2604/1/2
f 2604/1/2 2601/1/2 2605/1/2
f 2602/1/2 2603/1/2 2606/1/2
f 2606/1/2 2603/1/2 2607/1/2
f 2608/1/2 2609/1/2 2613/1/2
f 2613/1/2 2609/1/2 2614/1/2
f 2610/1/2 2611/1/2 2615/1/2
f 2615/1/2 2611/1/2 2616/1/2
f 2612/1/2 2613/1/2 2618/1/2
f 2618/1/2 2613/1/2 2619/1/2
f 2616/1/2 2617/1/2 2620/1/2
f 2620/1/2 2617/1/2 2621/1/2
f 2622/1/2 2623/1/2 2626/1/2
f 2626/1/2 2623/1/2 2627/1/2
f 2624/1/2 2625/1/2 2628/1/2
f 2628/1/2 2625/1/2 2629/1/2
f 2630/1/2 2631/1/2 2634/1/2
f 2634/1/2 2631/1/2 2635/1/2
f 2632/1/2 2633/1/2 2636/1/2
f 2636/1/2 2633/1/2 2637/1/2
f 2638/1/2 2639/1/2 2642/1/2
f 2642/1/2 2639/1/2 2643/1/2
f 2640/1/2 2641/1/2 2646/1/2
f 2646/1/2 2641/1/2 2647/1/2
f 2643/1/2 2644/1/2 2648/1/2
f 2648/1/2 2644/1/2 2649/1/2
f 2645/1/2 2646/1/2 2650/1/2
f 2650/1/2 2646/1/2 2651/1/2
f 2652/1/2 2653/1/2 2656/1/2
f 2656/1/2 2653/1/2 2657/1/2
f 2654/1/2 2655/1/2 2658/1/2
f 2658/1/2 2655/1/2 2659/1/2
f 2660/1/2 2661/1/2 2664/1/2
f 2664/1/2 2661/1/2 2665/1/2
f 2662/1/2 2663/1/2 2668/1/2
f 2668/1/2 2663/1/2 2669/1/2
f 2666/1/2 2667/1/2 2670/1/2
f 2670/1/2 2667/1/2 2671/1/2
f 2672/1/2 2673/1/2 2676/1/2
f 2676/1/2 2673/1/2 2677/1/2
f 2674/1/2 2675/1/2 2678/1/2
f 2678/1/2 2675/1/2 2679/1/2
f 2680/1/2 2681/1/2 2684/1/2
f 2684/1/2 2681/1/2 2685/1/2
f 2682/1/2 2683/1/2 2686/1/2
f 2686/1/2 2683/1/2 2687/1/2
f 2688/1/2 2689/1/2 2692/1/2
f 2692/1/2 2689/1/2 2693/1/2
f 2690/1/2 2691/1/2 2694/1/2
f 2694/1/2 2691/1/2 2695/1/2
f 2696/1/2 2697/1/2 2700/1/2
f 2700/1/2 2697/1/2 2701/1/2
f 2698/1/2 2699/1/2 2702/1/2
f 2702/1/2 2699/1/2 2703/1/2
f 2704/1/2 2705/1/2 2708/1/2
f 2708/1/2 2705/1/2 2709/1/2
f 2706/2/2 2707/2/2 2710/2/2
f 2710/2/2 2707/2/2 2711/2/2
f 2712/2/2 2713/2/2 2716/2/2
f 2716/2/2 2713/2/2 2717/2/2
f 2714/2/2 2715/2/2 2718/2/2
f 2718/2/2 2715/2/2 2719/2/2
f 2720/1/2 2721/1/2 2724/1/2
f 2724/1/2 2721/1/2 2725/1/2
f 2722/1/2 2723/1/2 2726/1/2
f 2726/1/2 2723/1/2 2727/1/2
f 2728/1/2 2729/1/2 2732/1/2
f 2732/1/2 2729/1/2 2733/1/2
f 2730/1/2 2731/1/2 2736/1/2
f 2736/1/2 2731/1/2 2737/1/2
f 2734/1/2 2735/1/2 2738/1/2
f 2738/1/2 2735/1/2 2739/1/2
f 2740/1/2 2741/1/2 2746/1/2
f 2746/1/2 2741/1/2 2747/1/2
f 2742/1/2 2743/1/2 2748/1/2
f 2748/1/2 2743/1/2 2749/1/2
f 2744/1/2 2745/1/2 2752/1/2
f 2752/1/2 2745/1/2 2753/1/2
f 2750/1/2 2751/1/2 2754/1/2
f 2754/1/2 2751/1/2 2755/1/2
f 2756/1/2 2757/1/2 2760/1/2
f 2760/1/2 2757/1/2 2761/1/2
f 2758/1/2 2759/1/2 2762/1/2
f 2762/1/2 2759/1/2 2763/1/2
f 2764/1/2 2765/1/2 2768/1/2
f 2768/1/2 2765/1/2 2769/1/2
f 2766/1/2 2767/1/2 2770/1/2
f 2770/1/2 2767/1/2 2771/1/2
f 2772/3/2 2773/3/2 2774/3/2
f 2774/3/2 2773/3/2 2775/3/2
f 2776/1/2 2777/1/2 2780/1/2
f 2780/1/2 2777/1/2 2781/1/2
f 2778/1/2 2779/1/2 2782/1/2
f 2782/1/2 2779/1/2 2783/1/2
f 2784/1/2 2785/1/2 2788/1/2
f 2788/1/2 2785/1/2 2789/1/2
f 2786/1/2 2787/1/2 2790/1/2
f 2790/1/2 2787/1/2 2791/1/2
f 2792/1/2 2793/1/2 2796/1/2
f 2796/1/2 2793/1/2 2797/1/2
f 2794/2/2 2795/2/2 2798/2/2
f 2798/2/2 2795/2/2 2799/2/2
f 2800/2/2 2801/2/2 2806/2/2
f 2806/2/2 2801/2/2 2807/2/2
f 2802/2/2 2803/2/2 2808/2/2
f 2808/2/2 2803/2/2 2809/2/2
f 2804/3/2 2805/3/2 2810/3/2
f 2810/3/2 2805/3/2 2811/3/2
f 2812/2/2 2813/2/2 2816/2/2
f 2816/2/2 2813/2/2 2817/2/2
f 2814/2/2 2815/2/2 2818/2/2
f 2818/2/2 2815/2/2 2819/2/2
f 2820/1/2 2821/1/2 2824/1/2
f 2824/1/2 2821/1/2 2825/1/2
f 2822/1/2 2823/1/2 2826/1/2
f 2826/1/2 2823/1/2 2827/1/2
f 2828/1/2 2829/1/2 2832/1/2
f 2832/1/2 2829/1/2 2833/1/2
f 2830/1/2 2831/1/2 2838/1/2
f 2838/1/2 2831/1/2 2839/1/2
f 2834/1/2 2835/1/2 2840/1/2
f 2840/1/2 2835/1/2 2841/1/2
f 2836/1/2 2837/1/2 2842/1/2
f 2842/1/2 2837/1/2 2843/1/2
f 2844/1/2 2845/1/2 2850/1/2
f 2850/1/2 2845/1/2 2851/1/2
f 2846/1/2 2847/1/2 2852/1/2
f 2852/1/2 2847/1/2 2853/1/2
f 2848/1/2 2849/1/2 2858/1/2
f 2858/1/2 2849/1/2 2859/1/2
f 2854/1/2 2855/1/2 2860/1/2
f 2860/1/2 2855/1/2 2861/1/2
f 2856/1/2 2857/1/2 2864/1/2
f 2864/1/2 2857/1/2 2865/1/2
f 2862/1/2 2863/1/2 2866/1/2
f 2866/1/2 2863/1/2 2867/1/2
f 2868/1/2 2869/1/2 2873/1/2
f 2873/1/2 2869/1/2 2874/1/2
f 2870/1/2 2871/1/2 2875/1/2
f 2875/1/2 2871/1/2 2876/1/2
f 2872/1/2 2873/1/2 2879/1/2
f 2879/1/2 2873/1/2 2880/1/2
f 2876/1/2 2877/1/2 2881/1/2
f 2881/1/2 2877/1/2 2882/1/2
f 2878/1/2 2879/1/2 2884/1/2
f 2884/1/2 2879/1/2 2885/1/2
f 2882/1/2 2883/1/2 2886/1/2
f 2886/1/2 2883/1/2 2887/1/2
f 2888/1/2 2889/1/2 2892/1/2
f 2892/1/2 2889/1/2 2893/1/2
f 2890/1/2 2891/1/2 2894/1/2
f 2894/1/2 2891/1/2 2895/1/2
f 2896/1/2 2897/1/2 2900/1/2
f 2900/1/2 2897/1/2 2901/1/2
f 2898/1/2 2899/1/2 2902/1/2
f 2902/1/2 2899/1/2 2903/1/2
f 2904/1/2 2905/1/2 2908/1/2
f 2908/1/2 2905/1/2 2909/1/2
f 2906/1/2 2907/1/2 2910/1/2
f 2910/1/2 2907/1/2 2911/1/2
f 2912/1/2 2913/1/2 2916/1/2
f 2916/1/2 2913/1/2 2917/1/2
f 2914/2/2 2915/2/2 2918/2/2
f 2918/2/2 2915/2/2 2919/2/2
f 2920/2/2 2921/2/2 2924/2/2
f 2924/2/2 2921/2/2 2925/2/2
f 2922/2/2 2923/2/2 2926/2/2
f 2926/2/2 2923/2/2 2927/2/2
f 2928/2/2 2929/2/2 2932/2/2
f 2932/2/2 2929/2/2 2933/2/2
f 2930/2/2 2931/2/2 2934/2/2
f 2934/2/2 2931/2/2 2935/2/2
f 2936/2/2 2937/2/2 2940/2/2
f 2940/2/2 2937/2/2 2941/2/2
f 2938/2/2 2939/2/2 2944/2/2
f 2944/2/2 2939/2/2 2945/2/2
f 2941/1/2 2942/1/2 2946/1/2
f 2946/1/2 2942/1/2 2947/1/2
f 2943/1/2 2944/1/2 2950/1/2
f 2950/1/2 2944/1/2 2951/1/2
f 2947/1/2 2948/1/2 2952/1/2
f 2952/1/2 2948/1/2 2953/1/2
f 2949/1/2 2950/1/2 2954/1/2
f 2954/1/2 2950/1/2 2955/1/2
f 2956/1/2 2957/1/2 2960/1/2
f 2960/1/2 2957/1/2 2961/1/2
f 2958/1/2 2959/1/2 2966/1/2
f 2966/1/2 2959/1/2 2967/1/2
f 2962/1/2 2963/1/2 2968/1/2
f 2968/1/2 2963/1/2 2969/1/2
f 2964/1/2 2965/1/2 2974/1/2
f 2974/1/2 2965/1/2 2975/1/2
f 2970/1/2 2971/1/2 2976/1/2
f 2976/1/2 2971/1/2 2977/1/2
f 2972/1/2 2973/1/2 2978/1/2
f 2978/1/2 2973/1/2 2979/1/2
f 2980/1/2 2981/1/2 2986/1/2
f 2986/1/2 2981/1/2 2987/1/2
f 2982/1/2 2983/1/2 2988/1/2
f 2988/1/2 2983/1/2 2989/1/2
f 2984/1/2 2985/1/2 2994/1/2
f 2994/1/2 2985/1/2 2995/1/2
f 2990/1/2 2991/1/2 2996/1/2
f 2996/1/2 2991/1/2 2997/1/2
f 2992/1/2 2993/1/2 3002/1/2
f 3002/1/2 2993/1/2 3003/1/2
f 2998/1/2 2999/1/2 3004/1/2
f 3004/1/2 2999/1/2 3005/1/2
f 3000/1/2 3001/1/2 3008/1/2
f 3008/1/2 3001/1/2 3009/1/2
f 3006/1/2 3007/1/2 3010/1/2
f 3010/1/2 3007/1/2 3011/1/2
f 3012/1/2 3013/1/2 3016/1/2
f 3016/1/2 3013/1/2 3017/1/2
f 3014/1/2 3015/1/2 3018/1/2
f 3018/1/2 3015/1/2 3019/1/2
f 3020/1/2 3021/1/2 3024/1/2
f 3024/1/2 3021/1/2 3025/1/2
f 3022/1/2 3023/1/2 3026/1/2
f 3026/1/2 3023/1/2 3027/1/2
f 3028/1/2 3029/1/2 3032/1/2
f 3032/1/2 3029/1/2 3033/1/2
f 3030/1/2 3031/1/2 3034/1/2
f 3034/1/2 3031/1/2 3035/1/2
f 3036/1/2 3037/1/2 3040/1/2
f 3040/1/2 3037/1/2 3041/1/2
f 3038/1/2 3039/1/2 3042/1/2
f 3042/1/2 3039/1/2 3043/1/2
f 3044/1/2 3045/1/2 3048/1/2
f 3048/1/2 3045/1/2 3049/1/2
f 3046/1/2 3047/1/2 3050/1/2
f 3050/1/2 3047/1/2 3051/1/2
f 3052/1/2 3053/1/2 3056/1/2
f 3056/1/2 3053/1/2 3057/1/2
f 3054/2/2 3055/2/2 3058/2/2
f 3058/2/2 3055/2/2 3059/2/2
f 3060/2/2 3061/2/2 3064/2/2
f 3064/2/2 3061/2/2 3065/2/2
f 3062/2/2 3063/2/2 3066/2/2
f 3066/2/2 3063/2/2 3067/2/2
f 3068/2/2 3069/2/2 3072/2/2
f 3072/2/2 3069/2/2 3073/2/2
f 3070/2/2 3071/2/2 3074/2/2
f 3074/2/2 3071/2/2 3075/2/2
f 3076/1/2 3077/1/2 3080/1/2
f 3080/1/2 3077/1/2 3081/1/2
f 3078/1/2 3079/1/2 3086/1/2
f 3086/1/2 3079/1/2 3087/1/2
f 3082/1/2 3083/1/2 3088/1/2
f 3088/1/2 3083/1/2 3089/1/2
f 3084/1/2 3085/1/2 3094/1/2
f 3094/1/2 3085/1/2 3095/1/2
f 3090/1/2 3091/1/2 3096/1/2
f 3096/1/2 3091/1/2 3097/1/2
f 3092/1/2 3093/1/2 3102/1/2
f 3102/1/2 3093/1/2 3103/1/2
f 3098/1/2 3099/1/2 3104/1/2
f 3104/1/2 3099/1/2 3105/1/2
f 3100/1/2 3101/1/2 3106/1/2
f 3106/1/2 3101/1/2 3107/1/2
f 3108/1/2 3109/1/2 3112/1/2
f 3112/1/2 3109/1/2 3113/1/2
f 3110/1/2 3111/1/2 3118/1/2
f 3118/1/2 3111/1/2 3119/1/2
f 3114/1/2 3115/1/2 3120/1/2
f 3120/1/2 3115/1/2 3121/1/2
f 3116/1/2 3117/1/2 3126/1/2
f 3126/1/2 3117/1/2 3127/1/2
f 3122/1/2 3123/1/2 3128/1/2
f 3128/1/2 3123/1/2 3129/1/2
f 3124/1/2 3125/1/2 3134/1/2
f 3134/1/2 3125/1/2 3135/1/2
f 3130/1/2 3131/1/2 3136/1/2
f 3136/1/2 3131/1/2 3137/1/2
f 3132/1/2 3133/1/2 3141/1/2
f 3141/1/2 3133/1/2 3142/1/2
f 3138/1/2 3139/1/2 3143/1/2
f 3143/1/2 3139/1/2 3144/1/2
f 3140/1/2 3141/1/2 3147/1/2
f 3147/1/2 3141/1/2 3148/1/2
f 3144/1/2 3145/1/2 3149/1/2
f 3149/1/2 3145/1/2 3150/1/2
f 3146/1/2 3147/1/2 3153/1/2
f 3153/1/2 3147/1/2 3154/1/2
f 3150/1/2 3151/1/2 3155/1/2
f 3155/1/2 3151/1/2 3156/1/2
f 3152/1/2 3153/1/2 3158/1/2
f 3158/1/2 3153/1/2 3159/1/2
f 3156/1/2 3157/1/2 3160/1/2
f 3160/1/2 3157/1/2 3161/1/2
f 3162/1/2 3163/1/2 3166/1/2
f 3166/1/2 3163/1/2 3167/1/2
f 3164/1/2 3165/1/2 3168/1/2
f 3168/1/2 3165/1/2 3169/1/2
f 3170/1/2 3171/1/2 3174/1/2
f 3174/1/2 3171/1/2 3175/1/2
f 3172/1/2 3173/1/2 3176/1/2
f 3176/1/2 3173/1/2 3177/1/2
f 3178/1/2 3179/1/2 3182/1/2
f 3182/1/2 3179/1/2 3183/1/2
f 3180/1/2 3181/1/2 3184/1/2
f 3184/1/2 3181/1/2 3185/1/2
f 3186/1/2 3187/1/2 3190/1/2
f 3190/1/2 3187/1/2 3191/1/2
f 3188/1/2 3189/1/2 3192/1/2
f 3192/1/2 3189/1/2 3193/1/2
f 3194/1/2 3195/1/2 3198/1/2
f 3198/1/2 3195/1/2 3199/1/2
f 3196/2/2 3197/2/2 3200/2/2
f 3200/2/2 3197/2/2 3201/2/2
f 3202/2/2 3203/2/2 3206/2/2
f 3206/2/2 3203/2/2 3207/2/2
f 3204/2/2 3205/2/2 3208/2/2
f 3208/2/2 3205/2/2 3209/2/2
f 3210/2/2 3211/2/2 3214/2/2
f 3214/2/2 3211/2/2 3215/2/2
f 3212/2/2 3213/2/2 3216/2/2
f 3216/2/2 3213/2/2 3217/2/2
f 3218/2/2 3219/2/2 3222/2/2
f 3222/2/2 3219/2/2 3223/2/2
f 3220/2/2 3221/2/2 3226/2/2
f 3226/2/2 3221/2/2 3227/2/2
f 3223/1/2 3224/1/2 3228/1/2
f 3228/1/2 3224/1/2 3229/1/2
f 3225/1/2 3226/1/2 3232/1/2
f 3232/1/2 3226/1/2 3233/1/2
f 3229/1/2 3230/1/2 3234/1/2
f 3234/1/2 3230/1/2 3235/1/2
f 3231/1/2 3232/1/2 3238/1/2
f 3238/1/2 3232/1/2 3239/1/2
f 3235/1/2 3236/1/2 3240/1/2
f 3240/1/2 3236/1/2 3241/1/2
f 3237/1/2 3238/1/2 3246/1/2
f 3246/1/2 3238/1/2 3247/1/2
f 3242/1/2 3243/1/2 3248/1/2
f 3248/1/2 3243/1/2 3249/1/2
f 3244/1/2 3245/1/2 3254/1/2
f 3254/1/2 3245/1/2 3255/1/2
f 3250/1/2 3251/1/2 3256/1/2
f 3256/1/2 3251/1/2 3257/1/2
f 3252/1/2 3253/1/2 3262/1/2
f 3262/1/2 3253/1/2 3263/1/2
f 3258/1/2 3259/1/2 3264/1/2
f 3264/1/2 3259/1/2 3265/1/2
f 3260/1/2 3261/1/2 3268/1/2
f 3268/1/2 3261/1/2 3269/1/2
f 3266/1/2 3267/1/2 3270/1/2
f 3270/1/2 3267/1/2 3271/1/2
f 3272/1/2 3273/1/2 3278/1/2
f 3278/1/2 3273/1/2 3279/1/2
f 3274/1/2 3275/1/2 3280/1/2
f 3280/1/2 3275/1/2 3281/1/2
f 3276/1/2 3277/1/2 3286/1/2
f 3286/1/2 3277/1/2 3287/1/2
f 3282/1/2 3283/1/2 3288/1/2
f 3288/1/2 3283/1/2 3289/1/2
f 3284/1/2 3285/1/2 3294/1/2
f 3294/1/2 3285/1/2 3295/1/2
f 3290/1/2 3291/1/2 3296/1/2
f 3296/1/2 3291/1/2 3297/1/2
f 3292/1/2 3293/1/2 3301/1/2
f 3301/1/2 3293/1/2 3302/1/2
f 3298/1/2 3299/1/2 3303/1/2
f 3303/1/2 3299/1/2 3304/1/2
f 3300/1/2 3301/1/2 3307/1/2
f 3307/1/2 3301/1/2 3308/1/2
f 3304/1/2 3305/1/2 3309/1/2
f 3309/1/2 3305/1/2 3310/1/2
f 3306/1/2 3307/1/2 3313/1/2
f 3313/1/2 3307/1/2 3314/1/2
f 3310/2/2 3311/2/2 3315/2/2
f 3315/2/2 3311/2/2 3316/2/2
f 3312/1/2 3313/1/2 3319/1/2
f 3319/1/2 3313/1/2 3320/1/2
f 3316/2/2 3317/2/2 3321/2/2
f 3321/2/2 3317/2/2 3322/2/2
f 3318/1/2 3319/1/2 3324/1/2
f 3324/1/2 3319/1/2 3325/1/2
f 3322/2/2 3323/2/2 3326/2/2
f 3326/2/2 3323/2/2 3327/2/2
f 3328/1/2 3329/1/2 3332/1/2
f 3332/1/2 3329/1/2 3333/1/2
f 3330/1/2 3331/1/2 3334/1/2
f 3334/1/2 3331/1/2 3335/1/2
f 3336/1/2 3337/1/2 3340/1/2
f 3340/1/2 3337/1/2 3341/1/2
f 3338/1/2 3339/1/2 3342/1/2
f 3342/1/2 3339/1/2 3343/1/2
f 3344/1/2 3345/1/2 3348/1/2
f 3348/1/2 3345/1/2 3349/1/2
f 3346/1/2 3347/1/2 3350/1/2
f 3350/1/2 3347/1/2 3351/1/2
f 3352/1/2 3353/1/2 3356/1/2
f 3356/1/2 3353/1/2 3357/1/2
f 3354/1/2 3355/1/2 3358/1/2
f 3358/1/2 3355/1/2 3359/1/2
f 3360/2/2 3361/2/2 3364/2/2
f 3364/2/2 3361/2/2 3365/2/2
f 3362/2/2 3363/2/2 3366/2/2
f 3366/2/2 3363/2/2 3367/2/2
f 3368/2/2 3369/2/2 3372/2/2
f 3372/2/2 3369/2/2 3373/2/2
f 3370/2/2 3371/2/2 3374/2/2
f 3374/2/2 3371/2/2 3375/2/2
f 3376/2/2 3377/2/2 3380/2/2
f 3380/2/2 3377/2/2 3381/2/2
f 3378/2/2 3379/2/2 3384/2/2
f 3384/2/2 3379/2/2 3385/2/2
f 3381/1/2 3382/1/2 3386/1/2
f 3386/1/2 3382/1/2 3387/1/2
f 3383/1/2 3384/1/2 3390/1/2
f 3390/1/2 3384/1/2 3391/1/2
f 3387/1/2 3388/1/2 3392/1/2
f 3392/1/2 3388/1/2 3393/1/2
f 3389/1/2 3390/1/2 3396/1/2
f 3396/1/2 3390/1/2 3397/1/2
f 3393/1/2 3394/1/2 3398/1/2
f 3398/1/2 3394/1/2 3399/1/2
f 3395/1/2 3396/1/2 3402/1/2
f 3402/1/2 3396/1/2 3403/1/2
f 3399/1/2 3400/1/2 3404/1/2
f 3404/1/2 3400/1/2 3405/1/2
f 3401/1/2 3402/1/2 3410/1/2
f 3410/1/2 3402/1/2 3411/1/2
f 3406/1/2 3407/1/2 3412/1/2
f 3412/1/2 3407/1/2 3413/1/2
f 3408/1/2 3409/1/2 3418/1/2
f 3418/1/2 3409/1/2 3419/1/2
f 3414/1/2 3415/1/2 3420/1/2
f 3420/1/2 3415/1/2 3421/1/2
f 3416/1/2 3417/1/2 3426/1/2
f 3426/1/2 3417/1/2 3427/1/2
f 3422/1/2 3423/1/2 3428/1/2
f 3428/1/2 3423/1/2 3429/1/2
f 3424/1/2 3425/1/2 3430/1/2
f 3430/1/2 3425/1/2 3431/1/2
f 3432/1/2 3433/1/2 3436/1/2
f 3436/1/2 3433/1/2 3437/1/2
f 3437/1/2 3433/1/2 3438/1/2
f 3434/1/2 3435/1/2 3443/1/2
f 3443/1/2 3435/1/2 3444/1/2
f 3439/1/2 3440/1/2 3445/1/2
f 3445/1/2 3440/1/2 3446/1/2
f 3441/1/2 3442/1/2 3451/1/2
f 3451/1/2 3442/1/2 3452/1/2
f 3447/1/2 3448/1/2 3453/1/2
f 3453/1/2 3448/1/2 3454/1/2
f 3449/1/2 3450/1/2 3458/1/2
f 3458/1/2 3450/1/2 3459/1/2
f 3455/1/2 3456/1/2 3460/1/2
f 3460/1/2 3456/1/2 3461/1/2
f 3457/1/2 3458/1/2 3463/1/2
f 3463/1/2 3458/1/2 3464/1/2
f 3461/1/2 3462/1/2 3465/1/2
f 3465/1/2 3462/1/2 3466/1/2
f 3467/1/2 3468/1/2 3474/1/2
f 3474/1/2 3468/1/2 3475/1/2
f 3469/2/2 3470/2/2 3476/2/2
f 3476/2/2 3470/2/2 3477/2/2
f 3471/3/2 3472/3/2 3479/3/2
f 3479/3/2 3472/3/2 3480/3/2
f 3473/1/2 3474/1/2 3481/1/2
f 3481/1/2 3474/1/2 3482/1/2
f 3477/2/2 3478/2/2 3483/2/2
f 3483/2/2 3478/2/2 3484/2/2
f 3485/1/2 3486/1/2 3489/1/2
f 3489/1/2 3486/1/2 3490/1/2
f 3487/1/2 3488/1/2 3491/1/2
f 3491/1/2 3488/1/2 3492/1/2
f 3493/1/2 3494/1/2 3497/1/2
f 3497/1/2 3494/1/2 3498/1/2
f 3495/1/2 3496/1/2 3499/1/2
f 3499/1/2 3496/1/2 3500/1/2
f 3501/1/2 3502/1/2 3505/1/2
f 3505/1/2 3502/1/2 3506/1/2
f 3503/1/2 3504/1/2 3507/1/2
f 3507/1/2 3504/1/2 3508/1/2
f 3509/1/2 3510/1/2 3513/1/2
f 3513/1/2 3510/1/2 3514/1/2
f 3511/1/2 3512/1/2 3515/1/2
f 3515/1/2 3512/1/2 3516/1/2
f 3517/2/2 3518/2/2 3521/2/2
f 3521/2/2 3518/2/2 3522/2/2
f 3519/2/2 3520/2/2 3523/2/2
f 3523/2/2 3520/2/2 3524/2/2
f 3525/3/2 3526/3/2 3531/3/2
f 3531/3/2 3526/3/2 3532/3/2
f 3527/2/2 3528/2/2 3533/2/2
f 3533/2/2 3528/2/2 3534/2/2
f 3529/2/2 3530/2/2 3537/2/2
f 3537/2/2 3530/2/2 3538/2/2
f 3534/1/2 3535/1/2 3539/1/2
f 3539/1/2 3535/1/2 3540/1/2
f 3536/1/2 3537/1/2 3541/1/2
f 3541/1/2 3537/1/2 3542/1/2
f 3543/1/2 3544/1/2 3547/1/2
f 3547/1/2 3544/1/2 3548/1/2
f 3545/1/2 3546/1/2 3551/1/2
f 3551/1/2 3546/1/2 3552/1/2
f 3548/1/2 3549/1/2 3553/1/2
f 3553/1/2 3549/1/2 3554/1/2
f 3550/1/2 3551/1/2 3559/1/2
f 3559/1/2 3551/1/2 3560/1/2
f 3555/1/2 3556/1/2 3561/1/2
f 3561/1/2 3556/1/2 3562/1/2
f 3557/1/2 3558/1/2 3567/1/2
f 3567/1/2 3558/1/2 3568/1/2
f 3563/1/2 3564/1/2 3569/1/2
f 3569/1/2 3564/1/2 3570/1/2
f 3565/1/2 3566/1/2 3573/1/2
f 3573/1/2 3566/1/2 3574/1/2
f 3571/1/2 3572/1/2 3575/1/2
f 3575/1/2 3572/1/2 3576/1/2
f 3577/2/2 3578/2/2 3582/2/2
f 3578/1/2 3579/1/2 3583/1/2
f 3582/2/2 3578/2/2 3583/2/2
f 3583/1/2 3579/1/2 3584/1/2
f 3580/2/2 3581/2/2 3589/2/2
f 3589/2/2 3581/2/2 3590/2/2
f 3585/1/2 3586/1/2 3591/1/2
f 3591/1/2 3586/1/2 3592/1/2
f 3592/1/2 3586/1/2 3593/1/2
f 3587/2/2 3588/2/2 3597/2/2
f 3597/2/2 3588/2/2 3598/2/2
f 3594/1/2 3595/1/2 3599/1/2
f 3599/1/2 3595/1/2 3600/1/2
f 3596/2/2 3597/2/2 3604/2/2
f 3604/2/2 3597/2/2 3605/2/2
f 3600/1/2 3601/1/2 3606/1/2
f 3606/1/2 3601/1/2 3607/1/2
f 3602/2/2 3603/2/2 3611/2/2
f 3611/2/2 3603/2/2 3612/2/2
f 3608/1/2 3609/1/2 3613/1/2
f 3613/1/2 3609/1/2 3614/1/2
f 3610/1/2 3611/1/2 3616/1/2
f 3616/1/2 3611/1/2 3617/1/2
f 3614/2/2 3615/2/2 3618/2/2
f 3618/2/2 3615/2/2 3619/2/2
f 3620/1/2 3621/1/2 3625/1/2
f 3625/1/2 3621/1/2 3626/1/2
f 3622/2/2 3623/2/2 3627/2/2
f 3627/2/2 3623/2/2 3628/2/2
f 3624/1/2 3625/1/2 3630/1/2
f 3630/1/2 3625/1/2 3631/1/2
f 3628/2/2 3629/2/2 3632/2/2
f 3632/2/2 3629/2/2 3633/2/2
f 3634/1/2 3635/1/2 3638/1/2
f 3638/1/2 3635/1/2 3639/1/2
f 3636/1/2 3637/1/2 3640/1/2
f 3640/1/2 3637/1/2 3641/1/2
f 3642/1/2 3643/1/2 3646/1/2
f 3646/1/2 3643/1/2 3647/1/2
f 3644/1/2 3645/1/2 3648/1/2
f 3648/1/2 3645/1/2 3649/1/2
f 3650/1/2 3651/1/2 3654/1/2
f 3654/1/2 3651/1/2 3655/1/2
f 3654/2/2 3655/2/2 3656/2/2
f 3656/2/2 3655/2/2 3657/2/2
f 3652/1/2 3653/1/2 3658/1/2
f 3658/1/2 3653/1/2 3659/1/2
f 3660/2/2 3661/2/2 3664/2/2
f 3664/2/2 3661/2/2 3665/2/2
f 3662/1/2 3663/1/2 3668/1/2
f 3668/1/2 3663/1/2 3669/1/2
f 3665/1/2 3666/1/2 3670/1/2
f 3670/1/2 3666/1/2 3671/1/2
f 3667/1/2 3668/1/2 3672/1/2
f 3672/1/2 3668/1/2 3673/1/2
f 3674/1/2 3675/1/2 3678/1/2
f 3678/1/2 3675/1/2 3679/1/2
f 3676/1/2 3677/1/2 3682/1/2
f 3682/1/2 3677/1/2 3683/1/2
f 3679/1/2 3680/1/2 3684/1/2
f 3684/1/2 3680/1/2 3685/1/2
f 3681/1/2 3682/1/2 3690/1/2
f 3690/1/2 3682/1/2 3691/1/2
f 3686/1/2 3687/1/2 3692/1/2
f 3692/1/2 3687/1/2 3693/1/2
f 3688/1/2 3689/1/2 3696/1/2
f 3696/1/2 3689/1/2 3697/1/2
f 3693/1/2 3694/1/2 3698/1/2
f 3698/1/2 3694/1/2 3699/1/2
f 3695/1/2 3696/1/2 3704/1/2
f 3704/1/2 3696/1/2 3705/1/2
f 3700/1/2 3701/1/2 3706/1/2
f 3706/1/2 3701/1/2 3707/1/2
f 3702/1/2 3703/1/2 3710/1/2
f 3710/1/2 3703/1/2 3711/1/2
f 3708/1/2 3709/1/2 3712/1/2
f 3712/1/2 3709/1/2 3713/1/2
f 3714/2/2 3715/2/2 3720/2/2
f 3720/2/2 3715/2/2 3721/2/2
f 3716/2/2 3717/2/2 3722/2/2
f 3722/2/2 3717/2/2 3723/2/2
f 3718/2/2 3719/2/2 3727/2/2
f 3727/2/2 3719/2/2 3728/2/2
f 3724/1/2 3725/1/2 3729/1/2
f 3729/1/2 3725/1/2 3730/1/2
f 3730/1/2 3725/1/2 3731/1/2
f 3726/2/2 3727/2/2 3734/2/2
f 3734/2/2 3727/2/2 3735/2/2
f 3731/1/2 3732/1/2 3736/1/2
f 3736/1/2 3732/1/2 3737/1/2
f 3733/2/2 3734/2/2 3740/2/2
f 3740/2/2 3734/2/2 3741/2/2
f 3737/1/2 3738/1/2 3742/1/2
f 3742/1/2 3738/1/2 3743/1/2
f 3739/2/2 3740/2/2 3746/2/2
f 3746/2/2 3740/2/2 3747/2/2
f 3743/1/2 3744/1/2 3748/1/2
f 3748/1/2 3744/1/2 3749/1/2
f 3745/2/2 3746/2/2 3753/2/2
f 3753/2/2 3746/2/2 3754/2/2
f 3749/2/2 3750/2/2 3755/2/2
f 3751/3/2 3752/3/2 3756/3/2
f 3756/3/2 3752/3/2 3757/3/2
f 3753/1/2 3754/1/2 3759/1/2
f 3759/1/2 3754/1/2 3760/1/2
f 3755/2/2 3750/2/2 3761/2/2
f 3761/2/2 3750/2/2 3762/2/2
f 3758/1/2 3759/1/2 3765/1/2
f 3765/1/2 3759/1/2 3766/1/2
f 3762/2/2 3763/2/2 3767/2/2
f 3767/2/2 3763/2/2 3768/2/2
f 3764/1/2 3765/1/2 3770/1/2
f 3770/1/2 3765/1/2 3771/1/2
f 3768/2/2 3769/2/2 3772/2/2
f 3772/2/2 3769/2/2 3773/2/2
f 3776/1/2 3777/1/2 3778/1/2
f 3774/1/2 3775/1/2 3779/1/2
f 3779/1/2 3775/1/2 3780/1/2
f 3778/1/2 3777/1/2 3781/1/2
f 3781/1/2 3777/1/2 3782/1/2
f 3783/1/2 3784/1/2 3787/1/2
f 3787/1/2 3784/1/2 3788/1/2
f 3785/1/2 3786/1/2 3789/1/2
f 3789/1/2 3786/1/2 3790/1/2
f 3791/1/2 3792/1/2 3795/1/2
f 3795/1/2 3792/1/2 3796/1/2
f 3793/1/2 3794/1/2 3799/1/2
f 3799/1/2 3794/1/2 3800/1/2
f 3796/1/2 3797/1/2 3803/1/2
f 3803/1/2 3797/1/2 3804/1/2
f 3798/1/2 3799/1/2 3807/1/2
f 3807/1/2 3799/1/2 3808/1/2
f 3801/3/2 3802/3/2 3809/3/2
f 3809/3/2 3802/3/2 3810/3/2
f 3804/1/2 3805/1/2 3811/1/2
f 3811/1/2 3805/1/2 3812/1/2
f 3806/1/2 3807/1/2 3815/1/2
f 3815/1/2 3807/1/2 3816/1/2
f 3812/1/2 3813/1/2 3817/1/2
f 3817/1/2 3813/1/2 3818/1/2
f 3814/1/2 3815/1/2 3821/1/2
f 3821/1/2 3815/1/2 3822/1/2
f 3818/1/2 3819/1/2 3823/1/2
f 3823/1/2 3819/1/2 3824/1/2
f 3820/1/2 3821/1/2 3827/1/2
f 3827/1/2 3821/1/2 3828/1/2
f 3824/1/2 3825/1/2 3829/1/2
f 3829/1/2 3825/1/2 3830/1/2
f 3826/1/2 3827/1/2 3833/1/2
f 3833/1/2 3827/1/2 3834/1/2
f 3830/1/2 3831/1/2 3835/1/2
f 3835/1/2 3831/1/2 3836/1/2
f 3832/1/2 3833/1/2 3841/1/2
f 3841/1/2 3833/1/2 3842/1/2
f 3837/1/2 3838/1/2 3843/1/2
f 3843/1/2 3838/1/2 3844/1/2
f 3839/1/2 3840/1/2 3845/1/2
f 3845/1/2 3840/1/2 3846/1/2
f 3847/2/2 3848/2/2 3851/2/2
f 3851/2/2 3848/2/2 3852/2/2
f 3849/2/2 3850/2/2 3856/2/2
f 3856/2/2 3850/2/2 3857/2/2
f 3853/2/2 3854/2/2 3858/2/2
f 3858/2/2 3854/2/2 3859/2/2
f 3855/2/2 3856/2/2 3863/2/2
f 3863/2/2 3856/2/2 3864/2/2
f 3859/2/2 3860/2/2 3865/2/2
f 3860/1/2 3861/1/2 3866/1/2
f 3865/2/2 3860/2/2 3866/2/2
f 3866/1/2 3861/1/2 3867/1/2
f 3862/2/2 3863/2/2 3870/2/2
f 3870/2/2 3863/2/2 3871/2/2
f 3867/1/2 3868/1/2 3872/1/2
f 3872/1/2 3868/1/2 3873/1/2
f 3869/2/2 3870/2/2 3876/2/2
f 3876/2/2 3870/2/2 3877/2/2
f 3877/2/2 3870/2/2 3878/2/2
f 3873/1/2 3874/1/2 3879/1/2
f 3879/1/2 3874/1/2 3880/1/2
f 3880/1/2 3874/1/2 3881/1/2
f 3875/2/2 3876/2/2 3883/2/2
f 3876/2/2 3877/2/2 3883/2/2
f 3883/2/2 3877/2/2 3884/2/2
f 3881/1/2 3882/1/2 3885/1/2
f 3880/1/2 3881/1/2 3885/1/2
f 3885/1/2 3882/1/2 3886/1/2
f 3886/1/2 3882/1/2 3887/1/2
f 3875/2/2 3883/2/2 3889/2/2
f 3889/2/2 3883/2/2 3890/2/2
f 3886/2/2 3887/2/2 3891/2/2
f 3891/2/2 3887/2/2 3892/2/2
f 3888/1/2 3889/1/2 3895/1/2
f 3895/1/2 3889/1/2 3896/1/2
f 3892/2/2 3893/2/2 3897/2/2
f 3897/2/2 3893/2/2 3898/2/2
f 3894/1/2 3895/1/2 3901/1/2
f 3901/1/2 3895/1/2 3902/1/2
f 3898/2/2 3899/2/2 3903/2/2
f 3903/2/2 3899/2/2 3904/2/2
f 3904/2/2 3905/2/2 3906/2/2
f 3906/2/2 3905/2/2 3907/2/2
f 3900/1/2 3901/1/2 3908/1/2
f 3908/1/2 3901/1/2 3909/1/2
f 3906/1/2 3907/1/2 3910/1/2
f 3910/1/2 3907/1/2 3911/1/2
f 3912/1/2 3913/1/2 3916/1/2
f 3916/1/2 3913/1/2 3917/1/2
f 3914/1/2 3915/1/2 3918/1/2
f 3918/1/2 3915/1/2 3919/1/2
f 3920/1/2 3921/1/2 3924/1/2
f 3924/1/2 3921/1/2 3925/1/2
f 3922/1/2 3923/1/2 3928/1/2
f 3928/1/2 3923/1/2 3929/1/2
f 3925/1/2 3926/1/2 3930/1/2
f 3930/1/2 3926/1/2 3931/1/2
f 3927/1/2 3928/1/2 3934/1/2
f 3934/1/2 3928/1/2 3935/1/2
f 3931/1/2 3932/1/2 3936/1/2
f 3936/1/2 3932/1/2 3937/1/2
f 3933/1/2 3934/1/2 3940/1/2
f 3940/1/2 3934/1/2 3941/1/2
f 3937/1/2 3938/1/2 3942/1/2
f 3939/1/2 3940/1/2 3945/1/2
f 3942/1/2 3943/1/2 3946/1/2
f 3937/1/2 3942/1/2 3946/1/2
f 3946/1/2 3943/1/2 3947/1/2
f 3947/1/2 3943/1/2 3948/1/2
f 3944/1/2 3945/1/2 3951/1/2
f 3945/1/2 3940/1/2 3952/1/2
f 3951/1/2 3945/1/2 3952/1/2
f 3952/1/2 3940/1/2 3953/1/2
f 3948/1/2 3949/1/2 3954/1/2
f 3947/1/2 3948/1/2 3954/1/2
f 3954/1/2 3949/1/2 3955/1/2
f 3950/1/2 3951/1/2 3958/1/2
f 3951/1/2 3952/1/2 3958/1/2
f 3958/1/2 3952/1/2 3959/1/2
f 3955/1/2 3956/1/2 3960/1/2
f 3960/1/2 3956/1/2 3961/1/2
f 3957/1/2 3958/1/2 3964/1/2
f 3964/1/2 3958/1/2 3965/1/2
f 3961/1/2 3962/1/2 3966/1/2
f 3966/1/2 3962/1/2 3967/1/2
f 3963/1/2 3964/1/2 3970/1/2
f 3970/1/2 3964/1/2 3971/1/2
f 3967/1/2 3968/1/2 3972/1/2
f 3972/1/2 3968/1/2 3973/1/2
f 3969/1/2 3970/1/2 3976/1/2
f 3976/1/2 3970/1/2 3977/1/2
f 3974/1/2 3975/1/2 3978/1/2
f 3978/1/2 3975/1/2 3979/1/2
f 3980/2/2 3981/2/2 3983/2/2
f 3983/2/2 3981/2/2 3984/2/2
f 3982/2/2 3983/2/2 3987/2/2
f 3987/2/2 3983/2/2 3988/2/2
f 3984/2/2 3985/2/2 3989/2/2
f 3989/2/2 3985/2/2 3990/2/2
f 3990/2/2 3985/2/2 3991/2/2
f 3986/2/2 3987/2/2 3994/2/2
f 3994/2/2 3987/2/2 3995/2/2
f 3991/1/2 3992/1/2 3996/1/2
f 3996/1/2 3992/1/2 3997/1/2
f 3993/2/2 3994/2/2 4000/2/2
f 4000/2/2 3994/2/2 4001/2/2
f 3997/1/2 3998/1/2 4002/1/2
f 4002/1/2 3998/1/2 4003/1/2
f 3999/2/2 4000/2/2 4008/2/2
f 4008/2/2 4000/2/2 4009/2/2
f 4003/1/2 4004/1/2 4010/1/2
f 4010/1/2 4004/1/2 4011/1/2
f 4005/3/2 4006/3/2 4013/3/2
f 4007/2/2 4008/2/2 4015/2/2
f 4015/2/2 4008/2/2 4016/2/2
f 4011/1/2 4012/1/2 4017/1/2
f 4017/1/2 4012/1/2 4018/1/2
f 4005/3/2 4013/3/2 4020/3/2
f 4020/3/2 4013/3/2 4021/3/2
f 4014/1/2 4015/1/2 4023/1/2
f 4023/1/2 4015/1/2 4024/1/2
f 4018/2/2 4019/2/2 4025/2/2
f 4025/2/2 4019/2/2 4026/2/2
f 4022/1/2 4023/1/2 4029/1/2
f 4029/1/2 4023/1/2 4030/1/2
f 4026/2/2 4027/2/2 4031/2/2
f 4031/2/2 4027/2/2 4032/2/2
f 4028/1/2 4029/1/2 4035/1/2
f 4035/1/2 4029/1/2 4036/1/2
f 4032/2/2 4033/2/2 4037/2/2
f 4037/2/2 4033/2/2 4038/2/2
f 4034/1/2 4035/1/2 4040/1/2
f 4040/1/2 4035/1/2 4041/1/2
f 4038/1/2 4039/1/2 4044/1/2
f 4044/1/2 4039/1/2 4045/1/2
f 4041/1/2 4042/1/2 4046/1/2
f 4046/1/2 4042/1/2 4047/1/2
f 4043/1/2 4044/1/2 4050/1/2
f 4050/1/2 4044/1/2 4051/1/2
f 4047/1/2 4048/1/2 4054/1/2
f 4054/1/2 4048/1/2 4055/1/2
f 4049/1/2 4050/1/2 4058/1/2
f 4058/1/2 4050/1/2 4059/1/2
f 4052/3/2 4053/3/2 4060/3/2
f 4055/1/2 4056/1/2 4061/1/2
f 4061/1/2 4056/1/2 4062/1/2
f 4057/1/2 4058/1/2 4065/1/2
f 4065/1/2 4058/1/2 4066/1/2
f 4060/3/2 4053/3/2 4067/3/2
f 4067/3/2 4053/3/2 4068/3/2
f 4062/1/2 4063/1/2 4069/1/2
f 4069/1/2 4063/1/2 4070/1/2
f 4064/1/2 4065/1/2 4073/1/2
f 4073/1/2 4065/1/2 4074/1/2
f 4070/1/2 4071/1/2 4075/1/2
f 4075/1/2 4071/1/2 4076/1/2
f 4072/1/2 4073/1/2 4079/1/2
f 4079/1/2 4073/1/2 4080/1/2
f 4076/1/2 4077/1/2 4081/1/2
f 4081/1/2 4077/1/2 4082/1/2
f 4078/1/2 4079/1/2 4085/1/2
f 4085/1/2 4079/1/2 4086/1/2
f 4082/1/2 4083/1/2 4087/1/2
f 4087/1/2 4083/1/2 4088/1/2
f 4084/1/2 4085/1/2 4091/1/2
f 4091/1/2 4085/1/2 4092/1/2
f 4088/1/2 4089/1/2 4093/1/2
f 4093/1/2 4089/1/2 4094/1/2
f 4090/1/2 4091/1/2 4095/1/2
f 4095/1/2 4091/1/2 4096/1/2
f 4094/1/2 4095/1/2 4097/1/2
f 4097/1/2 4095/1/2 4098/1/2
f 4099/2/2 4100/2/2 4102/2/2
f 4102/2/2 4100/2/2 4103/2/2
f 4103/2/2 4100/2/2 4104/2/2
f 4104/2/2 4100/2/2 4105/2/2
f 4101/2/2 4102/2/2 4109/2/2
f 4102/2/2 4103/2/2 4109/2/2
f 4109/2/2 4103/2/2 4110/2/2
f 4110/2/2 4103/2/2 4111/2/2
f 4105/2/2 4106/2/2 4112/2/2
f 4104/2/2 4105/2/2 4112/2/2
f 4106/1/2 4107/1/2 4113/1/2
f 4112/2/2 4106/2/2 4113/2/2
f 4113/1/2 4107/1/2 4114/1/2
f 4109/2/2 4110/2/2 4117/2/2
f 4108/2/2 4109/2/2 4117/2/2
f 4117/2/2 4110/2/2 4118/2/2
f 4118/2/2 4110/2/2 4119/2/2
f 4114/1/2 4115/1/2 4120/1/2
f 4113/1/2 4114/1/2 4120/1/2
f 4120/1/2 4115/1/2 4121/1/2
f 4121/1/2 4115/1/2 4122/1/2
f 4117/2/2 4118/2/2 4125/2/2
f 4116/2/2 4117/2/2 4125/2/2
f 4125/2/2 4118/2/2 4126/2/2
f 4126/2/2 4118/2/2 4127/2/2
f 4122/1/2 4123/1/2 4128/1/2
f 4121/1/2 4122/1/2 4128/1/2
f 4128/1/2 4123/1/2 4129/1/2
f 4129/1/2 4123/1/2 4130/1/2
f 4124/1/2 4125/1/2 4133/1/2
f 4125/2/2 4126/2/2 4134/2/2
f 4133/1/2 4125/1/2 4134/1/2
f 4134/2/2 4126/2/2 4135/2/2
f 4130/1/2 4131/1/2 4136/1/2
f 4129/1/2 4130/1/2 4136/1/2
f 4136/1/2 4131/1/2 4137/1/2
f 4137/1/2 4131/1/2 4138/1/2
f 4132/1/2 4133/1/2 4141/1/2
f 4133/1/2 4134/1/2 4141/1/2
f 4141/1/2 4134/1/2 4142/1/2
f 4142/1/2 4134/1/2 4143/1/2
f 4138/1/2 4139/1/2 4144/1/2
f 4137/1/2 4138/1/2 4144/1/2
f 4144/1/2 4139/1/2 4145/1/2
f 4145/1/2 4139/1/2 4146/1/2
f 4141/1/2 4142/1/2 4148/1/2
f 4140/1/2 4141/1/2 4148/1/2
f 4148/1/2 4142/1/2 4149/1/2
f 4146/1/2 4147/1/2 4150/1/2
f 4145/1/2 4146/1/2 4150/1/2
f 4150/1/2 4147/1/2 4151/1/2
f 4140/1/2 4148/1/2 4153/1/2
f 4151/1/2 4147/1/2 4154/1/2
f 4152/1/2 4153/1/2 4156/1/2
f 4153/1/2 4148/1/2 4156/1/2
f 4156/1/2 4148/1/2 4157/1/2
f 4151/1/2 4154/1/2 4158/1/2
f 4154/2/2 4155/2/2 4159/2/2
f 4158/1/2 4154/1/2 4159/1/2
f 4152/1/2 4156/1/2 4161/1/2
f 4159/2/2 4155/2/2 4162/2/2
f 4162/2/2 4155/2/2 4163/2/2
f 4160/1/2 4161/1/2 4165/1/2
f 4161/1/2 4156/1/2 4165/1/2
f 4165/1/2 4156/1/2 4166/1/2
f 4163/1/2 4164/1/2 4167/1/2
f 4162/1/2 4163/1/2 4167/1/2
f 4167/1/2 4164/1/2 4168/1/2
f 4160/1/2 4165/1/2 4169/1/2
f 4168/1/2 4164/1/2 4172/1/2
f 4169/1/2 4170/1/2 4173/1/2
f 4160/1/2 4169/1/2 4173/1/2
f 4173/1/2 4170/1/2 4174/1/2
f 4171/1/2 4172/1/2 4175/1/2
f 4172/1/2 4164/1/2 4175/1/2
f 4175/1/2 4164/1/2 4176/1/2
f 4174/1/2 4170/1/2 4177/1/2
f 4171/1/2 4175/1/2 4180/1/2
f 4177/1/2 4178/1/2 4181/1/2
f 4174/1/2 4177/1/2 4181/1/2
f 4181/1/2 4178/1/2 4182/1/2
f 4179/1/2 4180/1/2 4183/1/2
f 4180/1/2 4175/1/2 4183/1/2
f 4183/1/2 4175/1/2 4184/1/2
f 4182/1/2 4178/1/2 4185/1/2
f 4179/1/2 4183/1/2 4188/1/2
f 4185/1/2 4186/1/2 4189/1/2
f 4182/1/2 4185/1/2 4189/1/2
f 4189/1/2 4186/1/2 4190/1/2
f 4190/1/2 4186/1/2 4191/1/2
f 4187/1/2 4188/1/2 4194/1/2
f 4188/1/2 4183/1/2 4195/1/2
f 4194/1/2 4188/1/2 4195/1/2
f 4195/1/2 4183/1/2 4196/1/2
f 4191/1/2 4192/1/2 4197/1/2
f 4190/1/2 4191/1/2 4197/1/2
f 4197/1/2 4192/1/2 4198/1/2
f 4198/1/2 4192/1/2 4199/1/2
f 4193/1/2 4194/1/2 4202/1/2
f 4194/1/2 4195/1/2 4202/1/2
f 4202/1/2 4195/1/2 4203/1/2
f 4203/1/2 4195/1/2 4204/1/2
f 4199/1/2 4200/1/2 4205/1/2
f 4198/1/2 4199/1/2 4205/1/2
f 4205/1/2 4200/1/2 4206/1/2
f 4206/1/2 4200/1/2 4207/1/2
f 4202/1/2 4203/1/2 4210/1/2
f 4201/1/2 4202/1/2 4210/1/2
f 4210/1/2 4203/1/2 4211/1/2
f 4211/1/2 4203/1/2 4212/1/2
f 4207/1/2 4208/1/2 4213/1/2
f 4206/1/2 4207/1/2 4213/1/2
f 4213/1/2 4208/1/2 4214/1/2
f 4214/1/2 4208/1/2 4215/1/2
f 4210/1/2 4211/1/2 4218/1/2
f 4209/1/2 4210/1/2 4218/1/2
f 4218/1/2 4211/1/2 4219/1/2
f 4219/1/2 4211/1/2 4220/1/2
f 4215/1/2 4216/1/2 4221/1/2
f 4214/1/2 4215/1/2 4221/1/2
f 4221/1/2 4216/1/2 4222/1/2
f 4222/1/2 4216/1/2 4223/1/2
f 4218/1/2 4219/1/2 4226/1/2
f 4217/1/2 4218/1/2 4226/1/2
f 4226/1/2 4219/1/2 4227/1/2
f 4227/1/2 4219/1/2 4228/1/2
f 4223/1/2 4224/1/2 4229/1/2
f 4222/1/2 4223/1/2 4229/1/2
f 4229/1/2 4224/1/2 4230/1/2
f 4230/1/2 4224/1/2 4231/1/2
f 4226/1/2 4227/1/2 4232/1/2
f 4225/1/2 4226/1/2 4232/1/2
f 4232/1/2 4227/1/2 4233/1/2
f 4233/1/2 4227/1/2 4234/1/2
f 4230/1/2 4231/1/2 4235/1/2
f 4232/1/2 4233/1/2 4235/1/2
f 4231/1/2 4232/1/2 4235/1/2
f 4235/1/2 4233/1/2 4236/1/2
f 4237/2/2 4238/2/2 4240/2/2
f 4240/2/2 4238/2/2 4241/2/2
f 4241/2/2 4238/2/2 4242/2/2
f 4239/2/2 4240/2/2 4245/2/2
f 4240/2/2 4241/2/2 4245/2/2
f 4245/2/2 4241/2/2 4246/2/2
f 4242/1/2 4243/1/2 4247/1/2
f 4246/2/2 4241/2/2 4247/2/2
f 4241/1/2 4242/1/2 4247/1/2
f 4247/1/2 4243/1/2 4248/1/2
f 4248/1/2 4243/1/2 4249/1/2
f 4244/1/2 4245/1/2 4252/1/2
f 4252/1/2 4245/1/2 4253/1/2
f 4245/2/2 4246/2/2 4254/2/2
f 4253/1/2 4245/1/2 4254/1/2
f 4254/2/2 4246/2/2 4255/2/2
f 4248/1/2 4249/1/2 4256/1/2
f 4249/1/2 4250/1/2 4256/1/2
f 4256/1/2 4250/1/2 4257/1/2
f 4257/1/2 4250/1/2 4258/1/2
f 4252/1/2 4253/1/2 4263/1/2
f 4251/1/2 4252/1/2 4263/1/2
f 4263/1/2 4253/1/2 4264/1/2
f 4264/1/2 4253/1/2 4265/1/2
f 4258/1/2 4259/1/2 4266/1/2
f 4257/1/2 4258/1/2 4266/1/2
f 4266/1/2 4259/1/2 4267/1/2
f 4267/1/2 4259/1/2 4268/1/2
f 4260/3/2 4261/3/2 4270/3/2
f 4270/3/2 4261/3/2 4271/3/2
f 4263/1/2 4264/1/2 4273/1/2
f 4262/1/2 4263/1/2 4273/1/2
f 4273/1/2 4264/1/2 4274/1/2
f 4274/1/2 4264/1/2 4275/1/2
f 4268/1/2 4269/1/2 4276/1/2
f 4267/1/2 4268/1/2 4276/1/2
f 4276/1/2 4269/1/2 4277/1/2
f 4277/1/2 4269/1/2 4278/1/2
f 4273/1/2 4274/1/2 4281/1/2
f 4272/1/2 4273/1/2 4281/1/2
f 4281/1/2 4274/1/2 4282/1/2
f 4282/1/2 4274/1/2 4283/1/2
f 4278/1/2 4279/1/2 4284/1/2
f 4277/1/2 4278/1/2 4284/1/2
f 4284/1/2 4279/1/2 4285/1/2
f 4285/1/2 4279/1/2 4286/1/2
f 4281/1/2 4282/1/2 4288/1/2
f 4280/1/2 4281/1/2 4288/1/2
f 4288/1/2 4282/1/2 4289/1/2
f 4286/1/2 4287/1/2 4290/1/2
f 4285/1/2 4286/1/2 4290/1/2
f 4290/1/2 4287/1/2 4291/1/2
f 4280/1/2 4288/1/2 4293/1/2
f 4291/1/2 4287/1/2 4294/1/2
f 4292/1/2 4293/1/2 4296/1/2
f 4293/1/2 4288/1/2 4296/1/2
f 4296/1/2 4288/1/2 4297/1/2
f 4294/1/2 4295/1/2 4298/1/2
f 4291/1/2 4294/1/2 4298/1/2
f 4298/1/2 4295/1/2 4299/1/2
f 4292/1/2 4296/1/2 4301/1/2
f 4299/1/2 4295/1/2 4302/1/2
f 4300/1/2 4301/1/2 4304/1/2
f 4301/1/2 4296/1/2 4305/1/2
f 4304/1/2 4301/1/2 4305/1/2
f 4302/1/2 4303/1/2 4306/1/2
f 4299/1/2 4302/1/2 4306/1/2
f 4306/1/2 4303/1/2 4307/1/2
f 4305/1/2 4296/1/2 4308/1/2
f 4299/1/2 4306/1/2 4311/1/2
f 4308/1/2 4309/1/2 4312/1/2
f 4305/1/2 4308/1/2 4312/1/2
f 4312/1/2 4309/1/2 4313/1/2
f 4310/1/2 4311/1/2 4314/1/2
f 4311/1/2 4306/1/2 4314/1/2
f 4314/1/2 4306/1/2 4315/1/2
f 4313/1/2 4309/1/2 4316/1/2
f 4310/1/2 4314/1/2 4319/1/2
f 4316/1/2 4317/1/2 4320/1/2
f 4313/1/2 4316/1/2 4320/1/2
f 4320/1/2 4317/1/2 4321/1/2
f 4321/1/2 4317/1/2 4322/1/2
f 4318/1/2 4319/1/2 4325/1/2
f 4319/1/2 4314/1/2 4326/1/2
f 4325/1/2 4319/1/2 4326/1/2
f 4326/1/2 4314/1/2 4327/1/2
f 4322/1/2 4323/1/2 4330/1/2
f 4321/1/2 4322/1/2 4330/1/2
f 4330/1/2 4323/1/2 4331/1/2
f 4331/1/2 4323/1/2 4332/1/2
f 4325/1/2 4326/1/2 4335/1/2
f 4324/1/2 4325/1/2 4335/1/2
f 4335/1/2 4326/1/2 4336/1/2
f 4336/1/2 4326/1/2 4337/1/2
f 4328/3/2 4329/3/2 4338/3/2
f 4338/3/2 4329/3/2 4339/3/2
f 4332/1/2 4333/1/2 4340/1/2
f 4331/1/2 4332/1/2 4340/1/2
f 4340/1/2 4333/1/2 4341/1/2
f 4341/1/2 4333/1/2 4342/1/2
f 4335/1/2 4336/1/2 4345/1/2
f 4334/1/2 4335/1/2 4345/1/2
f 4345/1/2 4336/1/2 4346/1/2
f 4346/1/2 4336/1/2 4347/1/2
f 4342/1/2 4343/1/2 4348/1/2
f 4341/1/2 4342/1/2 4348/1/2
f 4348/1/2 4343/1/2 4349/1/2
f 4349/1/2 4343/1/2 4350/1/2
f 4345/1/2 4346/1/2 4353/1/2
f 4344/1/2 4345/1/2 4353/1/2
f 4353/1/2 4346/1/2 4354/1/2
f 4354/1/2 4346/1/2 4355/1/2
f 4350/1/2 4351/1/2 4356/1/2
f 4349/1/2 4350/1/2 4356/1/2
f 4356/1/2 4351/1/2 4357/1/2
f 4357/1/2 4351/1/2 4358/1/2
f 4353/1/2 4354/1/2 4361/1/2
f 4352/1/2 4353/1/2 4361/1/2
f 4361/1/2 4354/1/2 4362/1/2
f 4362/1/2 4354/1/2 4363/1/2
f 4359/1/2 4360/1/2 4364/1/2
f 4358/1/2 4359/1/2 4364/1/2
f 4361/1/2 4362/1/2 4364/1/2
f 4360/1/2 4361/1/2 4364/1/2
f 4357/1/2 4358/1/2 4364/1/2
f 4364/1/2 4362/1/2 4365/1/2
f 4365/1/2 4362/1/2 4366/1/2
f 4366/1/2 4362/1/2 4367/1/2
f 4365/1/2 4366/1/2 4368/1/2
f 4368/1/2 4366/1/2 4369/1/2
f 4370/1/2 4371/1/2 4373/1/2
f 4373/1/2 4371/1/2 4374/1/2
f 4374/1/2 4371/1/2 4375/1/2
f 4375/1/2 4371/1/2 4376/1/2
f 4372/1/2 4373/1/2 4379/1/2
f 4373/1/2 4374/1/2 4379/1/2
f 4379/1/2 4374/1/2 4380/1/2
f 4380/1/2 4374/1/2 4381/1/2
f 4375/1/2 4376/1/2 4382/1/2
f 4376/1/2 4377/1/2 4382/1/2
f 4382/1/2 4377/1/2 4383/1/2
f 4383/1/2 4377/1/2 4384/1/2
f 4379/1/2 4380/1/2 4387/1/2
f 4378/1/2 4379/1/2 4387/1/2
f 4387/1/2 4380/1/2 4388/1/2
f 4388/1/2 4380/1/2 4389/1/2
f 4384/1/2 4385/1/2 4390/1/2
f 4383/1/2 4384/1/2 4390/1/2
f 4390/1/2 4385/1/2 4391/1/2
f 4391/1/2 4385/1/2 4392/1/2
f 4387/1/2 4388/1/2 4395/1/2
f 4386/1/2 4387/1/2 4395/1/2
f 4395/1/2 4388/1/2 4396/1/2
f 4396/1/2 4388/1/2 4397/1/2
f 4392/1/2 4393/1/2 4398/1/2
f 4391/1/2 4392/1/2 4398/1/2
f 4398/1/2 4393/1/2 4399/1/2
f 4399/1/2 4393/1/2 4400/1/2
f 4395/1/2 4396/1/2 4403/1/2
f 4394/1/2 4395/1/2 4403/1/2
f 4403/1/2 4396/1/2 4404/1/2
f 4404/1/2 4396/1/2 4405/1/2
f 4400/1/2 4401/1/2 4406/1/2
f 4399/1/2 4400/1/2 4406/1/2
f 4406/1/2 4401/1/2 4407/1/2
f 4407/1/2 4401/1/2 4408/1/2
f 4403/1/2 4404/1/2 4410/1/2
f 4402/1/2 4403/1/2 4410/1/2
f 4410/1/2 4404/1/2 4411/1/2
f 4408/1/2 4409/1/2 4412/1/2
f 4407/1/2 4408/1/2 4412/1/2
f 4412/1/2 4409/1/2 4413/1/2
f 4402/1/2 4410/1/2 4415/1/2
f 4413/1/2 4409/1/2 4416/1/2
f 4414/1/2 4415/1/2 4418/1/2
f 4415/1/2 4410/1/2 4418/1/2
f 4418/1/2 4410/1/2 4419/1/2
f 4416/1/2 4417/1/2 4420/1/2
f 4413/1/2 4416/1/2 4420/1/2
f 4420/1/2 4417/1/2 4421/1/2
f 4414/1/2 4418/1/2 4422/1/2
f 4421/1/2 4417/1/2 4425/1/2
f 4422/1/2 4423/1/2 4426/1/2
f 4414/1/2 4422/1/2 4426/1/2
f 4426/1/2 4423/1/2 4427/1/2
f 4424/1/2 4425/1/2 4428/1/2
f 4425/1/2 4417/1/2 4428/1/2
f 4428/1/2 4417/1/2 4429/1/2
f 4427/1/2 4423/1/2 4430/1/2
f 4424/1/2 4428/1/2 4433/1/2
f 4430/1/2 4431/1/2 4434/1/2
f 4427/1/2 4430/1/2 4434/1/2
f 4434/1/2 4431/1/2 4435/1/2
f 4435/1/2 4431/1/2 4436/1/2
f 4432/1/2 4433/1/2 4439/1/2
f 4433/1/2 4428/1/2 4440/1/2
f 4439/1/2 4433/1/2 4440/1/2
f 4440/1/2 4428/1/2 4441/1/2
f 4436/1/2 4437/1/2 4442/1/2
f 4435/1/2 4436/1/2 4442/1/2
f 4442/1/2 4437/1/2 4443/1/2
f 4443/1/2 4437/1/2 4444/1/2
f 4438/1/2 4439/1/2 4447/1/2
f 4439/1/2 4440/1/2 4447/1/2
f 4447/1/2 4440/1/2 4448/1/2
f 4448/1/2 4440/1/2 4449/1/2
f 4444/1/2 4445/1/2 4450/1/2
f 4443/1/2 4444/1/2 4450/1/2
f 4450/1/2 4445/1/2 4451/1/2
f 4451/1/2 4445/1/2 4452/1/2
f 4447/1/2 4448/1/2 4455/1/2
f 4446/1/2 4447/1/2 4455/1/2
f 4455/1/2 4448/1/2 4456/1/2
f 4456/1/2 4448/1/2 4457/1/2
f 4452/1/2 4453/1/2 4458/1/2
f 4451/1/2 4452/1/2 4458/1/2
f 4458/1/2 4453/1/2 4459/1/2
f 4459/1/2 4453/1/2 4460/1/2
f 4455/1/2 4456/1/2 4465/1/2
f 4454/1/2 4455/1/2 4465/1/2
f 4465/1/2 4456/1/2 4466/1/2
f 4466/1/2 4456/1/2 4467/1/2
f 4461/1/2 4462/1/2 4468/1/2
f 4459/1/2 4460/1/2 4468/1/2
f 4460/1/2 4461/1/2 4468/1/2
f 4468/1/2 4462/1/2 4469/1/2
f 4469/1/2 4462/1/2 4470/1/2
f 4463/2/2 4464/2/2 4472/2/2
f 4472/2/2 4464/2/2 4473/2/2
f 4465/1/2 4466/1/2 4474/1/2
f 4473/2/2 4464/2/2 4474/2/2
f 4464/1/2 4465/1/2 4474/1/2
f 4474/1/2 4466/1/2 4475/1/2
f 4470/1/2 4471/1/2 4476/1/2
f 4469/1/2 4470/1/2 4476/1/2
f 4472/2/2 4473/2/2 4477/2/2
f 4476/1/2 4471/1/2 4477/1/2
f 4471/2/2 4472/2/2 4477/2/2
f 4473/1/2 4474/1/2 4478/1/2
f 4477/2/2 4473/2/2 4478/2/2
f 4478/1/2 4474/1/2 4479/1/2
f 4480/1/2 4481/1/2 4483/1/2
f 4483/1/2 4481/1/2 4484/1/2
f 4482/1/2 4483/1/2 4487/1/2
f 4484/1/2 4485/1/2 4487/1/2
f 4483/1/2 4484/1/2 4487/1/2
f 4487/1/2 4485/1/2 4488/1/2
f 4488/1/2 4485/1/2 4489/1/2
f 4489/1/2 4485/1/2 4490/1/2
f 4486/1/2 4487/1/2 4493/1/2
f 4487/1/2 4488/1/2 4493/1/2
f 4493/1/2 4488/1/2 4494/1/2
f 4494/1/2 4488/1/2 4495/1/2
f 4489/1/2 4490/1/2 4496/1/2
f 4490/1/2 4491/1/2 4496/1/2
f 4496/1/2 4491/1/2 4497/1/2
f 4497/1/2 4491/1/2 4498/1/2
f 4493/1/2 4494/1/2 4501/1/2
f 4492/1/2 4493/1/2 4501/1/2
f 4501/1/2 4494/1/2 4502/1/2
f 4502/1/2 4494/1/2 4503/1/2
f 4498/1/2 4499/1/2 4504/1/2
f 4497/1/2 4498/1/2 4504/1/2
f 4504/1/2 4499/1/2 4505/1/2
f 4505/1/2 4499/1/2 4506/1/2
f 4501/1/2 4502/1/2 4509/1/2
f 4500/1/2 4501/1/2 4509/1/2
f 4509/1/2 4502/1/2 4510/1/2
f 4510/1/2 4502/1/2 4511/1/2
f 4506/1/2 4507/1/2 4512/1/2
f 4505/1/2 4506/1/2 4512/1/2
f 4512/1/2 4507/1/2 4513/1/2
f 4513/1/2 4507/1/2 4514/1/2
f 4509/1/2 4510/1/2 4516/1/2
f 4508/1/2 4509/1/2 4516/1/2
f 4516/1/2 4510/1/2 4517/1/2
f 4514/1/2 4515/1/2 4518/1/2
f 4513/1/2 4514/1/2 4518/1/2
f 4518/1/2 4515/1/2 4519/1/2
f 4508/1/2 4516/1/2 4521/1/2
f 4519/1/2 4515/1/2 4522/1/2
f 4520/1/2 4521/1/2 4524/1/2
f 4521/1/2 4516/1/2 4524/1/2
f 4524/1/2 4516/1/2 4525/1/2
f 4522/1/2 4523/1/2 4526/1/2
f 4519/1/2 4522/1/2 4526/1/2
f 4526/1/2 4523/1/2 4527/1/2
f 4520/1/2 4524/1/2 4528/1/2
f 4527/1/2 4523/1/2 4531/1/2
f 4528/1/2 4529/1/2 4532/1/2
f 4520/1/2 4528/1/2 4532/1/2
f 4532/1/2 4529/1/2 4533/1/2
f 4530/1/2 4531/1/2 4534/1/2
f 4531/1/2 4523/1/2 4534/1/2
f 4534/1/2 4523/1/2 4535/1/2
f 4533/1/2 4529/1/2 4536/1/2
f 4530/1/2 4534/1/2 4539/1/2
f 4536/1/2 4537/1/2 4540/1/2
f 4533/1/2 4536/1/2 4540/1/2
f 4540/1/2 4537/1/2 4541/1/2
f 4541/1/2 4537/1/2 4542/1/2
f 4538/1/2 4539/1/2 4545/1/2
f 4539/1/2 4534/1/2 4546/1/2
f 4545/1/2 4539/1/2 4546/1/2
f 4546/1/2 4534/1/2 4547/1/2
f 4542/1/2 4543/1/2 4548/1/2
f 4541/1/2 4542/1/2 4548/1/2
f 4548/1/2 4543/1/2 4549/1/2
f 4549/1/2 4543/1/2 4550/1/2
f 4544/2/2 4545/2/2 4553/2/2
f 4545/1/2 4546/1/2 4554/1/2
f 4553/2/2 4545/2/2 4554/2/2
f 4554/1/2 4546/1/2 4555/1/2
f 4555/1/2 4546/1/2 4556/1/2
f 4549/1/2 4550/1/2 4557/1/2
f 4557/1/2 4550/1/2 4558/1/2
f 4550/2/2 4551/2/2 4559/2/2
f 4558/1/2 4550/1/2 4559/1/2
f 4559/2/2 4551/2/2 4560/2/2
f 4552/2/2 4553/2/2 4563/2/2
f 4554/2/2 4555/2/2 4563/2/2
f 4553/2/2 4554/2/2 4563/2/2
f 4563/2/2 4555/2/2 4564/2/2
f 4564/2/2 4555/2/2 4565/2/2
f 4559/1/2 4560/1/2 4566/1/2
f 4558/1/2 4559/1/2 4566/1/2
f 4566/1/2 4560/1/2 4567/1/2
f 4560/2/2 4561/2/2 4568/2/2
f 4563/2/2 4564/2/2 4569/2/2
f 4562/2/2 4563/2/2 4569/2/2
f 4569/2/2 4564/2/2 4570/2/2
f 4570/2/2 4564/2/2 4571/2/2
f 4567/1/2 4560/1/2 4572/1/2
f 4560/2/2 4568/2/2 4573/2/2
f 4572/1/2 4560/1/2 4573/1/2
f 4569/2/2 4570/2/2 4573/2/2
f 4568/2/2 4569/2/2 4573/2/2
f 4573/2/2 4570/2/2 4574/2/2
f 4574/2/2 4570/2/2 4575/2/2
f 4575/2/2 4570/2/2 4576/2/2
f 4574/2/2 4575/2/2 4577/2/2
f 4577/2/2 4575/2/2 4578/2/2
f 4579/3/2 4580/3/2 4581/3/2
f 4581/3/2 4580/3/2 4582/3/2
f 4583/1/2 4584/1/2 4586/1/2
f 4586/1/2 4584/1/2 4587/1/2
f 4585/1/2 4586/1/2 4590/1/2
f 4587/1/2 4588/1/2 4590/1/2
f 4586/1/2 4587/1/2 4590/1/2
f 4590/1/2 4588/1/2 4591/1/2
f 4589/1/2 4590/1/2 4594/1/2
f 4591/1/2 4592/1/2 4594/1/2
f 4590/1/2 4591/1/2 4594/1/2
f 4594/1/2 4592/1/2 4595/1/2
f 4593/1/2 4594/1/2 4598/1/2
f 4595/1/2 4596/1/2 4598/1/2
f 4594/1/2 4595/1/2 4598/1/2
f 4598/1/2 4596/1/2 4599/1/2
f 4599/1/2 4596/1/2 4600/1/2
f 4600/1/2 4596/1/2 4601/1/2
f 4597/1/2 4598/1/2 4603/1/2
f 4598/1/2 4599/1/2 4603/1/2
f 4603/1/2 4599/1/2 4604/1/2
f 4601/1/2 4602/1/2 4605/1/2
f 4600/1/2 4601/1/2 4605/1/2
f 4605/1/2 4602/1/2 4606/1/2
f 4597/1/2 4603/1/2 4608/1/2
f 4606/1/2 4602/1/2 4609/1/2
f 4607/1/2 4608/1/2 4611/1/2
f 4608/1/2 4603/1/2 4612/1/2
f 4611/1/2 4608/1/2 4612/1/2
f 4609/1/2 4610/1/2 4613/1/2
f 4606/1/2 4609/1/2 4613/1/2
f 4613/1/2 4610/1/2 4614/1/2
f 4606/1/2 4613/1/2 4615/1/2
f 4615/1/2 4613/1/2 4616/1/2
f 4612/1/2 4603/1/2 4617/1/2
f 4615/2/2 4616/2/2 4620/2/2
f 4616/1/2 4613/1/2 4621/1/2
f 4620/2/2 4616/2/2 4621/2/2
f 4621/1/2 4613/1/2 4622/1/2
f 4612/1/2 4617/1/2 4623/1/2
f 4623/1/2 4617/1/2 4624/1/2
f 4624/1/2 4617/1/2 4625/1/2
f 4617/2/2 4618/2/2 4626/2/2
f 4625/1/2 4617/1/2 4626/1/2
f 4626/2/2 4618/2/2 4627/2/2
f 4619/2/2 4620/2/2 4628/2/2
f 4620/2/2 4621/2/2 4628/2/2
f 4621/2/2 4622/2/2 4628/2/2
f 4622/1/2 4613/1/2 4629/1/2
f 4628/2/2 4622/2/2 4629/2/2
f 4629/1/2 4613/1/2 4630/1/2
f 4624/1/2 4625/1/2 4631/1/2
f 4626/2/2 4627/2/2 4632/2/2
f 4631/1/2 4625/1/2 4632/1/2
f 4627/2/2 4628/2/2 4632/2/2
f 4625/2/2 4626/2/2 4632/2/2
f 4628/2/2 4629/2/2 4632/2/2
f 4632/2/2 4629/2/2 4633/2/2
f 4633/2/2 4629/2/2 4634/2/2
f 4632/2/2 4633/2/2 4635/2/2
f 4635/2/2 4633/2/2 4636/2/2
f 4636/2/2 4633/2/2 4637/2/2
f 4637/2/2 4633/2/2 4638/2/2
f 4636/2/2 4637/2/2 4639/2/2
f 4639/2/2 4637/2/2 4640/2/2
f 4640/2/2 4637/2/2 4641/2/2
f 4641/2/2 4637/2/2 4642/2/2
f 4640/2/2 4641/2/2 4645/2/2
f 4645/2/2 4641/2/2 4646/2/2
f 4643/3/2 4644/3/2 4647/3/2
f 4647/3/2 4644/3/2 4648/3/2
f 4649/3/2 4650/3/2 4651/3/2
f 4651/3/2 4650/3/2 4652/3/2
f 4653/1/2 4654/1/2 4656/1/2
f 4656/1/2 4654/1/2 4657/1/2
f 4655/1/2 4656/1/2 4659/1/2
f 4657/1/2 4658/1/2 4659/1/2
f 4656/1/2 4657/1/2 4659/1/2
f 4659/1/2 4658/1/2 4660/1/2
f 4655/1/2 4659/1/2 4661/1/2
f 4659/2/2 4660/2/2 4662/2/2
f 4661/1/2 4659/1/2 4662/1/2
f 4660/1/2 4658/1/2 4663/1/2
f 4662/2/2 4660/2/2 4663/2/2
f 4663/1/2 4658/1/2 4664/1/2
f 4655/1/2 4661/1/2 4665/1/2
f 4661/2/2 4662/2/2 4666/2/2
f 4665/1/2 4661/1/2 4666/1/2
f 4662/2/2 4663/2/2 4666/2/2
f 4663/2/2 4664/2/2 4666/2/2
f 4666/2/2 4664/2/2 4667/2/2
f 4667/2/2 4664/2/2 4668/2/2
f 4666/2/2 4667/2/2 4669/2/2
f 4669/2/2 4667/2/2 4670/2/2
f 4671/3/2 4672/3/2 4673/3/2
f 4673/3/2 4672/3/2 4674/3/2
f 4675/3/2 4676/3/2 4677/3/2
f 4677/3/2 4676/3/2 4678/3/2
f 4679/3/2 4680/3/2 4681/3/2
f 4681/3/2 4680/3/2 4682/3/2
f 4683/3/2 4684/3/2 4685/3/2
f 4685/3/2 4684/3/2 4686/3/2
f 4687/3/2 4688/3/2 4689/3/2
f 4689/3/2 4688/3/2 4690/3/2
f 4691/3/2 4692/3/2 4693/3/2
f 4693/3/2 4692/3/2 4694/3/2
f 4695/3/2 4696/3/2 4697/3/2
f 4697/3/2 4696/3/2 4698/3/2
f 4699/3/2 4700/3/2 4701/3/2
f 4701/3/2 4700/3/2 4702/3/2
f 4703/3/2 4704/3/2 4705/3/2
f 4705/3/2 4704/3/2 4706/3/2
f 4707/3/2 4708/3/2 4709/3/2
f 4709/3/2 4708/3/2 4710/3/2
f 4711/3/2 4712/3/2 4713/3/2
f 4713/3/2 4712/3/2 4714/3/2
f 4715/3/2 4716/3/2 4717/3/2
f 4717/3/2 4716/3/2 4718/3/2
f 4719/3/2 4720/3/2 4721/3/2
f 4721/3/2 4720/3/2 4722/3/2
f 4723/3/2 4724/3/2 4725/3/2
f 4725/3/2 4724/3/2 4726/3/2
f 4727/3/2 4728/3/2 4729/3/2
f 4729/3/2 4728/3/2 4730/3/2
f 4731/3/2 4732/3/2 4733/3/2
f 4733/3/2 4732/3/2 4734/3/2
f 4734/3/2 4735/3/2 4736/3/2
f 4736/3/2 4735/3/2 4737/3/2
f 4738/3/2 4739/3/2 4740/3/2
f 4740/3/2 4739/3/2 4741/3/2
f 4741/3/2 4742/3/2 4743/3/2
f 4743/3/2 4742/3/2 4744/3/2
f 4745/3/2 4746/3/2 4747/3/2
f 4747/3/2 4746/3/2 4748/3/2
f 4749/3/2 4750/3/2 4751/3/2
f 4751/3/2 4750/3/2 4752/3/2
f 4753/3/2 4754/3/2 4755/3/2
f 4755/3/2 4754/3/2 4756/3/2
f 4756/3/2 4757/3/2 4758/3/2
f 4758/3/2 4757/3/2 4759/3/2
f 4760/3/2 4761/3/2 4762/3/2
f 4762/3/2 4761/3/2 4763/3/2
f 4763/3/2 4764/3/2 4765/3/2
f 4765/3/2 4764/3/2 4766/3/2
f 4767/3/2 4768/3/2 4769/3/2
f 4769/3/2 4768/3/2 4770/3/2
f 4770/3/2 4771/3/2 4772/3/2
f 4772/3/2 4771/3/2 4773/3/2
f 4774/3/2 4775/3/2 4776/3/2
f 4776/3/2 4775/3/2 4777/3/2
f 4777/3/2 4778/3/2 4779/3/2
f 4779/3/2 4778/3/2 4780/3/2
f 4781/3/2 4782/3/2 4783/3/2
f 4783/3/2 4782/3/2 4784/3/2
f 4784/3/2 4782/3/2 4785/3/2
f 4785/3/2 4782/3/2 4786/3/2
f 4786/3/2 4787/3/2 4788/3/2
f 4788/3/2 4787/3/2 4789/3/2
f 4789/3/2 4790/3/2 4791/3/2
f 4789/3/2 4791/3/2 4793/3/2
f 4791/3/2 4792/3/2 4793/3/2
f 4793/3/2 4792/3/2 4794/3/2
f 4797/3/3 4796/3/3 4795/3/3
f 4798/3/3 4796/3/3 4797/3/3
f 4801/3/3 4800/3/3 4799/3/3
f 4802/3/3 4800/3/3 4801/3/3
f 4805/3/3 4804/3/3 4803/3/3
f 4806/3/3 4804/3/3 4805/3/3
f 4809/3/3 4808/3/3 4807/3/3
f 4810/3/3 4808/3/3 4809/3/3
f 4813/3/3 4812/3/3 4811/3/3
f 4814/3/3 4812/3/3 4813/3/3
f 4817/3/3 4816/3/3 4815/3/3
f 4818/3/3 4816/3/3 4817/3/3
f 4819/3/3 4816/3/3 4818/3/3
f 4820/4/3 4819/4/3 4818/4/3
f 4821/4/3 4819/4/3 4820/4/3
f 4823/4/3 4819/4/3 4821/4/3
f 4824/4/3 4819/4/3 4823/4/3
f 4825/3/3 4823/3/3 4822/3/3
f 4825/3/3 4824/3/3 4823/3/3
f 4826/3/3 4824/3/3 4825/3/3
f 4829/3/3 4828/3/3 4827/3/3
f 4830/3/3 4828/3/3 4829/3/3
f 4833/3/3 4832/3/3 4831/3/3
f 4834/3/3 4832/3/3 4833/3/3
f 4837/3/3 4836/3/3 4835/3/3
f 4838/3/3 4836/3/3 4837/3/3
f 4841/3/3 4840/3/3 4839/3/3
f 4842/3/3 4840/3/3 4841/3/3
f 4845/3/3 4844/3/3 4843/3/3
f 4846/3/3 4844/3/3 4845/3/3
f 4847/4/3 4846/4/3 4845/4/3
f 4848/4/3 4846/4/3 4847/4/3
f 4849/4/3 4846/4/3 4848/4/3
f 4850/3/3 4849/3/3 4848/3/3
f 4851/3/3 4849/3/3 4850/3/3
f 4852/3/3 4849/3/3 4851/3/3
f 4853/4/3 4852/4/3 4851/4/3
f 4854/4/3 4852/4/3 4853/4/3
f 4855/3/3 4854/3/3 4853/3/3
f 4856/3/3 4854/3/3 4855/3/3
f 4857/3/3 4854/3/3 4856/3/3
f 4858/4/3 4857/4/3 4856/4/3
f 4859/4/3 4857/4/3 4858/4/3
f 4860/4/3 4857/4/3 4859/4/3
f 4861/3/3 4860/3/3 4859/3/3
f 4862/3/3 4860/3/3 4861/3/3
f 4865/3/3 4864/3/3 4863/3/3
f 4866/3/3 4864/3/3 4865/3/3
f 4869/3/3 4868/3/3 4867/3/3
f 4870/3/3 4868/3/3 4869/3/3
f 4873/3/3 4872/3/3 4871/3/3
f 4874/3/3 4872/3/3 4873/3/3
f 4877/3/3 4876/3/3 4875/3/3
f 4878/3/3 4876/3/3 4877/3/3
f 4881/3/3 4880/3/3 4879/3/3
f 4882/3/3 4880/3/3 4881/3/3
f 4885/3/3 4884/3/3 4883/3/3
f 4886/3/3 4884/3/3 4885/3/3
f 4889/3/3 4888/3/3 4887/3/3
f 4890/3/3 4888/3/3 4889/3/3
f 4891/4/3 4890/4/3 4889/4/3
f 4892/4/3 4890/4/3 4891/4/3
f 4893/4/3 4890/4/3 4892/4/3
f 4894/3/3 4893/3/3 4892/3/3
f 4895/3/3 4893/3/3 4894/3/3
f 4896/3/3 4893/3/3 4895/3/3
f 4897/4/3 4896/4/3 4895/4/3
f 4898/4/3 4896/4/3 4897/4/3
f 4899/4/3 4896/4/3 4898/4/3
f 4902/4/3 4901/4/3 4900/4/3
f 4903/4/3 4901/4/3 4902/4/3
f 4904/4/3 4901/4/3 4903/4/3
f 4905/3/3 4904/3/3 4903/3/3
f 4906/3/3 4904/3/3 4905/3/3
f 4907/3/3 4904/3/3 4906/3/3
f 4908/4/3 4907/4/3 4906/4/3
f 4909/4/3 4907/4/3 4908/4/3
f 4910/4/3 4907/4/3 4909/4/3
f 4911/3/3 4910/3/3 4909/3/3
f 4912/3/3 4910/3/3 4911/3/3
f 4915/3/3 4914/3/3 4913/3/3
f 4916/3/3 4914/3/3 4915/3/3
f 4919/3/3 4918/3/3 4917/3/3
f 4920/3/3 4918/3/3 4919/3/3
f 4923/3/3 4922/3/3 4921/3/3
f 4924/3/3 4922/3/3 4923/3/3
f 4927/3/3 4926/3/3 4925/3/3
f 4928/3/3 4926/3/3 4927/3/3
f 4931/3/3 4930/3/3 4929/3/3
f 4932/3/3 4930/3/3 4931/3/3
f 4933/4/3 4932/4/3 4931/4/3
f 4934/4/3 4932/4/3 4933/4/3
f 4935/4/3 4932/4/3 4934/4/3
f 4936/3/3 4935/3/3 4934/3/3
f 4937/3/3 4935/3/3 4936/3/3
f 4938/4/3 4937/4/3 4936/4/3
f 4939/4/3 4937/4/3 4938/4/3
f 4940/4/3 4937/4/3 4939/4/3
f 4943/4/3 4942/4/3 4941/4/3
f 4944/4/3 4942/4/3 4943/4/3
f 4945/4/3 4942/4/3 4944/4/3
f 4946/3/3 4945/3/3 4944/3/3
f 4947/3/3 4945/3/3 4946/3/3
f 4948/4/3 4947/4/3 4946/4/3
f 4949/4/3 4947/4/3 4948/4/3
f 4950/4/3 4947/4/3 4949/4/3
f 4951/3/3 4950/3/3 4949/3/3
f 4952/3/3 4950/3/3 4951/3/3
f 4956/1/3 4954/1/3 4953/1/3
f 4957/1/3 4954/1/3 4956/1/3
f 4958/1/3 4954/1/3 4957/1/3
f 4960/1/3 4956/1/3 4955/1/3
f 4961/2/3 4957/2/3 4956/2/3
f 4961/1/3 4956/1/3 4960/1/3
f 4962/1/3 4959/1/3 4958/1/3
f 4962/2/3 4957/2/3 4961/2/3
f 4962/1/3 4958/1/3 4957/1/3
f 4963/1/3 4959/1/3 4962/1/3
f 4964/2/3 4961/2/3 4960/2/3
f 4964/2/3 4962/2/3 4961/2/3
f 4964/2/3 4963/2/3 4962/2/3
f 4965/2/3 4963/2/3 4964/2/3
f 4966/2/3 4963/2/3 4965/2/3
f 4967/1/3 4959/1/3 4963/1/3
f 4967/2/3 4963/2/3 4966/2/3
f 4968/1/3 4965/1/3 4964/1/3
f 4969/2/3 4966/2/3 4965/2/3
f 4969/1/3 4965/1/3 4968/1/3
f 4970/1/3 4967/1/3 4966/1/3
f 4970/2/3 4966/2/3 4969/2/3
f 4971/1/3 4959/1/3 4967/1/3
f 4971/1/3 4967/1/3 4970/1/3
f 4972/1/3 4959/1/3 4971/1/3
f 4973/1/3 4970/1/3 4969/1/3
f 4973/1/3 4971/1/3 4970/1/3
f 4974/1/3 4971/1/3 4973/1/3
f 4977/3/3 4976/3/3 4975/3/3
f 4978/3/3 4976/3/3 4977/3/3
f 4982/1/3 4980/1/3 4979/1/3
f 4983/1/3 4980/1/3 4982/1/3
f 4986/1/3 4982/1/3 4981/1/3
f 4986/1/3 4984/1/3 4983/1/3
f 4986/1/3 4983/1/3 4982/1/3
f 4987/1/3 4984/1/3 4986/1/3
f 4990/1/3 4986/1/3 4985/1/3
f 4990/1/3 4988/1/3 4987/1/3
f 4990/1/3 4987/1/3 4986/1/3
f 4991/1/3 4988/1/3 4990/1/3
f 4994/1/3 4990/1/3 4989/1/3
f 4994/1/3 4992/1/3 4991/1/3
f 4994/1/3 4991/1/3 4990/1/3
f 4995/1/3 4992/1/3 4994/1/3
f 4996/1/3 4992/1/3 4995/1/3
f 4997/1/3 4992/1/3 4996/1/3
f 4999/1/3 4994/1/3 4993/1/3
f 4999/1/3 4995/1/3 4994/1/3
f 5000/1/3 4995/1/3 4999/1/3
f 5001/1/3 4998/1/3 4997/1/3
f 5001/1/3 4997/1/3 4996/1/3
f 5002/1/3 4998/1/3 5001/1/3
f 5003/1/3 4999/1/3 4993/1/3
f 5005/1/3 5003/1/3 4993/1/3
f 5006/1/3 4998/1/3 5002/1/3
f 5008/1/3 5005/1/3 5004/1/3
f 5009/1/3 5003/1/3 5005/1/3
f 5009/1/3 5005/1/3 5008/1/3
f 5010/1/3 5007/1/3 5006/1/3
f 5010/1/3 5006/1/3 5002/1/3
f 5011/1/3 5007/1/3 5010/1/3
f 5012/1/3 5003/1/3 5009/1/3
f 5013/1/3 5012/1/3 5009/1/3
f 5016/1/3 5010/1/3 5002/1/3
f 5017/1/3 5014/1/3 5013/1/3
f 5017/1/3 5013/1/3 5009/1/3
f 5018/1/3 5014/1/3 5017/1/3
f 5019/1/3 5014/1/3 5018/1/3
f 5020/1/3 5016/1/3 5015/1/3
f 5021/1/3 5010/1/3 5016/1/3
f 5021/1/3 5016/1/3 5020/1/3
f 5022/1/3 5010/1/3 5021/1/3
f 5023/1/3 5019/1/3 5018/1/3
f 5023/1/3 5020/1/3 5019/1/3
f 5023/1/3 5021/1/3 5020/1/3
f 5024/1/3 5021/1/3 5023/1/3
f 5025/1/3 5021/1/3 5024/1/3
f 5026/1/3 5021/1/3 5025/1/3
f 5027/1/3 5025/1/3 5024/1/3
f 5028/1/3 5025/1/3 5027/1/3
f 5029/1/3 5025/1/3 5028/1/3
f 5030/1/3 5025/1/3 5029/1/3
f 5031/1/3 5029/1/3 5028/1/3
f 5032/1/3 5029/1/3 5031/1/3
f 5033/1/3 5029/1/3 5032/1/3
f 5034/1/3 5029/1/3 5033/1/3
f 5035/1/3 5033/1/3 5032/1/3
f 5036/1/3 5033/1/3 5035/1/3
f 5039/3/3 5038/3/3 5037/3/3
f 5040/3/3 5038/3/3 5039/3/3
f 5043/3/3 5042/3/3 5041/3/3
f 5044/3/3 5042/3/3 5043/3/3
f 5045/4/3 5044/4/3 5043/4/3
f 5046/4/3 5044/4/3 5045/4/3
f 5047/3/3 5046/3/3 5045/3/3
f 5048/3/3 5046/3/3 5047/3/3
f 5049/3/3 5046/3/3 5048/3/3
f 5050/4/3 5049/4/3 5048/4/3
f 5051/4/3 5049/4/3 5050/4/3
f 5052/4/3 5049/4/3 5051/4/3
f 5056/1/3 5054/1/3 5053/1/3
f 5057/1/3 5054/1/3 5056/1/3
f 5060/1/3 5056/1/3 5055/1/3
f 5060/1/3 5058/1/3 5057/1/3
f 5060/1/3 5057/1/3 5056/1/3
f 5061/1/3 5058/1/3 5060/1/3
f 5062/1/3 5058/1/3 5061/1/3
f 5063/1/3 5058/1/3 5062/1/3
f 5066/1/3 5060/1/3 5059/1/3
f 5066/1/3 5061/1/3 5060/1/3
f 5067/1/3 5061/1/3 5066/1/3
f 5068/1/3 5061/1/3 5067/1/3
f 5069/1/3 5063/1/3 5062/1/3
f 5069/1/3 5064/1/3 5063/1/3
f 5070/1/3 5064/1/3 5069/1/3
f 5071/1/3 5064/1/3 5070/1/3
f 5074/1/3 5067/1/3 5066/1/3
f 5074/1/3 5066/1/3 5065/1/3
f 5075/1/3 5067/1/3 5074/1/3
f 5076/1/3 5067/1/3 5075/1/3
f 5077/1/3 5072/1/3 5071/1/3
f 5077/1/3 5071/1/3 5070/1/3
f 5078/1/3 5072/1/3 5077/1/3
f 5079/1/3 5072/1/3 5078/1/3
f 5082/1/3 5075/1/3 5074/1/3
f 5082/1/3 5074/1/3 5073/1/3
f 5083/1/3 5075/1/3 5082/1/3
f 5084/1/3 5075/1/3 5083/1/3
f 5085/1/3 5080/1/3 5079/1/3
f 5085/1/3 5079/1/3 5078/1/3
f 5086/1/3 5080/1/3 5085/1/3
f 5087/1/3 5080/1/3 5086/1/3
f 5089/1/3 5083/1/3 5082/1/3
f 5089/1/3 5082/1/3 5081/1/3
f 5090/1/3 5083/1/3 5089/1/3
f 5091/1/3 5088/1/3 5087/1/3
f 5091/1/3 5087/1/3 5086/1/3
f 5092/1/3 5088/1/3 5091/1/3
f 5094/1/3 5089/1/3 5081/1/3
f 5095/1/3 5088/1/3 5092/1/3
f 5097/1/3 5094/1/3 5093/1/3
f 5097/1/3 5089/1/3 5094/1/3
f 5098/1/3 5089/1/3 5097/1/3
f 5099/1/3 5096/1/3 5095/1/3
f 5099/1/3 5095/1/3 5092/1/3
f 5100/1/3 5096/1/3 5099/1/3
f 5101/1/3 5097/1/3 5093/1/3
f 5104/1/3 5096/1/3 5100/1/3
f 5105/1/3 5102/1/3 5101/1/3
f 5105/1/3 5101/1/3 5093/1/3
f 5106/1/3 5102/1/3 5105/1/3
f 5107/1/3 5104/1/3 5103/1/3
f 5107/1/3 5096/1/3 5104/1/3
f 5108/1/3 5096/1/3 5107/1/3
f 5109/1/3 5102/1/3 5106/1/3
f 5112/1/3 5107/1/3 5103/1/3
f 5113/1/3 5107/1/3 5112/1/3
f 5114/1/3 5107/1/3 5113/1/3
f 5115/1/3 5110/1/3 5109/1/3
f 5115/1/3 5109/1/3 5106/1/3
f 5116/1/3 5110/1/3 5115/1/3
f 5117/1/3 5110/1/3 5116/1/3
f 5120/1/3 5112/1/3 5111/1/3
f 5120/1/3 5113/1/3 5112/1/3
f 5121/1/3 5113/1/3 5120/1/3
f 5122/2/3 5114/2/3 5113/2/3
f 5122/1/3 5113/1/3 5121/1/3
f 5123/2/3 5114/2/3 5122/2/3
f 5124/1/3 5118/1/3 5117/1/3
f 5124/1/3 5117/1/3 5116/1/3
f 5125/1/3 5118/1/3 5124/1/3
f 5126/1/3 5118/1/3 5125/1/3
f 5129/1/3 5121/1/3 5120/1/3
f 5129/1/3 5120/1/3 5119/1/3
f 5130/2/3 5122/2/3 5121/2/3
f 5130/1/3 5121/1/3 5129/1/3
f 5131/2/3 5122/2/3 5130/2/3
f 5132/1/3 5127/1/3 5126/1/3
f 5132/1/3 5126/1/3 5125/1/3
f 5133/1/3 5127/1/3 5132/1/3
f 5134/1/3 5127/1/3 5133/1/3
f 5137/1/3 5129/1/3 5128/1/3
f 5137/1/3 5130/1/3 5129/1/3
f 5138/1/3 5130/1/3 5137/1/3
f 5139/1/3 5130/1/3 5138/1/3
f 5140/1/3 5135/1/3 5134/1/3
f 5140/1/3 5134/1/3 5133/1/3
f 5141/1/3 5135/1/3 5140/1/3
f 5142/1/3 5135/1/3 5141/1/3
f 5143/1/3 5138/1/3 5137/1/3
f 5143/1/3 5137/1/3 5136/1/3
f 5144/1/3 5138/1/3 5143/1/3
f 5145/1/3 5138/1/3 5144/1/3
f 5146/1/3 5142/1/3 5141/1/3
f 5146/1/3 5144/1/3 5143/1/3
f 5146/1/3 5143/1/3 5142/1/3
f 5147/1/3 5144/1/3 5146/1/3
f 5148/1/3 5144/1/3 5147/1/3
f 5149/1/3 5144/1/3 5148/1/3
f 5150/1/3 5148/1/3 5147/1/3
f 5151/1/3 5148/1/3 5150/1/3
f 5154/4/3 5153/4/3 5152/4/3
f 5155/4/3 5153/4/3 5154/4/3
f 5156/3/3 5155/3/3 5154/3/3
f 5157/3/3 5155/3/3 5156/3/3
f 5158/3/3 5155/3/3 5157/3/3
f 5159/4/3 5158/4/3 5157/4/3
f 5160/4/3 5158/4/3 5159/4/3
f 5161/3/3 5160/3/3 5159/3/3
f 5162/3/3 5160/3/3 5161/3/3
f 5165/3/3 5164/3/3 5163/3/3
f 5166/3/3 5164/3/3 5165/3/3
f 5170/1/3 5168/1/3 5167/1/3
f 5171/1/3 5168/1/3 5170/1/3
f 5172/1/3 5168/1/3 5171/1/3
f 5173/1/3 5168/1/3 5172/1/3
f 5176/1/3 5170/1/3 5169/1/3
f 5176/1/3 5171/1/3 5170/1/3
f 5177/1/3 5171/1/3 5176/1/3
f 5178/1/3 5171/1/3 5177/1/3
f 5179/1/3 5173/1/3 5172/1/3
f 5179/1/3 5174/1/3 5173/1/3
f 5180/1/3 5174/1/3 5179/1/3
f 5181/1/3 5174/1/3 5180/1/3
f 5184/1/3 5177/1/3 5176/1/3
f 5184/1/3 5176/1/3 5175/1/3
f 5185/1/3 5177/1/3 5184/1/3
f 5186/1/3 5177/1/3 5185/1/3
f 5187/1/3 5182/1/3 5181/1/3
f 5187/1/3 5181/1/3 5180/1/3
f 5188/1/3 5182/1/3 5187/1/3
f 5189/1/3 5182/1/3 5188/1/3
f 5192/1/3 5185/1/3 5184/1/3
f 5192/1/3 5184/1/3 5183/1/3
f 5193/1/3 5185/1/3 5192/1/3
f 5194/1/3 5185/1/3 5193/1/3
f 5195/1/3 5190/1/3 5189/1/3
f 5195/1/3 5189/1/3 5188/1/3
f 5196/1/3 5190/1/3 5195/1/3
f 5197/1/3 5190/1/3 5196/1/3
f 5200/1/3 5193/1/3 5192/1/3
f 5200/1/3 5192/1/3 5191/1/3
f 5201/1/3 5193/1/3 5200/1/3
f 5202/1/3 5193/1/3 5201/1/3
f 5203/1/3 5198/1/3 5197/1/3
f 5203/1/3 5197/1/3 5196/1/3
f 5204/1/3 5198/1/3 5203/1/3
f 5205/1/3 5198/1/3 5204/1/3
f 5207/1/3 5201/1/3 5200/1/3
f 5207/1/3 5200/1/3 5199/1/3
f 5208/1/3 5201/1/3 5207/1/3
f 5209/1/3 5206/1/3 5205/1/3
f 5209/1/3 5205/1/3 5204/1/3
f 5210/1/3 5206/1/3 5209/1/3
f 5212/1/3 5207/1/3 5199/1/3
f 5213/1/3 5206/1/3 5210/1/3
f 5215/1/3 5212/1/3 5211/1/3
f 5215/1/3 5207/1/3 5212/1/3
f 5216/1/3 5207/1/3 5215/1/3
f 5217/1/3 5214/1/3 5213/1/3
f 5217/1/3 5213/1/3 5210/1/3
f 5218/1/3 5214/1/3 5217/1/3
f 5219/1/3 5215/1/3 5211/1/3
f 5222/1/3 5214/1/3 5218/1/3
f 5223/1/3 5214/1/3 5222/1/3
f 5224/1/3 5220/1/3 5219/1/3
f 5224/1/3 5219/1/3 5211/1/3
f 5225/1/3 5220/1/3 5224/1/3
f 5226/2/3 5223/2/3 5222/2/3
f 5226/2/3 5222/2/3 5221/2/3
f 5227/2/3 5223/2/3 5226/2/3
f 5228/2/3 5223/2/3 5227/2/3
f 5229/1/3 5220/1/3 5225/1/3
f 5232/2/3 5227/2/3 5226/2/3
f 5233/1/3 5230/1/3 5229/1/3
f 5233/1/3 5229/1/3 5225/1/3
f 5234/1/3 5230/1/3 5233/1/3
f 5235/1/3 5230/1/3 5234/1/3
f 5238/2/3 5232/2/3 5231/2/3
f 5239/2/3 5227/2/3 5232/2/3
f 5239/2/3 5232/2/3 5238/2/3
f 5240/2/3 5227/2/3 5239/2/3
f 5241/1/3 5236/1/3 5235/1/3
f 5241/1/3 5235/1/3 5234/1/3
f 5242/1/3 5236/1/3 5241/1/3
f 5243/1/3 5236/1/3 5242/1/3
f 5246/2/3 5238/2/3 5237/2/3
f 5246/2/3 5239/2/3 5238/2/3
f 5247/2/3 5239/2/3 5246/2/3
f 5248/2/3 5239/2/3 5247/2/3
f 5249/1/3 5244/1/3 5243/1/3
f 5249/1/3 5243/1/3 5242/1/3
f 5250/1/3 5244/1/3 5249/1/3
f 5251/1/3 5244/1/3 5250/1/3
f 5254/2/3 5247/2/3 5246/2/3
f 5254/2/3 5246/2/3 5245/2/3
f 5255/2/3 5247/2/3 5254/2/3
f 5256/2/3 5247/2/3 5255/2/3
f 5257/1/3 5252/1/3 5251/1/3
f 5257/1/3 5251/1/3 5250/1/3
f 5258/1/3 5252/1/3 5257/1/3
f 5259/1/3 5252/1/3 5258/1/3
f 5262/2/3 5255/2/3 5254/2/3
f 5262/2/3 5254/2/3 5253/2/3
f 5263/2/3 5255/2/3 5262/2/3
f 5264/2/3 5255/2/3 5263/2/3
f 5265/1/3 5260/1/3 5259/1/3
f 5265/1/3 5259/1/3 5258/1/3
f 5266/1/3 5260/1/3 5265/1/3
f 5267/1/3 5260/1/3 5266/1/3
f 5268/1/3 5263/1/3 5262/1/3
f 5268/1/3 5262/1/3 5261/1/3
f 5269/1/3 5263/1/3 5268/1/3
f 5270/1/3 5263/1/3 5269/1/3
f 5271/1/3 5267/1/3 5266/1/3
f 5271/1/3 5269/1/3 5268/1/3
f 5271/1/3 5268/1/3 5267/1/3
f 5272/1/3 5269/1/3 5271/1/3
f 5275/3/3 5274/3/3 5273/3/3
f 5276/3/3 5274/3/3 5275/3/3
f 5280/1/3 5278/1/3 5277/1/3
f 5281/1/3 5278/1/3 5280/1/3
f 5284/1/3 5280/1/3 5279/1/3
f 5284/1/3 5282/1/3 5281/1/3
f 5284/1/3 5281/1/3 5280/1/3
f 5285/1/3 5282/1/3 5284/1/3
f 5286/1/3 5282/1/3 5285/1/3
f 5287/1/3 5282/1/3 5286/1/3
f 5290/1/3 5284/1/3 5283/1/3
f 5290/1/3 5285/1/3 5284/1/3
f 5291/1/3 5285/1/3 5290/1/3
f 5292/1/3 5285/1/3 5291/1/3
f 5293/1/3 5287/1/3 5286/1/3
f 5293/1/3 5288/1/3 5287/1/3
f 5294/1/3 5288/1/3 5293/1/3
f 5295/1/3 5288/1/3 5294/1/3
f 5298/1/3 5291/1/3 5290/1/3
f 5298/1/3 5290/1/3 5289/1/3
f 5299/1/3 5291/1/3 5298/1/3
f 5300/1/3 5291/1/3 5299/1/3
f 5301/1/3 5296/1/3 5295/1/3
f 5301/1/3 5295/1/3 5294/1/3
f 5302/1/3 5296/1/3 5301/1/3
f 5303/1/3 5296/1/3 5302/1/3
f 5306/1/3 5299/1/3 5298/1/3
f 5306/1/3 5298/1/3 5297/1/3
f 5307/1/3 5299/1/3 5306/1/3
f 5308/1/3 5299/1/3 5307/1/3
f 5309/1/3 5304/1/3 5303/1/3
f 5309/1/3 5303/1/3 5302/1/3
f 5310/1/3 5304/1/3 5309/1/3
f 5311/1/3 5304/1/3 5310/1/3
f 5314/1/3 5307/1/3 5306/1/3
f 5314/1/3 5306/1/3 5305/1/3
f 5315/1/3 5307/1/3 5314/1/3
f 5316/1/3 5307/1/3 5315/1/3
f 5317/1/3 5312/1/3 5311/1/3
f 5317/1/3 5311/1/3 5310/1/3
f 5318/1/3 5312/1/3 5317/1/3
f 5319/1/3 5312/1/3 5318/1/3
f 5321/1/3 5315/1/3 5314/1/3
f 5321/1/3 5314/1/3 5313/1/3
f 5322/1/3 5315/1/3 5321/1/3
f 5323/1/3 5320/1/3 5319/1/3
f 5323/1/3 5319/1/3 5318/1/3
f 5324/1/3 5320/1/3 5323/1/3
f 5326/1/3 5321/1/3 5313/1/3
f 5327/1/3 5320/1/3 5324/1/3
f 5329/1/3 5326/1/3 5325/1/3
f 5329/1/3 5321/1/3 5326/1/3
f 5330/1/3 5321/1/3 5329/1/3
f 5331/1/3 5328/1/3 5327/1/3
f 5331/1/3 5327/1/3 5324/1/3
f 5332/1/3 5328/1/3 5331/1/3
f 5334/1/3 5329/1/3 5325/1/3
f 5335/1/3 5328/1/3 5332/1/3
f 5337/1/3 5335/1/3 5332/1/3
f 5337/2/3 5336/2/3 5335/2/3
f 5338/2/3 5336/2/3 5337/2/3
f 5339/1/3 5334/1/3 5333/1/3
f 5340/1/3 5329/1/3 5334/1/3
f 5340/1/3 5334/1/3 5339/1/3
f 5341/1/3 5337/1/3 5332/1/3
f 5341/1/3 5338/1/3 5337/1/3
f 5342/1/3 5338/1/3 5341/1/3
f 5343/1/3 5338/1/3 5342/1/3
f 5344/1/3 5329/1/3 5340/1/3
f 5347/2/3 5342/2/3 5341/2/3
f 5348/1/3 5345/1/3 5344/1/3
f 5348/1/3 5344/1/3 5340/1/3
f 5349/1/3 5345/1/3 5348/1/3
f 5350/2/3 5347/2/3 5346/2/3
f 5350/2/3 5342/2/3 5347/2/3
f 5351/2/3 5342/2/3 5350/2/3
f 5352/1/3 5345/1/3 5349/1/3
f 5355/2/3 5350/2/3 5346/2/3
f 5356/1/3 5353/1/3 5352/1/3
f 5356/1/3 5352/1/3 5349/1/3
f 5357/1/3 5353/1/3 5356/1/3
f 5358/1/3 5353/1/3 5357/1/3
f 5361/2/3 5355/2/3 5354/2/3
f 5362/2/3 5350/2/3 5355/2/3
f 5362/2/3 5355/2/3 5361/2/3
f 5363/2/3 5350/2/3 5362/2/3
f 5364/1/3 5359/1/3 5358/1/3
f 5364/1/3 5358/1/3 5357/1/3
f 5365/1/3 5359/1/3 5364/1/3
f 5366/1/3 5359/1/3 5365/1/3
f 5369/2/3 5361/2/3 5360/2/3
f 5369/2/3 5362/2/3 5361/2/3
f 5370/2/3 5362/2/3 5369/2/3
f 5371/2/3 5362/2/3 5370/2/3
f 5372/1/3 5367/1/3 5366/1/3
f 5372/1/3 5366/1/3 5365/1/3
f 5373/1/3 5367/1/3 5372/1/3
f 5374/1/3 5367/1/3 5373/1/3
f 5377/2/3 5370/2/3 5369/2/3
f 5377/2/3 5369/2/3 5368/2/3
f 5378/2/3 5370/2/3 5377/2/3
f 5379/2/3 5370/2/3 5378/2/3
f 5380/1/3 5375/1/3 5374/1/3
f 5380/1/3 5374/1/3 5373/1/3
f 5381/1/3 5375/1/3 5380/1/3
f 5382/1/3 5375/1/3 5381/1/3
f 5385/2/3 5378/2/3 5377/2/3
f 5385/2/3 5377/2/3 5376/2/3
f 5386/2/3 5378/2/3 5385/2/3
f 5387/2/3 5378/2/3 5386/2/3
f 5388/1/3 5383/1/3 5382/1/3
f 5388/1/3 5382/1/3 5381/1/3
f 5389/1/3 5383/1/3 5388/1/3
f 5390/1/3 5383/1/3 5389/1/3
f 5391/1/3 5385/1/3 5384/1/3
f 5392/1/3 5385/1/3 5391/1/3
f 5393/2/3 5386/2/3 5385/2/3
f 5393/1/3 5385/1/3 5392/1/3
f 5394/2/3 5386/2/3 5393/2/3
f 5395/1/3 5392/1/3 5391/1/3
f 5395/1/3 5390/1/3 5389/1/3
f 5395/1/3 5391/1/3 5390/1/3
f 5396/1/3 5392/1/3 5395/1/3
f 5397/1/3 5392/1/3 5396/1/3
f 5398/1/3 5392/1/3 5397/1/3
f 5399/1/3 5397/1/3 5396/1/3
f 5400/1/3 5397/1/3 5399/1/3
f 5403/3/3 5402/3/3 5401/3/3
f 5404/3/3 5402/3/3 5403/3/3
f 5409/2/3 5406/2/3 5405/2/3
f 5410/2/3 5406/2/3 5409/2/3
f 5411/1/3 5407/1/3 5406/1/3
f 5411/2/3 5406/2/3 5410/2/3
f 5412/1/3 5407/1/3 5411/1/3
f 5413/1/3 5407/1/3 5412/1/3
f 5416/1/3 5410/1/3 5409/1/3
f 5416/1/3 5409/1/3 5408/1/3
f 5417/1/3 5410/1/3 5416/1/3
f 5418/1/3 5410/1/3 5417/1/3
f 5419/1/3 5413/1/3 5412/1/3
f 5419/1/3 5414/1/3 5413/1/3
f 5420/1/3 5414/1/3 5419/1/3
f 5421/1/3 5414/1/3 5420/1/3
f 5424/1/3 5417/1/3 5416/1/3
f 5424/1/3 5416/1/3 5415/1/3
f 5425/1/3 5417/1/3 5424/1/3
f 5426/1/3 5417/1/3 5425/1/3
f 5427/1/3 5422/1/3 5421/1/3
f 5427/1/3 5421/1/3 5420/1/3
f 5428/1/3 5422/1/3 5427/1/3
f 5429/1/3 5422/1/3 5428/1/3
f 5432/1/3 5425/1/3 5424/1/3
f 5432/1/3 5424/1/3 5423/1/3
f 5433/1/3 5425/1/3 5432/1/3
f 5434/1/3 5425/1/3 5433/1/3
f 5435/1/3 5430/1/3 5429/1/3
f 5435/1/3 5429/1/3 5428/1/3
f 5436/1/3 5430/1/3 5435/1/3
f 5437/1/3 5430/1/3 5436/1/3
f 5440/1/3 5433/1/3 5432/1/3
f 5440/1/3 5432/1/3 5431/1/3
f 5441/1/3 5433/1/3 5440/1/3
f 5442/1/3 5433/1/3 5441/1/3
f 5443/1/3 5438/1/3 5437/1/3
f 5443/1/3 5437/1/3 5436/1/3
f 5444/1/3 5438/1/3 5443/1/3
f 5445/1/3 5438/1/3 5444/1/3
f 5448/1/3 5441/1/3 5440/1/3
f 5448/1/3 5440/1/3 5439/1/3
f 5449/1/3 5441/1/3 5448/1/3
f 5450/1/3 5441/1/3 5449/1/3
f 5451/1/3 5446/1/3 5445/1/3
f 5451/1/3 5445/1/3 5444/1/3
f 5452/1/3 5446/1/3 5451/1/3
f 5453/1/3 5446/1/3 5452/1/3
f 5455/1/3 5449/1/3 5448/1/3
f 5455/1/3 5448/1/3 5447/1/3
f 5456/1/3 5449/1/3 5455/1/3
f 5457/1/3 5454/1/3 5453/1/3
f 5457/1/3 5453/1/3 5452/1/3
f 5458/1/3 5454/1/3 5457/1/3
f 5460/1/3 5455/1/3 5447/1/3
f 5461/1/3 5454/1/3 5458/1/3
f 5462/1/3 5454/1/3 5461/1/3
f 5464/1/3 5460/1/3 5459/1/3
f 5464/1/3 5455/1/3 5460/1/3
f 5465/1/3 5455/1/3 5464/1/3
f 5466/2/3 5463/2/3 5462/2/3
f 5466/2/3 5462/2/3 5461/2/3
f 5467/2/3 5463/2/3 5466/2/3
f 5469/1/3 5464/1/3 5459/1/3
f 5470/2/3 5463/2/3 5467/2/3
f 5472/1/3 5469/1/3 5468/1/3
f 5472/1/3 5464/1/3 5469/1/3
f 5473/1/3 5464/1/3 5472/1/3
f 5474/2/3 5471/2/3 5470/2/3
f 5474/2/3 5470/2/3 5467/2/3
f 5475/2/3 5471/2/3 5474/2/3
f 5476/2/3 5471/2/3 5475/2/3
f 5477/2/3 5471/2/3 5476/2/3
f 5478/2/3 5471/2/3 5477/2/3
f 5479/1/3 5472/1/3 5468/1/3
f 5482/1/3 5478/1/3 5477/1/3
f 5483/1/3 5480/1/3 5479/1/3
f 5483/1/3 5479/1/3 5468/1/3
f 5484/1/3 5480/1/3 5483/1/3
f 5485/1/3 5482/1/3 5481/1/3
f 5485/1/3 5478/1/3 5482/1/3
f 5486/1/3 5478/1/3 5485/1/3
f 5487/1/3 5485/1/3 5481/1/3
f 5488/1/3 5485/1/3 5487/1/3
f 5489/1/3 5480/1/3 5484/1/3
f 5492/2/3 5488/2/3 5487/2/3
f 5493/1/3 5490/1/3 5489/1/3
f 5493/1/3 5489/1/3 5484/1/3
f 5494/1/3 5490/1/3 5493/1/3
f 5495/2/3 5492/2/3 5491/2/3
f 5495/2/3 5488/2/3 5492/2/3
f 5496/2/3 5488/2/3 5495/2/3
f 5497/1/3 5490/1/3 5494/1/3
f 5500/2/3 5495/2/3 5491/2/3
f 5501/1/3 5498/1/3 5497/1/3
f 5501/1/3 5497/1/3 5494/1/3
f 5502/1/3 5498/1/3 5501/1/3
f 5503/1/3 5498/1/3 5502/1/3
f 5506/2/3 5500/2/3 5499/2/3
f 5507/2/3 5495/2/3 5500/2/3
f 5507/2/3 5500/2/3 5506/2/3
f 5508/2/3 5495/2/3 5507/2/3
f 5509/1/3 5504/1/3 5503/1/3
f 5509/1/3 5503/1/3 5502/1/3
f 5510/1/3 5504/1/3 5509/1/3
f 5511/1/3 5504/1/3 5510/1/3
f 5514/2/3 5506/2/3 5505/2/3
f 5514/2/3 5507/2/3 5506/2/3
f 5515/2/3 5507/2/3 5514/2/3
f 5516/2/3 5507/2/3 5515/2/3
f 5517/1/3 5512/1/3 5511/1/3
f 5517/1/3 5511/1/3 5510/1/3
f 5518/1/3 5512/1/3 5517/1/3
f 5519/1/3 5512/1/3 5518/1/3
f 5522/2/3 5515/2/3 5514/2/3
f 5522/2/3 5514/2/3 5513/2/3
f 5523/2/3 5515/2/3 5522/2/3
f 5524/2/3 5515/2/3 5523/2/3
f 5525/1/3 5520/1/3 5519/1/3
f 5525/1/3 5519/1/3 5518/1/3
f 5526/1/3 5520/1/3 5525/1/3
f 5527/1/3 5520/1/3 5526/1/3
f 5531/1/3 5522/1/3 5521/1/3
f 5532/2/3 5523/2/3 5522/2/3
f 5532/1/3 5522/1/3 5531/1/3
f 5533/2/3 5523/2/3 5532/2/3
f 5534/1/3 5527/1/3 5526/1/3
f 5534/1/3 5528/1/3 5527/1/3
f 5535/1/3 5528/1/3 5534/1/3
f 5536/1/3 5528/1/3 5535/1/3
f 5539/1/3 5531/1/3 5530/1/3
f 5539/1/3 5530/1/3 5529/1/3
f 5539/1/3 5532/1/3 5531/1/3
f 5540/1/3 5532/1/3 5539/1/3
f 5541/1/3 5532/1/3 5540/1/3
f 5542/1/3 5537/1/3 5536/1/3
f 5542/1/3 5536/1/3 5535/1/3
f 5543/1/3 5537/1/3 5542/1/3
f 5544/1/3 5537/1/3 5543/1/3
f 5545/1/3 5540/1/3 5539/1/3
f 5545/1/3 5539/1/3 5538/1/3
f 5546/1/3 5540/1/3 5545/1/3
f 5547/1/3 5540/1/3 5546/1/3
f 5548/1/3 5544/1/3 5543/1/3
f 5548/1/3 5546/1/3 5545/1/3
f 5548/1/3 5545/1/3 5544/1/3
f 5549/1/3 5546/1/3 5548/1/3
f 5552/3/3 5551/3/3 5550/3/3
f 5553/3/3 5551/3/3 5552/3/3
f 5558/2/3 5555/2/3 5554/2/3
f 5559/2/3 5555/2/3 5558/2/3
f 5560/1/3 5556/1/3 5555/1/3
f 5560/2/3 5555/2/3 5559/2/3
f 5561/1/3 5556/1/3 5560/1/3
f 5564/2/3 5558/2/3 5557/2/3
f 5565/2/3 5558/2/3 5564/2/3
f 5566/1/3 5562/1/3 5561/1/3
f 5567/1/3 5562/1/3 5566/1/3
f 5570/1/3 5564/1/3 5563/1/3
f 5571/1/3 5564/1/3 5570/1/3
f 5572/1/3 5568/1/3 5567/1/3
f 5573/1/3 5568/1/3 5572/1/3
f 5576/1/3 5570/1/3 5569/1/3
f 5577/1/3 5570/1/3 5576/1/3
f 5578/1/3 5574/1/3 5573/1/3
f 5579/1/3 5574/1/3 5578/1/3
f 5582/1/3 5576/1/3 5575/1/3
f 5583/1/3 5576/1/3 5582/1/3
f 5584/1/3 5580/1/3 5579/1/3
f 5585/1/3 5580/1/3 5584/1/3
f 5588/1/3 5582/1/3 5581/1/3
f 5589/1/3 5582/1/3 5588/1/3
f 5590/1/3 5586/1/3 5585/1/3
f 5591/1/3 5586/1/3 5590/1/3
f 5594/1/3 5588/1/3 5587/1/3
f 5595/1/3 5588/1/3 5594/1/3
f 5596/1/3 5592/1/3 5591/1/3
f 5597/1/3 5592/1/3 5596/1/3
f 5600/1/3 5594/1/3 5593/1/3
f 5601/1/3 5594/1/3 5600/1/3
f 5602/2/3 5598/2/3 5597/2/3
f 5603/2/3 5598/2/3 5602/2/3
f 5606/1/3 5600/1/3 5599/1/3
f 5607/1/3 5600/1/3 5606/1/3
f 5608/2/3 5604/2/3 5603/2/3
f 5609/2/3 5604/2/3 5608/2/3
f 5611/2/3 5610/2/3 5609/2/3
f 5612/2/3 5610/2/3 5611/2/3
f 5613/1/3 5612/1/3 5611/1/3
f 5614/1/3 5606/1/3 5605/1/3
f 5615/1/3 5606/1/3 5614/1/3
f 5618/1/3 5612/1/3 5613/1/3
f 5619/1/3 5612/1/3 5618/1/3
f 5620/1/3 5618/1/3 5617/1/3
f 5621/1/3 5616/1/3 5615/1/3
f 5622/1/3 5616/1/3 5621/1/3
f 5625/1/3 5618/1/3 5620/1/3
f 5626/1/3 5618/1/3 5625/1/3
f 5627/1/3 5623/1/3 5622/1/3
f 5628/1/3 5623/1/3 5627/1/3
f 5631/1/3 5625/1/3 5624/1/3
f 5632/1/3 5625/1/3 5631/1/3
f 5633/1/3 5629/1/3 5628/1/3
f 5634/1/3 5629/1/3 5633/1/3
f 5637/1/3 5631/1/3 5630/1/3
f 5638/1/3 5631/1/3 5637/1/3
f 5639/1/3 5635/1/3 5634/1/3
f 5640/1/3 5635/1/3 5639/1/3
f 5643/1/3 5637/1/3 5636/1/3
f 5644/1/3 5637/1/3 5643/1/3
f 5645/1/3 5641/1/3 5640/1/3
f 5646/1/3 5641/1/3 5645/1/3
f 5649/1/3 5643/1/3 5642/1/3
f 5650/1/3 5643/1/3 5649/1/3
f 5651/1/3 5647/1/3 5646/1/3
f 5652/1/3 5647/1/3 5651/1/3
f 5655/1/3 5649/1/3 5648/1/3
f 5656/1/3 5649/1/3 5655/1/3
f 5657/1/3 5653/1/3 5652/1/3
f 5658/1/3 5653/1/3 5657/1/3
f 5661/1/3 5655/1/3 5654/1/3
f 5662/1/3 5655/1/3 5661/1/3
f 5663/1/3 5659/1/3 5658/1/3
f 5664/1/3 5659/1/3 5663/1/3
f 5665/1/3 5661/1/3 5660/1/3
f 5666/1/3 5661/1/3 5665/1/3
f 5667/1/3 5665/1/3 5664/1/3
f 5668/1/3 5665/1/3 5667/1/3
f 5671/3/3 5670/3/3 5669/3/3
f 5672/3/3 5670/3/3 5671/3/3
f 5673/4/3 5672/4/3 5671/4/3
f 5674/4/3 5672/4/3 5673/4/3
f 5675/3/3 5674/3/3 5673/3/3
f 5676/3/3 5674/3/3 5675/3/3
f 5677/3/3 5674/3/3 5676/3/3
f 5678/4/3 5677/4/3 5676/4/3
f 5679/4/3 5677/4/3 5678/4/3
f 5680/4/3 5677/4/3 5679/4/3
f 5685/2/3 5682/2/3 5681/2/3
f 5686/2/3 5682/2/3 5685/2/3
f 5690/2/3 5684/2/3 5683/2/3
f 5691/2/3 5684/2/3 5690/2/3
f 5692/1/3 5688/1/3 5687/1/3
f 5693/1/3 5688/1/3 5692/1/3
f 5696/2/3 5690/2/3 5689/2/3
f 5697/2/3 5690/2/3 5696/2/3
f 5698/1/3 5694/1/3 5693/1/3
f 5699/1/3 5694/1/3 5698/1/3
f 5702/1/3 5696/1/3 5695/1/3
f 5703/1/3 5696/1/3 5702/1/3
f 5704/1/3 5700/1/3 5699/1/3
f 5705/1/3 5700/1/3 5704/1/3
f 5708/1/3 5702/1/3 5701/1/3
f 5709/1/3 5702/1/3 5708/1/3
f 5710/1/3 5702/1/3 5709/1/3
f 5711/1/3 5706/1/3 5705/1/3
f 5712/1/3 5706/1/3 5711/1/3
f 5713/1/3 5706/1/3 5712/1/3
f 5715/1/3 5708/1/3 5707/1/3
f 5715/1/3 5709/1/3 5708/1/3
f 5716/1/3 5709/1/3 5715/1/3
f 5717/1/3 5714/1/3 5713/1/3
f 5717/1/3 5713/1/3 5712/1/3
f 5718/1/3 5714/1/3 5717/1/3
f 5720/1/3 5715/1/3 5707/1/3
f 5721/1/3 5715/1/3 5720/1/3
f 5722/1/3 5714/1/3 5718/1/3
f 5723/1/3 5714/1/3 5722/1/3
f 5726/2/3 5720/2/3 5719/2/3
f 5727/2/3 5720/2/3 5726/2/3
f 5728/2/3 5724/2/3 5723/2/3
f 5729/2/3 5724/2/3 5728/2/3
f 5732/2/3 5726/2/3 5725/2/3
f 5733/2/3 5726/2/3 5732/2/3
f 5734/2/3 5730/2/3 5729/2/3
f 5735/2/3 5730/2/3 5734/2/3
f 5737/2/3 5732/2/3 5731/2/3
f 5738/2/3 5732/2/3 5737/2/3
f 5739/1/3 5738/1/3 5737/1/3
f 5740/1/3 5738/1/3 5739/1/3
f 5741/2/3 5736/2/3 5735/2/3
f 5742/2/3 5736/2/3 5741/2/3
f 5747/1/3 5746/1/3 5745/1/3
f 5748/1/3 5744/1/3 5743/1/3
f 5749/1/3 5744/1/3 5748/1/3
f 5750/1/3 5746/1/3 5747/1/3
f 5751/1/3 5746/1/3 5750/1/3
f 5756/1/3 5753/1/3 5752/1/3
f 5757/1/3 5753/1/3 5756/1/3
f 5760/1/3 5755/1/3 5754/1/3
f 5761/1/3 5755/1/3 5760/1/3
f 5762/1/3 5758/1/3 5757/1/3
f 5763/1/3 5758/1/3 5762/1/3
f 5766/1/3 5760/1/3 5759/1/3
f 5767/1/3 5760/1/3 5766/1/3
f 5768/1/3 5764/1/3 5763/1/3
f 5769/1/3 5764/1/3 5768/1/3
f 5772/1/3 5766/1/3 5765/1/3
f 5773/1/3 5766/1/3 5772/1/3
f 5774/1/3 5770/1/3 5769/1/3
f 5777/1/3 5772/1/3 5771/1/3
f 5778/1/3 5775/1/3 5774/1/3
f 5778/1/3 5774/1/3 5769/1/3
f 5779/1/3 5775/1/3 5778/1/3
f 5780/1/3 5775/1/3 5779/1/3
f 5783/1/3 5777/1/3 5776/1/3
f 5784/1/3 5772/1/3 5777/1/3
f 5784/1/3 5777/1/3 5783/1/3
f 5785/1/3 5772/1/3 5784/1/3
f 5786/2/3 5780/2/3 5779/2/3
f 5787/1/3 5781/1/3 5780/1/3
f 5787/2/3 5780/2/3 5786/2/3
f 5788/1/3 5781/1/3 5787/1/3
f 5791/1/3 5783/1/3 5782/1/3
f 5791/1/3 5784/1/3 5783/1/3
f 5792/1/3 5784/1/3 5791/1/3
f 5793/1/3 5789/1/3 5788/1/3
f 5794/1/3 5789/1/3 5793/1/3
f 5797/1/3 5791/1/3 5790/1/3
f 5798/1/3 5791/1/3 5797/1/3
f 5799/1/3 5795/1/3 5794/1/3
f 5800/1/3 5795/1/3 5799/1/3
f 5803/1/3 5797/1/3 5796/1/3
f 5804/1/3 5797/1/3 5803/1/3
f 5805/1/3 5801/1/3 5800/1/3
f 5806/1/3 5801/1/3 5805/1/3
f 5809/1/3 5803/1/3 5802/1/3
f 5810/1/3 5803/1/3 5809/1/3
f 5811/1/3 5808/1/3 5807/1/3
f 5812/1/3 5808/1/3 5811/1/3
f 5815/4/3 5814/4/3 5813/4/3
f 5816/4/3 5814/4/3 5815/4/3
f 5817/4/3 5814/4/3 5816/4/3
f 5818/3/3 5817/3/3 5816/3/3
f 5819/3/3 5817/3/3 5818/3/3
f 5820/3/3 5817/3/3 5819/3/3
f 5821/4/3 5820/4/3 5819/4/3
f 5822/4/3 5820/4/3 5821/4/3
f 5823/3/3 5822/3/3 5821/3/3
f 5824/3/3 5822/3/3 5823/3/3
f 5827/3/3 5826/3/3 5825/3/3
f 5828/3/3 5826/3/3 5827/3/3
f 5836/2/3 5830/2/3 5829/2/3
f 5837/2/3 5830/2/3 5836/2/3
f 5838/2/3 5832/2/3 5831/2/3
f 5839/2/3 5832/2/3 5838/2/3
f 5840/1/3 5833/1/3 5832/1/3
f 5840/2/3 5832/2/3 5839/2/3
f 5841/1/3 5833/1/3 5840/1/3
f 5845/2/3 5835/2/3 5834/2/3
f 5846/2/3 5835/2/3 5845/2/3
f 5847/1/3 5843/1/3 5842/1/3
f 5848/1/3 5843/1/3 5847/1/3
f 5851/2/3 5845/2/3 5844/2/3
f 5852/2/3 5845/2/3 5851/2/3
f 5853/1/3 5849/1/3 5848/1/3
f 5854/1/3 5849/1/3 5853/1/3
f 5857/1/3 5851/1/3 5850/1/3
f 5858/1/3 5851/1/3 5857/1/3
f 5859/1/3 5855/1/3 5854/1/3
f 5860/1/3 5855/1/3 5859/1/3
f 5863/1/3 5857/1/3 5856/1/3
f 5864/1/3 5857/1/3 5863/1/3
f 5865/1/3 5861/1/3 5860/1/3
f 5866/1/3 5861/1/3 5865/1/3
f 5868/1/3 5863/1/3 5862/1/3
f 5869/1/3 5863/1/3 5868/1/3
f 5870/1/3 5867/1/3 5866/1/3
f 5871/1/3 5867/1/3 5870/1/3
f 5873/2/3 5869/2/3 5868/2/3
f 5874/2/3 5869/2/3 5873/2/3
f 5875/2/3 5871/2/3 5870/2/3
f 5876/2/3 5871/2/3 5875/2/3
f 5879/2/3 5873/2/3 5872/2/3
f 5880/2/3 5873/2/3 5879/2/3
f 5881/2/3 5877/2/3 5876/2/3
f 5882/2/3 5877/2/3 5881/2/3
f 5884/2/3 5879/2/3 5878/2/3
f 5885/2/3 5879/2/3 5884/2/3
f 5886/2/3 5883/2/3 5882/2/3
f 5887/2/3 5883/2/3 5886/2/3
f 5892/2/3 5889/2/3 5888/2/3
f 5893/2/3 5889/2/3 5892/2/3
f 5894/1/3 5893/1/3 5892/1/3
f 5895/1/3 5893/1/3 5894/1/3
f 5896/1/3 5891/1/3 5890/1/3
f 5897/1/3 5891/1/3 5896/1/3
f 5902/1/3 5899/1/3 5898/1/3
f 5903/1/3 5899/1/3 5902/1/3
f 5904/1/3 5901/1/3 5900/1/3
f 5905/1/3 5901/1/3 5904/1/3
f 5910/1/3 5907/1/3 5906/1/3
f 5911/1/3 5907/1/3 5910/1/3
f 5914/1/3 5909/1/3 5908/1/3
f 5915/1/3 5909/1/3 5914/1/3
f 5916/1/3 5912/1/3 5911/1/3
f 5917/1/3 5912/1/3 5916/1/3
f 5920/1/3 5914/1/3 5913/1/3
f 5921/1/3 5914/1/3 5920/1/3
f 5922/1/3 5918/1/3 5917/1/3
f 5923/1/3 5918/1/3 5922/1/3
f 5924/2/3 5923/2/3 5922/2/3
f 5925/2/3 5923/2/3 5924/2/3
f 5928/1/3 5920/1/3 5919/1/3
f 5929/1/3 5920/1/3 5928/1/3
f 5930/2/3 5926/2/3 5925/2/3
f 5931/2/3 5926/2/3 5930/2/3
f 5935/1/3 5928/1/3 5927/1/3
f 5936/1/3 5928/1/3 5935/1/3
f 5937/2/3 5933/2/3 5932/2/3
f 5937/2/3 5932/2/3 5931/2/3
f 5938/2/3 5933/2/3 5937/2/3
f 5941/1/3 5935/1/3 5934/1/3
f 5942/1/3 5935/1/3 5941/1/3
f 5943/1/3 5939/1/3 5938/1/3
f 5944/1/3 5939/1/3 5943/1/3
f 5947/1/3 5941/1/3 5940/1/3
f 5948/1/3 5941/1/3 5947/1/3
f 5949/1/3 5945/1/3 5944/1/3
f 5950/1/3 5945/1/3 5949/1/3
f 5955/1/3 5947/1/3 5946/1/3
f 5956/1/3 5947/1/3 5955/1/3
f 5957/1/3 5952/1/3 5951/1/3
f 5958/1/3 5952/1/3 5957/1/3
f 5959/1/3 5954/1/3 5953/1/3
f 5960/1/3 5954/1/3 5959/1/3
f 5963/3/3 5962/3/3 5961/3/3
f 5964/3/3 5962/3/3 5963/3/3
f 5967/3/3 5966/3/3 5965/3/3
f 5968/3/3 5966/3/3 5967/3/3
f 5969/4/3 5968/4/3 5967/4/3
f 5970/4/3 5968/4/3 5969/4/3
f 5971/3/3 5970/3/3 5969/3/3
f 5972/3/3 5970/3/3 5971/3/3
f 5973/4/3 5972/4/3 5971/4/3
f 5974/4/3 5972/4/3 5973/4/3
f 5980/2/3 5976/2/3 5975/2/3
f 5981/1/3 5977/1/3 5976/1/3
f 5981/2/3 5976/2/3 5980/2/3
f 5982/1/3 5977/1/3 5981/1/3
f 5987/2/3 5979/2/3 5978/2/3
f 5988/2/3 5979/2/3 5987/2/3
f 5989/1/3 5984/1/3 5983/1/3
f 5990/1/3 5984/1/3 5989/1/3
f 5994/2/3 5986/2/3 5985/2/3
f 5995/2/3 5986/2/3 5994/2/3
f 5996/1/3 5992/1/3 5991/1/3
f 5997/1/3 5992/1/3 5996/1/3
f 6001/1/3 5994/1/3 5993/1/3
f 6002/1/3 5994/1/3 6001/1/3
f 6003/1/3 5998/1/3 5997/1/3
f 6004/1/3 5998/1/3 6003/1/3
f 6008/1/3 6000/1/3 5999/1/3
f 6009/1/3 6000/1/3 6008/1/3
f 6010/1/3 6006/1/3 6005/1/3
f 6011/1/3 6006/1/3 6010/1/3
f 6013/1/3 6008/1/3 6007/1/3
f 6014/1/3 6008/1/3 6013/1/3
f 6015/1/3 6012/1/3 6011/1/3
f 6016/1/3 6012/1/3 6015/1/3
f 6022/2/3 6018/2/3 6017/2/3
f 6023/2/3 6018/2/3 6022/2/3
f 6024/1/3 6020/1/3 6019/1/3
f 6025/1/3 6020/1/3 6024/1/3
f 6027/2/3 6022/2/3 6021/2/3
f 6028/2/3 6022/2/3 6027/2/3
f 6029/1/3 6026/1/3 6025/1/3
f 6030/1/3 6026/1/3 6029/1/3
f 6035/2/3 6032/2/3 6031/2/3
f 6036/2/3 6032/2/3 6035/2/3
f 6037/1/3 6034/1/3 6033/1/3
f 6038/1/3 6034/1/3 6037/1/3
f 6043/1/3 6040/1/3 6039/1/3
f 6044/1/3 6040/1/3 6043/1/3
f 6045/1/3 6042/1/3 6041/1/3
f 6046/1/3 6042/1/3 6045/1/3
f 6051/1/3 6048/1/3 6047/1/3
f 6052/1/3 6048/1/3 6051/1/3
f 6053/1/3 6050/1/3 6049/1/3
f 6054/1/3 6050/1/3 6053/1/3
f 6059/1/3 6056/1/3 6055/1/3
f 6060/1/3 6056/1/3 6059/1/3
f 6063/1/3 6058/1/3 6057/1/3
f 6064/1/3 6058/1/3 6063/1/3
f 6065/1/3 6061/1/3 6060/1/3
f 6066/1/3 6061/1/3 6065/1/3
f 6067/1/3 6063/1/3 6062/1/3
f 6068/1/3 6063/1/3 6067/1/3
f 6073/2/3 6070/2/3 6069/2/3
f 6074/2/3 6070/2/3 6073/2/3
f 6077/1/3 6072/1/3 6071/1/3
f 6078/1/3 6072/1/3 6077/1/3
f 6079/2/3 6075/2/3 6074/2/3
f 6080/2/3 6075/2/3 6079/2/3
f 6085/1/3 6077/1/3 6076/1/3
f 6086/1/3 6077/1/3 6085/1/3
f 6087/2/3 6082/2/3 6081/2/3
f 6088/2/3 6082/2/3 6087/2/3
f 6091/1/3 6084/1/3 6083/1/3
f 6092/1/3 6084/1/3 6091/1/3
f 6093/1/3 6089/1/3 6088/1/3
f 6094/1/3 6089/1/3 6093/1/3
f 6099/1/3 6091/1/3 6090/1/3
f 6100/1/3 6091/1/3 6099/1/3
f 6101/1/3 6096/1/3 6095/1/3
f 6102/1/3 6096/1/3 6101/1/3
f 6105/1/3 6098/1/3 6097/1/3
f 6106/1/3 6098/1/3 6105/1/3
f 6107/1/3 6104/1/3 6103/1/3
f 6108/1/3 6104/1/3 6107/1/3
f 6111/4/3 6110/4/3 6109/4/3
f 6112/4/3 6110/4/3 6111/4/3
f 6113/3/3 6112/3/3 6111/3/3
f 6114/3/3 6112/3/3 6113/3/3
f 6115/4/3 6114/4/3 6113/4/3
f 6116/4/3 6114/4/3 6115/4/3
f 6117/3/3 6116/3/3 6115/3/3
f 6118/3/3 6116/3/3 6117/3/3
f 6123/2/3 6120/2/3 6119/2/3
f 6124/2/3 6120/2/3 6123/2/3
f 6129/2/3 6122/2/3 6121/2/3
f 6130/2/3 6122/2/3 6129/2/3
f 6131/1/3 6126/1/3 6125/1/3
f 6132/1/3 6126/1/3 6131/1/3
f 6137/2/3 6128/2/3 6127/2/3
f 6138/2/3 6128/2/3 6137/2/3
f 6139/1/3 6134/1/3 6133/1/3
f 6140/1/3 6134/1/3 6139/1/3
f 6144/1/3 6136/1/3 6135/1/3
f 6145/1/3 6136/1/3 6144/1/3
f 6146/1/3 6142/1/3 6141/1/3
f 6147/1/3 6142/1/3 6146/1/3
f 6149/1/3 6144/1/3 6143/1/3
f 6150/1/3 6144/1/3 6149/1/3
f 6151/1/3 6148/1/3 6147/1/3
f 6152/1/3 6148/1/3 6151/1/3
f 6158/2/3 6154/2/3 6153/2/3
f 6159/2/3 6154/2/3 6158/2/3
f 6160/1/3 6156/1/3 6155/1/3
f 6161/1/3 6156/1/3 6160/1/3
f 6163/2/3 6158/2/3 6157/2/3
f 6164/2/3 6158/2/3 6163/2/3
f 6165/1/3 6162/1/3 6161/1/3
f 6166/1/3 6162/1/3 6165/1/3
f 6171/2/3 6168/2/3 6167/2/3
f 6172/2/3 6168/2/3 6171/2/3
f 6173/1/3 6170/1/3 6169/1/3
f 6174/1/3 6170/1/3 6173/1/3
f 6179/2/3 6176/2/3 6175/2/3
f 6180/2/3 6176/2/3 6179/2/3
f 6181/1/3 6178/1/3 6177/1/3
f 6182/1/3 6178/1/3 6181/1/3
f 6187/1/3 6184/1/3 6183/1/3
f 6188/1/3 6184/1/3 6187/1/3
f 6189/1/3 6186/1/3 6185/1/3
f 6190/1/3 6186/1/3 6189/1/3
f 6195/1/3 6192/1/3 6191/1/3
f 6196/1/3 6192/1/3 6195/1/3
f 6197/1/3 6194/1/3 6193/1/3
f 6198/1/3 6194/1/3 6197/1/3
f 6203/1/3 6200/1/3 6199/1/3
f 6204/1/3 6200/1/3 6203/1/3
f 6205/1/3 6202/1/3 6201/1/3
f 6206/1/3 6202/1/3 6205/1/3
f 6211/1/3 6208/1/3 6207/1/3
f 6212/1/3 6208/1/3 6211/1/3
f 6215/1/3 6210/1/3 6209/1/3
f 6216/1/3 6210/1/3 6215/1/3
f 6217/2/3 6213/2/3 6212/2/3
f 6218/2/3 6213/2/3 6217/2/3
f 6219/1/3 6215/1/3 6214/1/3
f 6220/1/3 6215/1/3 6219/1/3
f 6225/2/3 6222/2/3 6221/2/3
f 6226/2/3 6222/2/3 6225/2/3
f 6229/1/3 6224/1/3 6223/1/3
f 6230/1/3 6224/1/3 6229/1/3
f 6231/1/3 6227/1/3 6226/1/3
f 6232/1/3 6227/1/3 6231/1/3
f 6237/1/3 6229/1/3 6228/1/3
f 6238/1/3 6229/1/3 6237/1/3
f 6239/1/3 6234/1/3 6233/1/3
f 6240/1/3 6234/1/3 6239/1/3
f 6245/1/3 6236/1/3 6235/1/3
f 6246/1/3 6236/1/3 6245/1/3
f 6247/1/3 6242/1/3 6241/1/3
f 6248/1/3 6242/1/3 6247/1/3
f 6251/1/3 6244/1/3 6243/1/3
f 6252/1/3 6244/1/3 6251/1/3
f 6253/1/3 6250/1/3 6249/1/3
f 6254/1/3 6250/1/3 6253/1/3
f 6261/2/3 6256/2/3 6255/2/3
f 6262/2/3 6256/2/3 6261/2/3
f 6263/1/3 6258/1/3 6257/1/3
f 6264/1/3 6258/1/3 6263/1/3
f 6265/1/3 6258/1/3 6264/1/3
f 6270/2/3 6260/2/3 6259/2/3
f 6271/2/3 6260/2/3 6270/2/3
f 6272/1/3 6267/1/3 6266/1/3
f 6273/1/3 6267/1/3 6272/1/3
f 6278/2/3 6269/2/3 6268/2/3
f 6279/2/3 6269/2/3 6278/2/3
f 6280/1/3 6275/1/3 6274/1/3
f 6281/1/3 6275/1/3 6280/1/3
f 6285/1/3 6277/1/3 6276/1/3
f 6286/1/3 6277/1/3 6285/1/3
f 6287/1/3 6283/1/3 6282/1/3
f 6288/1/3 6283/1/3 6287/1/3
f 6291/1/3 6285/1/3 6284/1/3
f 6292/1/3 6285/1/3 6291/1/3
f 6293/1/3 6289/1/3 6288/1/3
f 6294/1/3 6289/1/3 6293/1/3
f 6297/1/3 6291/1/3 6290/1/3
f 6298/1/3 6291/1/3 6297/1/3
f 6299/1/3 6295/1/3 6294/1/3
f 6300/1/3 6295/1/3 6299/1/3
f 6303/1/3 6297/1/3 6296/1/3
f 6304/1/3 6297/1/3 6303/1/3
f 6305/1/3 6301/1/3 6300/1/3
f 6306/1/3 6301/1/3 6305/1/3
f 6308/1/3 6303/1/3 6302/1/3
f 6309/1/3 6303/1/3 6308/1/3
f 6310/1/3 6307/1/3 6306/1/3
f 6311/1/3 6307/1/3 6310/1/3
f 6316/2/3 6313/2/3 6312/2/3
f 6317/2/3 6313/2/3 6316/2/3
f 6318/1/3 6315/1/3 6314/1/3
f 6319/1/3 6315/1/3 6318/1/3
f 6324/1/3 6321/1/3 6320/1/3
f 6325/1/3 6321/1/3 6324/1/3
f 6326/1/3 6323/1/3 6322/1/3
f 6327/1/3 6323/1/3 6326/1/3
f 6332/1/3 6329/1/3 6328/1/3
f 6333/1/3 6332/1/3 6328/1/3
f 6334/1/3 6332/1/3 6333/1/3
f 6335/1/3 6331/1/3 6330/1/3
f 6336/1/3 6331/1/3 6335/1/3
f 6341/1/3 6338/1/3 6337/1/3
f 6342/1/3 6338/1/3 6341/1/3
f 6343/1/3 6340/1/3 6339/1/3
f 6344/1/3 6340/1/3 6343/1/3
f 6349/1/3 6346/1/3 6345/1/3
f 6350/1/3 6346/1/3 6349/1/3
f 6351/1/3 6348/1/3 6347/1/3
f 6352/1/3 6348/1/3 6351/1/3
f 6357/1/3 6354/1/3 6353/1/3
f 6358/1/3 6354/1/3 6357/1/3
f 6359/1/3 6356/1/3 6355/1/3
f 6360/1/3 6356/1/3 6359/1/3
f 6365/2/3 6362/2/3 6361/2/3
f 6366/2/3 6362/2/3 6365/2/3
f 6369/1/3 6364/1/3 6363/1/3
f 6370/1/3 6364/1/3 6369/1/3
f 6371/2/3 6367/2/3 6366/2/3
f 6372/2/3 6367/2/3 6371/2/3
f 6375/1/3 6369/1/3 6368/1/3
f 6376/1/3 6369/1/3 6375/1/3
f 6377/2/3 6373/2/3 6372/2/3
f 6378/2/3 6373/2/3 6377/2/3
f 6381/1/3 6375/1/3 6374/1/3
f 6382/1/3 6375/1/3 6381/1/3
f 6383/2/3 6379/2/3 6378/2/3
f 6384/2/3 6379/2/3 6383/2/3
f 6387/1/3 6381/1/3 6380/1/3
f 6388/1/3 6381/1/3 6387/1/3
f 6389/2/3 6385/2/3 6384/2/3
f 6390/2/3 6385/2/3 6389/2/3
f 6395/1/3 6387/1/3 6386/1/3
f 6396/1/3 6387/1/3 6395/1/3
f 6397/1/3 6392/1/3 6391/1/3
f 6398/1/3 6392/1/3 6397/1/3
f 6403/1/3 6394/1/3 6393/1/3
f 6404/1/3 6394/1/3 6403/1/3
f 6405/1/3 6400/1/3 6399/1/3
f 6406/1/3 6400/1/3 6405/1/3
f 6411/1/3 6402/1/3 6401/1/3
f 6412/1/3 6402/1/3 6411/1/3
f 6413/1/3 6408/1/3 6407/1/3
f 6414/1/3 6408/1/3 6413/1/3
f 6415/1/3 6410/1/3 6409/1/3
f 6416/1/3 6410/1/3 6415/1/3
f 6419/3/3 6418/3/3 6417/3/3
f 6420/3/3 6418/3/3 6419/3/3
f 6425/1/3 6422/1/3 6421/1/3
f 6426/1/3 6422/1/3 6425/1/3
f 6431/2/3 6424/2/3 6423/2/3
f 6432/2/3 6424/2/3 6431/2/3
f 6433/1/3 6428/1/3 6427/1/3
f 6434/1/3 6428/1/3 6433/1/3
f 6439/1/3 6430/1/3 6429/1/3
f 6440/1/3 6430/1/3 6439/1/3
f 6441/1/3 6436/1/3 6435/1/3
f 6442/1/3 6436/1/3 6441/1/3
f 6447/1/3 6438/1/3 6437/1/3
f 6448/1/3 6438/1/3 6447/1/3
f 6449/1/3 6444/1/3 6443/1/3
f 6450/1/3 6444/1/3 6449/1/3
f 6454/1/3 6446/1/3 6445/1/3
f 6455/1/3 6446/1/3 6454/1/3
f 6456/1/3 6452/1/3 6451/1/3
f 6457/1/3 6452/1/3 6456/1/3
f 6460/1/3 6454/1/3 6453/1/3
f 6461/1/3 6454/1/3 6460/1/3
f 6462/1/3 6458/1/3 6457/1/3
f 6463/1/3 6458/1/3 6462/1/3
f 6466/1/3 6460/1/3 6459/1/3
f 6467/1/3 6460/1/3 6466/1/3
f 6468/1/3 6464/1/3 6463/1/3
f 6469/1/3 6464/1/3 6468/1/3
f 6471/1/3 6466/1/3 6465/1/3
f 6472/1/3 6466/1/3 6471/1/3
f 6473/1/3 6470/1/3 6469/1/3
f 6474/1/3 6470/1/3 6473/1/3
f 6479/1/3 6476/1/3 6475/1/3
f 6480/1/3 6476/1/3 6479/1/3
f 6481/1/3 6478/1/3 6477/1/3
f 6482/1/3 6478/1/3 6481/1/3
f 6487/1/3 6484/1/3 6483/1/3
f 6488/1/3 6484/1/3 6487/1/3
f 6489/1/3 6486/1/3 6485/1/3
f 6490/1/3 6486/1/3 6489/1/3
f 6495/1/3 6492/1/3 6491/1/3
f 6496/1/3 6492/1/3 6495/1/3
f 6497/1/3 6494/1/3 6493/1/3
f 6498/1/3 6494/1/3 6497/1/3
f 6503/1/3 6500/1/3 6499/1/3
f 6504/1/3 6500/1/3 6503/1/3
f 6505/1/3 6502/1/3 6501/1/3
f 6506/1/3 6502/1/3 6505/1/3
f 6511/1/3 6508/1/3 6507/1/3
f 6512/1/3 6508/1/3 6511/1/3
f 6513/1/3 6510/1/3 6509/1/3
f 6514/1/3 6510/1/3 6513/1/3
f 6519/1/3 6516/1/3 6515/1/3
f 6520/1/3 6516/1/3 6519/1/3
f 6521/1/3 6518/1/3 6517/1/3
f 6522/1/3 6518/1/3 6521/1/3
f 6527/1/3 6524/1/3 6523/1/3
f 6528/1/3 6524/1/3 6527/1/3
f 6529/1/3 6526/1/3 6525/1/3
f 6530/1/3 6526/1/3 6529/1/3
f 6535/2/3 6532/2/3 6531/2/3
f 6536/2/3 6532/2/3 6535/2/3
f 6539/1/3 6534/1/3 6533/1/3
f 6540/1/3 6534/1/3 6539/1/3
f 6541/2/3 6537/2/3 6536/2/3
f 6542/2/3 6537/2/3 6541/2/3
f 6545/1/3 6539/1/3 6538/1/3
f 6546/1/3 6539/1/3 6545/1/3
f 6547/2/3 6543/2/3 6542/2/3
f 6548/2/3 6543/2/3 6547/2/3
f 6551/1/3 6545/1/3 6544/1/3
f 6552/1/3 6545/1/3 6551/1/3
f 6553/2/3 6549/2/3 6548/2/3
f 6554/2/3 6549/2/3 6553/2/3
f 6559/1/3 6551/1/3 6550/1/3
f 6560/1/3 6551/1/3 6559/1/3
f 6561/1/3 6556/1/3 6555/1/3
f 6562/1/3 6556/1/3 6561/1/3
f 6567/1/3 6558/1/3 6557/1/3
f 6568/1/3 6558/1/3 6567/1/3
f 6569/1/3 6564/1/3 6563/1/3
f 6570/1/3 6564/1/3 6569/1/3
f 6575/1/3 6566/1/3 6565/1/3
f 6576/1/3 6566/1/3 6575/1/3
f 6577/1/3 6572/1/3 6571/1/3
f 6578/1/3 6572/1/3 6577/1/3
f 6581/1/3 6574/1/3 6573/1/3
f 6582/1/3 6574/1/3 6581/1/3
f 6583/1/3 6580/1/3 6579/1/3
f 6584/1/3 6580/1/3 6583/1/3
f 6587/3/3 6586/3/3 6585/3/3
f 6588/3/3 6586/3/3 6587/3/3
f 6595/1/3 6590/1/3 6589/1/3
f 6596/1/3 6590/1/3 6595/1/3
f 6597/1/3 6592/1/3 6591/1/3
f 6598/1/3 6592/1/3 6597/1/3
f 6603/1/3 6594/1/3 6593/1/3
f 6604/1/3 6594/1/3 6603/1/3
f 6605/1/3 6600/1/3 6599/1/3
f 6606/1/3 6600/1/3 6605/1/3
f 6611/1/3 6602/1/3 6601/1/3
f 6612/1/3 6602/1/3 6611/1/3
f 6613/1/3 6608/1/3 6607/1/3
f 6614/1/3 6608/1/3 6613/1/3
f 6617/1/3 6610/1/3 6609/1/3
f 6618/1/3 6610/1/3 6617/1/3
f 6619/1/3 6616/1/3 6615/1/3
f 6620/1/3 6616/1/3 6619/1/3
f 6625/1/3 6622/1/3 6621/1/3
f 6626/1/3 6622/1/3 6625/1/3
f 6627/1/3 6624/1/3 6623/1/3
f 6628/1/3 6624/1/3 6627/1/3
f 6633/1/3 6630/1/3 6629/1/3
f 6634/1/3 6630/1/3 6633/1/3
f 6635/1/3 6632/1/3 6631/1/3
f 6636/1/3 6632/1/3 6635/1/3
f 6641/1/3 6638/1/3 6637/1/3
f 6642/1/3 6638/1/3 6641/1/3
f 6643/1/3 6640/1/3 6639/1/3
f 6644/1/3 6640/1/3 6643/1/3
f 6649/1/3 6646/1/3 6645/1/3
f 6650/1/3 6646/1/3 6649/1/3
f 6651/1/3 6648/1/3 6647/1/3
f 6652/1/3 6648/1/3 6651/1/3
f 6657/1/3 6654/1/3 6653/1/3
f 6658/1/3 6654/1/3 6657/1/3
f 6659/1/3 6656/1/3 6655/1/3
f 6660/1/3 6656/1/3 6659/1/3
f 6665/1/3 6662/1/3 6661/1/3
f 6666/1/3 6662/1/3 6665/1/3
f 6667/1/3 6664/1/3 6663/1/3
f 6668/1/3 6664/1/3 6667/1/3
f 6673/1/3 6670/1/3 6669/1/3
f 6674/1/3 6670/1/3 6673/1/3
f 6675/1/3 6672/1/3 6671/1/3
f 6676/1/3 6672/1/3 6675/1/3
f 6681/2/3 6678/2/3 6677/2/3
f 6682/2/3 6678/2/3 6681/2/3
f 6683/1/3 6680/1/3 6679/1/3
f 6684/1/3 6680/1/3 6683/1/3
f 6689/1/3 6686/1/3 6685/1/3
f 6690/1/3 6686/1/3 6689/1/3
f 6695/1/3 6688/1/3 6687/1/3
f 6696/1/3 6688/1/3 6695/1/3
f 6697/1/3 6692/1/3 6691/1/3
f 6698/1/3 6692/1/3 6697/1/3
f 6703/1/3 6694/1/3 6693/1/3
f 6704/1/3 6694/1/3 6703/1/3
f 6705/1/3 6700/1/3 6699/1/3
f 6706/1/3 6700/1/3 6705/1/3
f 6711/1/3 6702/1/3 6701/1/3
f 6712/1/3 6702/1/3 6711/1/3
f 6713/1/3 6708/1/3 6707/1/3
f 6714/1/3 6708/1/3 6713/1/3
f 6715/1/3 6710/1/3 6709/1/3
f 6716/1/3 6710/1/3 6715/1/3
f 6723/1/3 6718/1/3 6717/1/3
f 6724/1/3 6718/1/3 6723/1/3
f 6725/1/3 6720/1/3 6719/1/3
f 6726/1/3 6720/1/3 6725/1/3
f 6731/1/3 6722/1/3 6721/1/3
f 6732/1/3 6722/1/3 6731/1/3
f 6733/1/3 6728/1/3 6727/1/3
f 6734/1/3 6728/1/3 6733/1/3
f 6737/1/3 6730/1/3 6729/1/3
f 6738/1/3 6730/1/3 6737/1/3
f 6739/1/3 6736/1/3 6735/1/3
f 6740/1/3 6736/1/3 6739/1/3
f 6746/1/3 6742/1/3 6741/1/3
f 6747/1/3 6742/1/3 6746/1/3
f 6748/1/3 6744/1/3 6743/1/3
f 6749/1/3 6744/1/3 6748/1/3
f 6752/1/3 6746/1/3 6745/1/3
f 6753/1/3 6746/1/3 6752/1/3
f 6754/1/3 6750/1/3 6749/1/3
f 6755/1/3 6750/1/3 6754/1/3
f 6757/1/3 6752/1/3 6751/1/3
f 6758/1/3 6752/1/3 6757/1/3
f 6759/1/3 6756/1/3 6755/1/3
f 6760/1/3 6756/1/3 6759/1/3
f 6765/1/3 6762/1/3 6761/1/3
f 6766/1/3 6762/1/3 6765/1/3
f 6767/1/3 6764/1/3 6763/1/3
f 6768/1/3 6764/1/3 6767/1/3
f 6773/1/3 6770/1/3 6769/1/3
f 6774/1/3 6770/1/3 6773/1/3
f 6775/1/3 6772/1/3 6771/1/3
f 6776/1/3 6772/1/3 6775/1/3
f 6781/1/3 6778/1/3 6777/1/3
f 6782/1/3 6778/1/3 6781/1/3
f 6783/1/3 6780/1/3 6779/1/3
f 6784/1/3 6780/1/3 6783/1/3
f 6789/1/3 6786/1/3 6785/1/3
f 6790/1/3 6786/1/3 6789/1/3
f 6791/1/3 6788/1/3 6787/1/3
f 6792/1/3 6788/1/3 6791/1/3
f 6797/1/3 6794/1/3 6793/1/3
f 6798/1/3 6794/1/3 6797/1/3
f 6799/1/3 6796/1/3 6795/1/3
f 6800/1/3 6796/1/3 6799/1/3
f 6805/1/3 6802/1/3 6801/1/3
f 6806/1/3 6802/1/3 6805/1/3
f 6807/1/3 6804/1/3 6803/1/3
f 6808/1/3 6804/1/3 6807/1/3
f 6813/2/3 6810/2/3 6809/2/3
f 6814/2/3 6810/2/3 6813/2/3
f 6817/1/3 6812/1/3 6811/1/3
f 6818/1/3 6812/1/3 6817/1/3
f 6819/2/3 6815/2/3 6814/2/3
f 6820/2/3 6815/2/3 6819/2/3
f 6823/1/3 6817/1/3 6816/1/3
f 6824/1/3 6817/1/3 6823/1/3
f 6825/2/3 6821/2/3 6820/2/3
f 6826/2/3 6821/2/3 6825/2/3
f 6827/1/3 6823/1/3 6822/1/3
f 6828/1/3 6823/1/3 6827/1/3
f 6833/1/3 6830/1/3 6829/1/3
f 6834/1/3 6830/1/3 6833/1/3
f 6839/1/3 6832/1/3 6831/1/3
f 6840/1/3 6832/1/3 6839/1/3
f 6841/1/3 6836/1/3 6835/1/3
f 6842/1/3 6836/1/3 6841/1/3
f 6847/1/3 6838/1/3 6837/1/3
f 6848/1/3 6838/1/3 6847/1/3
f 6849/1/3 6844/1/3 6843/1/3
f 6850/1/3 6844/1/3 6849/1/3
f 6851/1/3 6846/1/3 6845/1/3
f 6852/1/3 6846/1/3 6851/1/3
f 6855/3/3 6854/3/3 6853/3/3
f 6856/3/3 6854/3/3 6855/3/3
f 6857/4/3 6856/4/3 6855/4/3
f 6858/4/3 6856/4/3 6857/4/3
f 6859/3/3 6858/3/3 6857/3/3
f 6860/3/3 6858/3/3 6859/3/3
f 6861/4/3 6860/4/3 6859/4/3
f 6862/4/3 6860/4/3 6861/4/3
f 6869/1/3 6864/1/3 6863/1/3
f 6870/1/3 6864/1/3 6869/1/3
f 6871/1/3 6866/1/3 6865/1/3
f 6872/1/3 6866/1/3 6871/1/3
f 6875/1/3 6868/1/3 6867/1/3
f 6876/1/3 6868/1/3 6875/1/3
f 6877/1/3 6874/1/3 6873/1/3
f 6878/1/3 6874/1/3 6877/1/3
f 6883/1/3 6880/1/3 6879/1/3
f 6884/1/3 6880/1/3 6883/1/3
f 6885/1/3 6882/1/3 6881/1/3
f 6886/1/3 6882/1/3 6885/1/3
f 6891/1/3 6888/1/3 6887/1/3
f 6892/1/3 6888/1/3 6891/1/3
f 6893/1/3 6890/1/3 6889/1/3
f 6894/1/3 6890/1/3 6893/1/3
f 6899/1/3 6896/1/3 6895/1/3
f 6900/1/3 6896/1/3 6899/1/3
f 6901/1/3 6898/1/3 6897/1/3
f 6902/1/3 6898/1/3 6901/1/3
f 6907/1/3 6904/1/3 6903/1/3
f 6908/1/3 6904/1/3 6907/1/3
f 6909/1/3 6906/1/3 6905/1/3
f 6910/1/3 6906/1/3 6909/1/3
f 6915/1/3 6912/1/3 6911/1/3
f 6916/1/3 6912/1/3 6915/1/3
f 6917/1/3 6914/1/3 6913/1/3
f 6918/1/3 6914/1/3 6917/1/3
f 6923/1/3 6920/1/3 6919/1/3
f 6924/1/3 6920/1/3 6923/1/3
f 6925/1/3 6922/1/3 6921/1/3
f 6926/1/3 6922/1/3 6925/1/3
f 6931/2/3 6928/2/3 6927/2/3
f 6932/2/3 6928/2/3 6931/2/3
f 6933/1/3 6930/1/3 6929/1/3
f 6934/1/3 6930/1/3 6933/1/3
f 6939/2/3 6936/2/3 6935/2/3
f 6940/2/3 6936/2/3 6939/2/3
f 6941/1/3 6938/1/3 6937/1/3
f 6942/1/3 6938/1/3 6941/1/3
f 6947/1/3 6944/1/3 6943/1/3
f 6948/1/3 6944/1/3 6947/1/3
f 6953/1/3 6946/1/3 6945/1/3
f 6954/1/3 6946/1/3 6953/1/3
f 6955/1/3 6950/1/3 6949/1/3
f 6956/1/3 6950/1/3 6955/1/3
f 6957/2/3 6952/2/3 6951/2/3
f 6958/2/3 6952/2/3 6957/2/3
f 6961/4/3 6960/4/3 6959/4/3
f 6962/4/3 6960/4/3 6961/4/3
f 6963/3/3 6962/3/3 6961/3/3
f 6964/3/3 6962/3/3 6963/3/3
f 6965/4/3 6964/4/3 6963/4/3
f 6966/4/3 6964/4/3 6965/4/3
f 6967/3/3 6966/3/3 6965/3/3
f 6968/3/3 6966/3/3 6967/3/3
f 6971/3/3 6970/3/3 6969/3/3
f 6972/3/3 6970/3/3 6971/3/3
f 6973/4/3 6972/4/3 6971/4/3
f 6974/4/3 6972/4/3 6973/4/3
f 6975/3/3 6974/3/3 6973/3/3
f 6976/3/3 6974/3/3 6975/3/3
f 6977/4/3 6976/4/3 6975/4/3
f 6978/4/3 6976/4/3 6977/4/3
f 6983/1/3 6980/1/3 6979/1/3
f 6984/1/3 6980/1/3 6983/1/3
f 6987/1/3 6982/1/3 6981/1/3
f 6988/1/3 6982/1/3 6987/1/3
f 6989/1/3 6986/1/3 6985/1/3
f 6990/1/3 6986/1/3 6989/1/3
f 6995/1/3 6992/1/3 6991/1/3
f 6996/1/3 6992/1/3 6995/1/3
f 6997/1/3 6994/1/3 6993/1/3
f 6998/1/3 6994/1/3 6997/1/3
f 7003/1/3 7000/1/3 6999/1/3
f 7004/1/3 7000/1/3 7003/1/3
f 7005/1/3 7002/1/3 7001/1/3
f 7006/1/3 7002/1/3 7005/1/3
f 7011/1/3 7008/1/3 7007/1/3
f 7012/1/3 7008/1/3 7011/1/3
f 7013/1/3 7010/1/3 7009/1/3
f 7014/1/3 7010/1/3 7013/1/3
f 7019/1/3 7016/1/3 7015/1/3
f 7020/1/3 7016/1/3 7019/1/3
f 7021/1/3 7018/1/3 7017/1/3
f 7022/1/3 7018/1/3 7021/1/3
f 7027/1/3 7024/1/3 7023/1/3
f 7028/1/3 7024/1/3 7027/1/3
f 7029/1/3 7026/1/3 7025/1/3
f 7030/1/3 7026/1/3 7029/1/3
f 7035/2/3 7032/2/3 7031/2/3
f 7036/2/3 7032/2/3 7035/2/3
f 7037/1/3 7034/1/3 7033/1/3
f 7038/1/3 7034/1/3 7037/1/3
f 7043/1/3 7040/1/3 7039/1/3
f 7044/1/3 7040/1/3 7043/1/3
f 7045/1/3 7042/1/3 7041/1/3
f 7046/1/3 7042/1/3 7045/1/3
f 7051/1/3 7048/1/3 7047/1/3
f 7052/1/3 7048/1/3 7051/1/3
f 7055/2/3 7050/2/3 7049/2/3
f 7056/2/3 7050/2/3 7055/2/3
f 7057/1/3 7054/1/3 7053/1/3
f 7058/1/3 7054/1/3 7057/1/3
f 7061/4/3 7060/4/3 7059/4/3
f 7062/4/3 7060/4/3 7061/4/3
f 7063/3/3 7062/3/3 7061/3/3
f 7064/3/3 7062/3/3 7063/3/3
f 7065/4/3 7064/4/3 7063/4/3
f 7066/4/3 7064/4/3 7065/4/3
f 7067/3/3 7066/3/3 7065/3/3
f 7068/3/3 7066/3/3 7067/3/3
f 7073/2/3 7070/2/3 7069/2/3
f 7074/2/3 7070/2/3 7073/2/3
f 7075/1/3 7072/1/3 7071/1/3
f 7076/1/3 7072/1/3 7075/1/3
f 7082/1/3 7078/1/3 7077/1/3
f 7083/1/3 7078/1/3 7082/1/3
f 7084/1/3 7080/1/3 7079/1/3
f 7085/1/3 7080/1/3 7084/1/3
f 7087/1/3 7082/1/3 7081/1/3
f 7088/1/3 7082/1/3 7087/1/3
f 7089/1/3 7086/1/3 7085/1/3
f 7090/1/3 7086/1/3 7089/1/3
f 7095/1/3 7092/1/3 7091/1/3
f 7096/1/3 7092/1/3 7095/1/3
f 7097/1/3 7094/1/3 7093/1/3
f 7098/1/3 7094/1/3 7097/1/3
f 7103/1/3 7100/1/3 7099/1/3
f 7104/1/3 7100/1/3 7103/1/3
f 7105/1/3 7102/1/3 7101/1/3
f 7106/1/3 7102/1/3 7105/1/3
f 7111/2/3 7108/2/3 7107/2/3
f 7112/2/3 7108/2/3 7111/2/3
f 7115/1/3 7110/1/3 7109/1/3
f 7116/1/3 7110/1/3 7115/1/3
f 7117/2/3 7113/2/3 7112/2/3
f 7118/2/3 7113/2/3 7117/2/3
f 7119/1/3 7115/1/3 7114/1/3
f 7120/1/3 7115/1/3 7119/1/3
f 7125/1/3 7122/1/3 7121/1/3
f 7126/1/3 7122/1/3 7125/1/3
f 7127/2/3 7124/2/3 7123/2/3
f 7128/2/3 7124/2/3 7127/2/3
f 7133/1/3 7130/1/3 7129/1/3
f 7134/1/3 7130/1/3 7133/1/3
f 7135/1/3 7132/1/3 7131/1/3
f 7136/1/3 7132/1/3 7135/1/3
f 7141/1/3 7138/1/3 7137/1/3
f 7142/1/3 7138/1/3 7141/1/3
f 7143/1/3 7140/1/3 7139/1/3
f 7144/1/3 7140/1/3 7143/1/3
f 7149/1/3 7146/1/3 7145/1/3
f 7150/1/3 7146/1/3 7149/1/3
f 7151/1/3 7148/1/3 7147/1/3
f 7152/1/3 7148/1/3 7151/1/3
f 7157/1/3 7154/1/3 7153/1/3
f 7158/1/3 7154/1/3 7157/1/3
f 7159/1/3 7156/1/3 7155/1/3
f 7160/1/3 7156/1/3 7159/1/3
f 7165/1/3 7162/1/3 7161/1/3
f 7166/1/3 7162/1/3 7165/1/3
f 7167/1/3 7164/1/3 7163/1/3
f 7168/1/3 7164/1/3 7167/1/3
f 7173/2/3 7170/2/3 7169/2/3
f 7174/2/3 7170/2/3 7173/2/3
f 7175/1/3 7172/1/3 7171/1/3
f 7176/1/3 7172/1/3 7175/1/3
f 7181/2/3 7178/2/3 7177/2/3
f 7182/2/3 7178/2/3 7181/2/3
f 7183/1/3 7180/1/3 7179/1/3
f 7184/1/3 7180/1/3 7183/1/3
f 7189/1/3 7186/1/3 7185/1/3
f 7190/1/3 7186/1/3 7189/1/3
f 7191/2/3 7188/2/3 7187/2/3
f 7192/2/3 7188/2/3 7191/2/3
f 7197/2/3 7194/2/3 7193/2/3
f 7198/2/3 7194/2/3 7197/2/3
f 7199/1/3 7196/1/3 7195/1/3
f 7200/1/3 7196/1/3 7199/1/3
f 7205/1/3 7202/1/3 7201/1/3
f 7206/1/3 7202/1/3 7205/1/3
f 7207/1/3 7204/1/3 7203/1/3
f 7208/1/3 7204/1/3 7207/1/3
f 7213/1/3 7210/1/3 7209/1/3
f 7214/1/3 7210/1/3 7213/1/3
f 7215/1/3 7212/1/3 7211/1/3
f 7216/1/3 7212/1/3 7215/1/3
f 7221/1/3 7218/1/3 7217/1/3
f 7222/1/3 7218/1/3 7221/1/3
f 7223/2/3 7220/2/3 7219/2/3
f 7224/2/3 7220/2/3 7223/2/3
f 7227/3/3 7226/3/3 7225/3/3
f 7228/3/3 7226/3/3 7227/3/3
f 7229/4/3 7228/4/3 7227/4/3
f 7230/4/3 7228/4/3 7229/4/3
f 7231/3/3 7230/3/3 7229/3/3
f 7232/3/3 7230/3/3 7231/3/3
f 7233/4/3 7232/4/3 7231/4/3
f 7234/4/3 7232/4/3 7233/4/3
f 7237/4/3 7236/4/3 7235/4/3
f 7238/4/3 7236/4/3 7237/4/3
f 7239/3/3 7238/3/3 7237/3/3
f 7240/3/3 7238/3/3 7239/3/3
f 7241/4/3 7240/4/3 7239/4/3
f 7242/4/3 7240/4/3 7241/4/3
f 7243/3/3 7242/3/3 7241/3/3
f 7244/3/3 7242/3/3 7243/3/3
f 7247/4/3 7246/4/3 7245/4/3
f 7248/4/3 7246/4/3 7247/4/3
f 7251/4/3 7250/4/3 7249/4/3
f 7252/4/3 7250/4/3 7251/4/3
f 7255/4/3 7254/4/3 7253/4/3
f 7256/4/3 7254/4/3 7255/4/3
f 7259/3/3 7258/3/3 7257/3/3
f 7260/3/3 7258/3/3 7259/3/3
f 7261/4/3 7260/4/3 7259/4/3
f 7262/4/3 7260/4/3 7261/4/3
f 7263/4/3 7260/4/3 7262/4/3
f 7264/3/3 7263/3/3 7262/3/3
f 7265/3/3 7263/3/3 7264/3/3
f 7266/3/3 7263/3/3 7265/3/3
f 7267/4/3 7266/4/3 7265/4/3
f 7268/4/3 7266/4/3 7267/4/3
f 7271/4/3 7270/4/3 7269/4/3
f 7272/4/3 7270/4/3 7271/4/3
f 7273/3/3 7272/3/3 7271/3/3
f 7274/3/3 7272/3/3 7273/3/3
f 7275/4/3 7274/4/3 7273/4/3
f 7276/4/3 7274/4/3 7275/4/3
f 7277/4/3 7274/4/3 7276/4/3
f 7278/3/3 7277/3/3 7276/3/3
f 7279/3/3 7277/3/3 7278/3/3
f 7282/3/3 7281/3/3 7280/3/3
f 7283/3/3 7281/3/3 7282/3/3
f 7284/4/3 7283/4/3 7282/4/3
f 7285/4/3 7283/4/3 7284/4/3
f 7286/3/3 7285/3/3 7284/3/3
f 7287/3/3 7285/3/3 7286/3/3
f 7288/4/3 7287/4/3 7286/4/3
f 7289/4/3 7287/4/3 7288/4/3
f 7290/4/3 7287/4/3 7289/4/3
f 7293/4/3 7292/4/3 7291/4/3
f 7294/4/3 7292/4/3 7293/4/3
f 7295/4/3 7292/4/3 7294/4/3
f 7296/3/3 7295/3/3 7294/3/3
f 7297/3/3 7295/3/3 7296/3/3
f 7298/3/3 7295/3/3 7297/3/3
f 7299/4/3 7298/4/3 7297/4/3
f 7300/4/3 7298/4/3 7299/4/3
f 7301/3/3 7300/3/3 7299/3/3
f 7302/3/3 7300/3/3 7301/3/3
f 7305/4/3 7304/4/3 7303/4/3
f 7306/4/3 7304/4/3 7305/4/3
f 7309/4/3 7308/4/3 7307/4/3
f 7310/4/3 7308/4/3 7309/4/3
f 7313/4/3 7312/4/3 7311/4/3
f 7314/4/3 7312/4/3 7313/4/3
f 7317/3/3 7316/3/3 7315/3/3
f 7318/3/3 7316/3/3 7317/3/3
f 7319/4/3 7318/4/3 7317/4/3
f 7320/4/3 7318/4/3 7319/4/3
f 7321/3/3 7320/3/3 7319/3/3
f 7322/3/3 7320/3/3 7321/3/3
f 7323/4/3 7322/4/3 7321/4/3
f 7324/4/3 7322/4/3 7323/4/3
f 7327/4/3 7326/4/3 7325/4/3
f 7328/4/3 7326/4/3 7327/4/3
f 7329/3/3 7328/3/3 7327/3/3
f 7330/3/3 7328/3/3 7329/3/3
f 7331/4/3 7330/4/3 7329/4/3
f 7332/4/3 7330/4/3 7331/4/3
f 7333/3/3 7332/3/3 7331/3/3
f 7334/3/3 7332/3/3 7333/3/3
f 7337/4/3 7336/4/3 7335/4/3
f 7338/4/3 7336/4/3 7337/4/3
f 7341/4/3 7340/4/3 7339/4/3
f 7342/4/3 7340/4/3 7341/4/3
f 7345/3/3 7344/3/3 7343/3/3
f 7346/3/3 7344/3/3 7345/3/3
f 7347/4/3 7346/4/3 7345/4/3
f 7348/4/3 7346/4/3 7347/4/3
f 7349/4/3 7346/4/3 7348/4/3
f 7350/3/3 7349/3/3 7348/3/3
f 7351/3/3 7349/3/3 7350/3/3
f 7352/4/3 7351/4/3 7350/4/3
f 7353/4/3 7351/4/3 7352/4/3
f 7354/4/3 7351/4/3 7353/4/3
f 7357/4/3 7356/4/3 7355/4/3
f 7358/4/3 7356/4/3 7357/4/3
f 7359/3/3 7358/3/3 7357/3/3
f 7360/3/3 7358/3/3 7359/3/3
f 7361/4/3 7360/4/3 7359/4/3
f 7362/4/3 7360/4/3 7361/4/3
f 7363/4/3 7360/4/3 7362/4/3
f 7364/3/3 7363/3/3 7362/3/3
f 7365/3/3 7363/3/3 7364/3/3
f 7368/4/3 7367/4/3 7366/4/3
f 7369/4/3 7367/4/3 7368/4/3
f 7372/3/3 7371/3/3 7370/3/3
f 7373/3/3 7371/3/3 7372/3/3
f 7374/4/3 7373/4/3 7372/4/3
f 7375/4/3 7373/4/3 7374/4/3
f 7376/4/3 7373/4/3 7375/4/3
f 7377/3/3 7376/3/3 7375/3/3
f 7378/3/3 7376/3/3 7377/3/3
f 7379/3/3 7376/3/3 7378/3/3
f 7380/4/3 7379/4/3 7378/4/3
f 7381/4/3 7379/4/3 7380/4/3
f 7382/4/3 7379/4/3 7381/4/3
f 7385/4/3 7384/4/3 7383/4/3
f 7386/4/3 7384/4/3 7385/4/3
f 7387/4/3 7384/4/3 7386/4/3
f 7388/3/3 7387/3/3 7386/3/3
f 7389/3/3 7387/3/3 7388/3/3
f 7390/3/3 7387/3/3 7389/3/3
f 7391/4/3 7390/4/3 7389/4/3
f 7392/4/3 7390/4/3 7391/4/3
f 7393/4/3 7390/4/3 7392/4/3
f 7394/3/3 7393/3/3 7392/3/3
f 7395/3/3 7393/3/3 7394/3/3
f 7398/4/3 7397/4/3 7396/4/3
f 7399/4/3 7397/4/3 7398/4/3
f 7402/4/3 7401/4/3 7400/4/3
f 7403/4/3 7401/4/3 7402/4/3
f 7406/4/3 7405/4/3 7404/4/3
f 7407/4/3 7405/4/3 7406/4/3
f 7410/4/3 7409/4/3 7408/4/3
f 7411/4/3 7409/4/3 7410/4/3
f 7414/4/3 7413/4/3 7412/4/3
f 7415/4/3 7413/4/3 7414/4/3
f 7418/3/3 7417/3/3 7416/3/3
f 7419/3/3 7417/3/3 7418/3/3
f 7420/4/3 7419/4/3 7418/4/3
f 7421/4/3 7419/4/3 7420/4/3
f 7422/4/3 7419/4/3 7421/4/3
f 7423/3/3 7422/3/3 7421/3/3
f 7424/3/3 7422/3/3 7423/3/3
f 7425/3/3 7422/3/3 7424/3/3
f 7426/4/3 7425/4/3 7424/4/3
f 7427/4/3 7425/4/3 7426/4/3
f 7428/3/3 7427/3/3 7426/3/3
f 7429/3/3 7427/3/3 7428/3/3
f 7430/3/3 7427/3/3 7429/3/3
f 7431/4/3 7430/4/3 7429/4/3
f 7432/4/3 7430/4/3 7431/4/3
f 7433/4/3 7430/4/3 7432/4/3
f 7434/3/3 7433/3/3 7432/3/3
f 7435/3/3 7433/3/3 7434/3/3
f 7438/3/3 7437/3/3 7436/3/3
f 7439/3/3 7437/3/3 7438/3/3
f 7440/4/3 7439/4/3 7438/4/3
f 7441/4/3 7439/4/3 7440/4/3
f 7442/4/3 7439/4/3 7441/4/3
f 7443/3/3 7442/3/3 7441/3/3
f 7444/3/3 7442/3/3 7443/3/3
f 7445/4/3 7444/4/3 7443/4/3
f 7446/4/3 7444/4/3 7445/4/3
f 7447/4/3 7444/4/3 7446/4/3
f 7448/3/3 7447/3/3 7446/3/3
f 7449/3/3 7447/3/3 7448/3/3
f 7450/3/4 7451/3/4 7452/3/4
f 7452/3/4 7451/3/4 7453/3/4
f 7452/4/4 7453/4/4 7454/4/4
f 7452/4/4 7454/4/4 7455/4/4
f 7452/4/4 7455/4/4 7456/4/4
f 7456/4/4 7455/4/4 7457/4/4
f 7456/3/4 7457/3/4 7458/3/4
f 7458/3/4 7457/3/4 7459/3/4
f 7460/3/4 7461/3/4 7462/3/4
f 7462/3/4 7461/3/4 7463/3/4
f 7462/4/4 7463/4/4 7464/4/4
f 7462/4/4 7464/4/4 7465/4/4
f 7465/4/4 7464/4/4 7466/4/4
f 7465/3/4 7466/3/4 7467/3/4
f 7465/3/4 7467/3/4 7468/3/4
f 7465/3/4 7468/3/4 7469/3/4
f 7469/3/4 7468/3/4 7470/3/4
f 7469/4/4 7470/4/4 7471/4/4
f 7469/4/4 7471/4/4 7472/4/4
f 7472/4/4 7471/4/4 7473/4/4
f 7472/3/4 7473/3/4 7474/3/4
f 7474/3/4 7473/3/4 7475/3/4
f 7476/4/4 7477/4/4 7478/4/4
f 7478/4/4 7477/4/4 7479/4/4
f 7480/3/4 7481/3/4 7482/3/4
f 7482/3/4 7481/3/4 7483/3/4
f 7482/4/4 7483/4/4 7484/4/4
f 7482/4/4 7484/4/4 7485/4/4
f 7485/4/4 7484/4/4 7486/4/4
f 7485/3/4 7486/3/4 7487/3/4
f 7485/3/4 7487/3/4 7488/3/4
f 7488/3/4 7487/3/4 7489/3/4
f 7488/4/4 7489/4/4 7490/4/4
f 7488/4/4 7490/4/4 7491/4/4
f 7491/4/4 7490/4/4 7492/4/4
f 7493/4/4 7494/4/4 7495/4/4
f 7493/4/4 7495/4/4 7496/4/4
f 7496/4/4 7495/4/4 7497/4/4
f 7496/3/4 7497/3/4 7498/3/4
f 7496/3/4 7498/3/4 7499/3/4
f 7499/3/4 7498/3/4 7500/3/4
f 7499/4/4 7500/4/4 7501/4/4
f 7499/4/4 7501/4/4 7502/4/4
f 7502/4/4 7501/4/4 7503/4/4
f 7502/3/4 7503/3/4 7504/3/4
f 7504/3/4 7503/3/4 7505/3/4
f 7506/4/4 7507/4/4 7508/4/4
f 7508/4/4 7507/4/4 7509/4/4
f 7510/4/4 7511/4/4 7512/4/4
f 7512/4/4 7511/4/4 7513/4/4
f 7514/4/4 7515/4/4 7516/4/4
f 7516/4/4 7515/4/4 7517/4/4
f 7518/4/4 7519/4/4 7520/4/4
f 7520/4/4 7519/4/4 7521/4/4
f 7522/3/4 7523/3/4 7524/3/4
f 7524/3/4 7523/3/4 7525/3/4
f 7524/4/4 7525/4/4 7526/4/4
f 7524/4/4 7526/4/4 7527/4/4
f 7527/4/4 7526/4/4 7528/4/4
f 7527/3/4 7528/3/4 7529/3/4
f 7529/3/4 7528/3/4 7530/3/4
f 7529/4/4 7530/4/4 7531/4/4
f 7529/4/4 7531/4/4 7532/4/4
f 7532/4/4 7531/4/4 7533/4/4
f 7534/4/4 7535/4/4 7536/4/4
f 7534/4/4 7536/4/4 7537/4/4
f 7537/4/4 7536/4/4 7538/4/4
f 7537/3/4 7538/3/4 7539/3/4
f 7539/3/4 7538/3/4 7540/3/4
f 7539/4/4 7540/4/4 7541/4/4
f 7539/4/4 7541/4/4 7542/4/4
f 7542/4/4 7541/4/4 7543/4/4
f 7542/3/4 7543/3/4 7544/3/4
f 7544/3/4 7543/3/4 7545/3/4
f 7546/4/4 7547/4/4 7548/4/4
f 7548/4/4 7547/4/4 7549/4/4
f 7550/4/4 7551/4/4 7552/4/4
f 7552/4/4 7551/4/4 7553/4/4
f 7554/3/4 7555/3/4 7556/3/4
f 7556/3/4 7555/3/4 7557/3/4
f 7556/4/4 7557/4/4 7558/4/4
f 7556/4/4 7558/4/4 7559/4/4
f 7559/4/4 7558/4/4 7560/4/4
f 7559/3/4 7560/3/4 7561/3/4
f 7559/3/4 7561/3/4 7562/3/4
f 7562/3/4 7561/3/4 7563/3/4
f 7562/4/4 7563/4/4 7564/4/4
f 7562/4/4 7564/4/4 7565/4/4
f 7565/4/4 7564/4/4 7566/4/4
f 7567/4/4 7568/4/4 7569/4/4
f 7567/4/4 7569/4/4 7570/4/4
f 7570/4/4 7569/4/4 7571/4/4
f 7570/3/4 7571/3/4 7572/3/4
f 7572/3/4 7571/3/4 7573/3/4
f 7572/4/4 7573/4/4 7574/4/4
f 7572/4/4 7574/4/4 7575/4/4
f 7575/4/4 7574/4/4 7576/4/4
f 7575/3/4 7576/3/4 7577/3/4
f 7577/3/4 7576/3/4 7578/3/4
f 7579/4/4 7580/4/4 7581/4/4
f 7581/4/4 7580/4/4 7582/4/4
f 7583/4/4 7584/4/4 7585/4/4
f 7585/4/4 7584/4/4 7586/4/4
f 7587/4/4 7588/4/4 7589/4/4
f 7589/4/4 7588/4/4 7590/4/4
f 7591/4/4 7592/4/4 7593/4/4
f 7593/4/4 7592/4/4 7594/4/4
f 7595/3/4 7596/3/4 7597/3/4
f 7597/3/4 7596/3/4 7598/3/4
f 7597/4/4 7598/4/4 7599/4/4
f 7597/4/4 7599/4/4 7600/4/4
f 7600/4/4 7599/4/4 7601/4/4
f 7600/3/4 7601/3/4 7602/3/4
f 7600/3/4 7602/3/4 7603/3/4
f 7603/3/4 7602/3/4 7604/3/4
f 7603/4/4 7604/4/4 7605/4/4
f 7603/4/4 7605/4/4 7606/4/4
f 7606/4/4 7605/4/4 7607/4/4
f 7608/4/4 7609/4/4 7610/4/4
f 7610/4/4 7609/4/4 7611/4/4
f 7610/3/4 7611/3/4 7612/3/4
f 7610/3/4 7612/3/4 7613/3/4
f 7613/3/4 7612/3/4 7614/3/4
f 7613/4/4 7614/4/4 7615/4/4
f 7613/4/4 7615/4/4 7616/4/4
f 7616/4/4 7615/4/4 7617/4/4
f 7616/3/4 7617/3/4 7618/3/4
f 7618/3/4 7617/3/4 7619/3/4
f 7620/3/4 7621/3/4 7622/3/4
f 7622/3/4 7621/3/4 7623/3/4
f 7622/4/4 7623/4/4 7624/4/4
f 7624/4/4 7623/4/4 7625/4/4
f 7624/3/4 7625/3/4 7626/3/4
f 7626/3/4 7625/3/4 7627/3/4
f 7626/4/4 7627/4/4 7628/4/4
f 7626/4/4 7628/4/4 7629/4/4
f 7629/4/4 7628/4/4 7630/4/4
f 7631/4/4 7632/4/4 7633/4/4
f 7631/4/4 7633/4/4 7634/4/4
f 7634/4/4 7633/4/4 7635/4/4
f 7634/3/4 7635/3/4 7636/3/4
f 7636/3/4 7635/3/4 7637/3/4
f 7636/4/4 7637/4/4 7638/4/4
f 7638/4/4 7637/4/4 7639/4/4
f 7638/3/4 7639/3/4 7640/3/4
f 7640/3/4 7639/3/4 7641/3/4
f 7642/4/4 7643/4/4 7644/4/4
f 7644/4/4 7643/4/4 7645/4/4
f 7646/4/4 7647/4/4 7648/4/4
f 7648/4/4 7647/4/4 7649/4/4
f 7650/4/4 7651/4/4 7652/4/4
f 7652/4/4 7651/4/4 7653/4/4
f 7654/3/4 7655/3/4 7656/3/4
f 7656/3/4 7655/3/4 7657/3/4
f 7656/4/4 7657/4/4 7658/4/4
f 7658/4/4 7657/4/4 7659/4/4
f 7658/3/4 7659/3/4 7660/3/4
f 7660/3/4 7659/3/4 7661/3/4
f 7660/4/4 7661/4/4 7662/4/4
f 7662/4/4 7661/4/4 7663/4/4
f 7664/4/4 7665/4/4 7666/4/4
f 7666/4/4 7665/4/4 7667/4/4
f 7666/3/4 7667/3/4 7668/3/4
f 7668/3/4 7667/3/4 7669/3/4
f 7668/4/4 7669/4/4 7670/4/4
f 7670/4/4 7669/4/4 7671/4/4
f 7670/3/4 7671/3/4 7672/3/4
f 7672/3/4 7671/3/4 7673/3/4
f 7674/2/4 7675/2/4 7678/2/4
f 7678/2/4 7675/2/4 7679/2/4
f 7676/1/4 7677/1/4 7680/1/4
f 7680/1/4 7677/1/4 7681/1/4
f 7682/1/4 7683/1/4 7686/1/4
f 7686/1/4 7683/1/4 7687/1/4
f 7684/1/4 7685/1/4 7688/1/4
f 7688/1/4 7685/1/4 7689/1/4
f 7690/1/4 7691/1/4 7694/1/4
f 7694/1/4 7691/1/4 7695/1/4
f 7692/1/4 7693/1/4 7696/1/4
f 7696/1/4 7693/1/4 7697/1/4
f 7698/1/4 7699/1/4 7702/1/4
f 7702/1/4 7699/1/4 7703/1/4
f 7700/2/4 7701/2/4 7704/2/4
f 7704/2/4 7701/2/4 7705/2/4
f 7706/2/4 7707/2/4 7710/2/4
f 7710/2/4 7707/2/4 7711/2/4
f 7708/1/4 7709/1/4 7712/1/4
f 7712/1/4 7709/1/4 7713/1/4
f 7714/1/4 7715/1/4 7718/1/4
f 7718/1/4 7715/1/4 7719/1/4
f 7716/1/4 7717/1/4 7720/1/4
f 7720/1/4 7717/1/4 7721/1/4
f 7722/1/4 7723/1/4 7726/1/4
f 7726/1/4 7723/1/4 7727/1/4
f 7724/1/4 7725/1/4 7728/1/4
f 7728/1/4 7725/1/4 7729/1/4
f 7730/1/4 7731/1/4 7734/1/4
f 7734/1/4 7731/1/4 7735/1/4
f 7732/1/4 7733/1/4 7736/1/4
f 7736/1/4 7733/1/4 7737/1/4
f 7738/1/4 7739/1/4 7742/1/4
f 7742/1/4 7739/1/4 7743/1/4
f 7740/1/4 7741/1/4 7744/1/4
f 7744/1/4 7741/1/4 7745/1/4
f 7746/2/4 7747/2/4 7750/2/4
f 7750/2/4 7747/2/4 7751/2/4
f 7748/1/4 7749/1/4 7752/1/4
f 7752/1/4 7749/1/4 7753/1/4
f 7754/2/4 7755/2/4 7758/2/4
f 7758/2/4 7755/2/4 7759/2/4
f 7756/1/4 7757/1/4 7760/1/4
f 7760/1/4 7757/1/4 7761/1/4
f 7762/1/4 7763/1/4 7766/1/4
f 7766/1/4 7763/1/4 7767/1/4
f 7764/2/4 7765/2/4 7768/2/4
f 7768/2/4 7765/2/4 7769/2/4
f 7770/3/4 7771/3/4 7772/3/4
f 7772/3/4 7771/3/4 7773/3/4
f 7772/4/4 7773/4/4 7774/4/4
f 7774/4/4 7773/4/4 7775/4/4
f 7774/3/4 7775/3/4 7776/3/4
f 7776/3/4 7775/3/4 7777/3/4
f 7776/4/4 7777/4/4 7778/4/4
f 7778/4/4 7777/4/4 7779/4/4
f 7780/2/4 7781/2/4 7784/2/4
f 7784/2/4 7781/2/4 7785/2/4
f 7782/1/4 7783/1/4 7786/1/4
f 7786/1/4 7783/1/4 7787/1/4
f 7788/1/4 7789/1/4 7793/1/4
f 7793/1/4 7789/1/4 7794/1/4
f 7790/1/4 7791/1/4 7795/1/4
f 7795/1/4 7791/1/4 7796/1/4
f 7792/1/4 7793/1/4 7798/1/4
f 7798/1/4 7793/1/4 7799/1/4
f 7796/1/4 7797/1/4 7800/1/4
f 7800/1/4 7797/1/4 7801/1/4
f 7802/1/4 7803/1/4 7806/1/4
f 7806/1/4 7803/1/4 7807/1/4
f 7804/1/4 7805/1/4 7808/1/4
f 7808/1/4 7805/1/4 7809/1/4
f 7810/1/4 7811/1/4 7814/1/4
f 7814/1/4 7811/1/4 7815/1/4
f 7812/1/4 7813/1/4 7816/1/4
f 7816/1/4 7813/1/4 7817/1/4
f 7818/2/4 7819/2/4 7822/2/4
f 7822/2/4 7819/2/4 7823/2/4
f 7820/1/4 7821/1/4 7826/1/4
f 7826/1/4 7821/1/4 7827/1/4
f 7823/2/4 7824/2/4 7828/2/4
f 7828/2/4 7824/2/4 7829/2/4
f 7825/1/4 7826/1/4 7830/1/4
f 7830/1/4 7826/1/4 7831/1/4
f 7832/1/4 7833/1/4 7836/1/4
f 7836/1/4 7833/1/4 7837/1/4
f 7834/2/4 7835/2/4 7838/2/4
f 7838/2/4 7835/2/4 7839/2/4
f 7840/4/4 7841/4/4 7842/4/4
f 7842/4/4 7841/4/4 7843/4/4
f 7842/3/4 7843/3/4 7844/3/4
f 7844/3/4 7843/3/4 7845/3/4
f 7844/4/4 7845/4/4 7846/4/4
f 7846/4/4 7845/4/4 7847/4/4
f 7846/3/4 7847/3/4 7848/3/4
f 7848/3/4 7847/3/4 7849/3/4
f 7850/3/4 7851/3/4 7852/3/4
f 7852/3/4 7851/3/4 7853/3/4
f 7852/4/4 7853/4/4 7854/4/4
f 7854/4/4 7853/4/4 7855/4/4
f 7854/3/4 7855/3/4 7856/3/4
f 7856/3/4 7855/3/4 7857/3/4
f 7856/4/4 7857/4/4 7858/4/4
f 7858/4/4 7857/4/4 7859/4/4
f 7860/2/4 7861/2/4 7864/2/4
f 7864/2/4 7861/2/4 7865/2/4
f 7862/2/4 7863/2/4 7868/2/4
f 7868/2/4 7863/2/4 7869/2/4
f 7866/1/4 7867/1/4 7870/1/4
f 7870/1/4 7867/1/4 7871/1/4
f 7872/2/4 7873/2/4 7876/2/4
f 7876/2/4 7873/2/4 7877/2/4
f 7874/1/4 7875/1/4 7878/1/4
f 7878/1/4 7875/1/4 7879/1/4
f 7880/1/4 7881/1/4 7884/1/4
f 7884/1/4 7881/1/4 7885/1/4
f 7882/1/4 7883/1/4 7886/1/4
f 7886/1/4 7883/1/4 7887/1/4
f 7888/1/4 7889/1/4 7892/1/4
f 7892/1/4 7889/1/4 7893/1/4
f 7890/1/4 7891/1/4 7894/1/4
f 7894/1/4 7891/1/4 7895/1/4
f 7896/1/4 7897/1/4 7900/1/4
f 7900/1/4 7897/1/4 7901/1/4
f 7898/1/4 7899/1/4 7902/1/4
f 7902/1/4 7899/1/4 7903/1/4
f 7904/1/4 7905/1/4 7908/1/4
f 7908/1/4 7905/1/4 7909/1/4
f 7906/1/4 7907/1/4 7910/1/4
f 7910/1/4 7907/1/4 7911/1/4
f 7912/1/4 7913/1/4 7916/1/4
f 7916/1/4 7913/1/4 7917/1/4
f 7914/1/4 7915/1/4 7918/1/4
f 7918/1/4 7915/1/4 7919/1/4
f 7920/1/4 7921/1/4 7924/1/4
f 7924/1/4 7921/1/4 7925/1/4
f 7922/1/4 7923/1/4 7926/1/4
f 7926/1/4 7923/1/4 7927/1/4
f 7928/1/4 7929/1/4 7932/1/4
f 7932/1/4 7929/1/4 7933/1/4
f 7930/2/4 7931/2/4 7937/2/4
f 7937/2/4 7931/2/4 7938/2/4
f 7934/1/4 7935/1/4 7939/1/4
f 7935/2/4 7936/2/4 7940/2/4
f 7939/1/4 7935/1/4 7940/1/4
f 7940/2/4 7936/2/4 7941/2/4
f 7942/4/4 7943/4/4 7944/4/4
f 7944/4/4 7943/4/4 7945/4/4
f 7944/3/4 7945/3/4 7946/3/4
f 7946/3/4 7945/3/4 7947/3/4
f 7946/4/4 7947/4/4 7948/4/4
f 7948/4/4 7947/4/4 7949/4/4
f 7948/3/4 7949/3/4 7950/3/4
f 7950/3/4 7949/3/4 7951/3/4
f 7952/2/4 7953/2/4 7958/2/4
f 7958/2/4 7953/2/4 7959/2/4
f 7954/1/4 7955/1/4 7960/1/4
f 7960/1/4 7955/1/4 7961/1/4
f 7956/2/4 7957/2/4 7964/2/4
f 7964/2/4 7957/2/4 7965/2/4
f 7962/1/4 7963/1/4 7966/1/4
f 7966/1/4 7963/1/4 7967/1/4
f 7968/1/4 7969/1/4 7972/1/4
f 7972/1/4 7969/1/4 7973/1/4
f 7970/1/4 7971/1/4 7974/1/4
f 7974/1/4 7971/1/4 7975/1/4
f 7976/1/4 7977/1/4 7980/1/4
f 7980/1/4 7977/1/4 7981/1/4
f 7978/1/4 7979/1/4 7982/1/4
f 7982/1/4 7979/1/4 7983/1/4
f 7984/1/4 7985/1/4 7988/1/4
f 7988/1/4 7985/1/4 7989/1/4
f 7986/1/4 7987/1/4 7990/1/4
f 7990/1/4 7987/1/4 7991/1/4
f 7992/1/4 7993/1/4 7996/1/4
f 7996/1/4 7993/1/4 7997/1/4
f 7994/1/4 7995/1/4 7998/1/4
f 7998/1/4 7995/1/4 7999/1/4
f 8000/1/4 8001/1/4 8004/1/4
f 8004/1/4 8001/1/4 8005/1/4
f 8002/1/4 8003/1/4 8006/1/4
f 8006/1/4 8003/1/4 8007/1/4
f 8008/1/4 8009/1/4 8012/1/4
f 8012/1/4 8009/1/4 8013/1/4
f 8010/1/4 8011/1/4 8014/1/4
f 8014/1/4 8011/1/4 8015/1/4
f 8016/2/4 8017/2/4 8020/2/4
f 8020/2/4 8017/2/4 8021/2/4
f 8018/1/4 8019/1/4 8022/1/4
f 8022/1/4 8019/1/4 8023/1/4
f 8024/1/4 8025/1/4 8028/1/4
f 8028/1/4 8025/1/4 8029/1/4
f 8026/1/4 8027/1/4 8030/1/4
f 8030/1/4 8027/1/4 8031/1/4
f 8032/1/4 8033/1/4 8036/1/4
f 8036/1/4 8033/1/4 8037/1/4
f 8034/2/4 8035/2/4 8042/2/4
f 8042/2/4 8035/2/4 8043/2/4
f 8038/1/4 8039/1/4 8044/1/4
f 8044/1/4 8039/1/4 8045/1/4
f 8040/2/4 8041/2/4 8046/2/4
f 8046/2/4 8041/2/4 8047/2/4
f 8048/2/4 8049/2/4 8054/2/4
f 8054/2/4 8049/2/4 8055/2/4
f 8050/1/4 8051/1/4 8056/1/4
f 8056/1/4 8051/1/4 8057/1/4
f 8052/2/4 8053/2/4 8062/2/4
f 8062/2/4 8053/2/4 8063/2/4
f 8058/1/4 8059/1/4 8064/1/4
f 8064/1/4 8059/1/4 8065/1/4
f 8060/2/4 8061/2/4 8068/2/4
f 8068/2/4 8061/2/4 8069/2/4
f 8066/1/4 8067/1/4 8070/1/4
f 8070/1/4 8067/1/4 8071/1/4
f 8072/1/4 8073/1/4 8077/1/4
f 8077/1/4 8073/1/4 8078/1/4
f 8074/1/4 8075/1/4 8079/1/4
f 8079/1/4 8075/1/4 8080/1/4
f 8076/1/4 8077/1/4 8083/1/4
f 8083/1/4 8077/1/4 8084/1/4
f 8080/1/4 8081/1/4 8085/1/4
f 8085/1/4 8081/1/4 8086/1/4
f 8082/1/4 8083/1/4 8088/1/4
f 8088/1/4 8083/1/4 8089/1/4
f 8086/1/4 8087/1/4 8090/1/4
f 8090/1/4 8087/1/4 8091/1/4
f 8092/1/4 8093/1/4 8096/1/4
f 8096/1/4 8093/1/4 8097/1/4
f 8094/1/4 8095/1/4 8098/1/4
f 8098/1/4 8095/1/4 8099/1/4
f 8100/1/4 8101/1/4 8104/1/4
f 8104/1/4 8101/1/4 8105/1/4
f 8102/1/4 8103/1/4 8106/1/4
f 8106/1/4 8103/1/4 8107/1/4
f 8108/1/4 8109/1/4 8112/1/4
f 8112/1/4 8109/1/4 8113/1/4
f 8110/1/4 8111/1/4 8114/1/4
f 8114/1/4 8111/1/4 8115/1/4
f 8116/1/4 8117/1/4 8120/1/4
f 8120/1/4 8117/1/4 8121/1/4
f 8118/1/4 8119/1/4 8122/1/4
f 8122/1/4 8119/1/4 8123/1/4
f 8124/1/4 8125/1/4 8128/1/4
f 8128/1/4 8125/1/4 8129/1/4
f 8126/1/4 8127/1/4 8130/1/4
f 8130/1/4 8127/1/4 8131/1/4
f 8132/1/4 8133/1/4 8136/1/4
f 8136/1/4 8133/1/4 8137/1/4
f 8134/1/4 8135/1/4 8138/1/4
f 8138/1/4 8135/1/4 8139/1/4
f 8140/2/4 8141/2/4 8144/2/4
f 8144/2/4 8141/2/4 8145/2/4
f 8142/1/4 8143/1/4 8148/1/4
f 8148/1/4 8143/1/4 8149/1/4
f 8145/2/4 8146/2/4 8150/2/4
f 8150/2/4 8146/2/4 8151/2/4
f 8147/1/4 8148/1/4 8154/1/4
f 8154/1/4 8148/1/4 8155/1/4
f 8151/1/4 8152/1/4 8156/1/4
f 8156/1/4 8152/1/4 8157/1/4
f 8153/1/4 8154/1/4 8158/1/4
f 8158/1/4 8154/1/4 8159/1/4
f 8160/1/4 8161/1/4 8164/1/4
f 8164/1/4 8161/1/4 8165/1/4
f 8162/1/4 8163/1/4 8170/1/4
f 8170/1/4 8163/1/4 8171/1/4
f 8166/1/4 8167/1/4 8172/1/4
f 8172/1/4 8167/1/4 8173/1/4
f 8168/2/4 8169/2/4 8178/2/4
f 8178/2/4 8169/2/4 8179/2/4
f 8174/1/4 8175/1/4 8180/1/4
f 8180/1/4 8175/1/4 8181/1/4
f 8176/2/4 8177/2/4 8182/2/4
f 8182/2/4 8177/2/4 8183/2/4
f 8184/3/4 8185/3/4 8186/3/4
f 8186/3/4 8185/3/4 8187/3/4
f 8188/2/4 8189/2/4 8195/2/4
f 8195/2/4 8189/2/4 8196/2/4
f 8190/2/4 8191/2/4 8197/2/4
f 8191/1/4 8192/1/4 8198/1/4
f 8197/2/4 8191/2/4 8198/2/4
f 8198/1/4 8192/1/4 8199/1/4
f 8193/2/4 8194/2/4 8204/2/4
f 8204/2/4 8194/2/4 8205/2/4
f 8200/1/4 8201/1/4 8206/1/4
f 8206/1/4 8201/1/4 8207/1/4
f 8202/2/4 8203/2/4 8212/2/4
f 8212/2/4 8203/2/4 8213/2/4
f 8208/1/4 8209/1/4 8214/1/4
f 8214/1/4 8209/1/4 8215/1/4
f 8210/1/4 8211/1/4 8218/1/4
f 8218/1/4 8211/1/4 8219/1/4
f 8216/1/4 8217/1/4 8220/1/4
f 8220/1/4 8217/1/4 8221/1/4
f 8222/1/4 8223/1/4 8226/1/4
f 8226/1/4 8223/1/4 8227/1/4
f 8224/1/4 8225/1/4 8228/1/4
f 8228/1/4 8225/1/4 8229/1/4
f 8230/1/4 8231/1/4 8234/1/4
f 8234/1/4 8231/1/4 8235/1/4
f 8232/1/4 8233/1/4 8236/1/4
f 8236/1/4 8233/1/4 8237/1/4
f 8238/1/4 8239/1/4 8242/1/4
f 8242/1/4 8239/1/4 8243/1/4
f 8240/1/4 8241/1/4 8244/1/4
f 8244/1/4 8241/1/4 8245/1/4
f 8246/1/4 8247/1/4 8250/1/4
f 8246/1/4 8250/1/4 8251/1/4
f 8251/1/4 8250/1/4 8252/1/4
f 8248/1/4 8249/1/4 8253/1/4
f 8253/1/4 8249/1/4 8254/1/4
f 8255/1/4 8256/1/4 8259/1/4
f 8259/1/4 8256/1/4 8260/1/4
f 8257/1/4 8258/1/4 8261/1/4
f 8261/1/4 8258/1/4 8262/1/4
f 8263/1/4 8264/1/4 8267/1/4
f 8267/1/4 8264/1/4 8268/1/4
f 8265/1/4 8266/1/4 8269/1/4
f 8269/1/4 8266/1/4 8270/1/4
f 8271/1/4 8272/1/4 8275/1/4
f 8275/1/4 8272/1/4 8276/1/4
f 8273/1/4 8274/1/4 8277/1/4
f 8277/1/4 8274/1/4 8278/1/4
f 8279/1/4 8280/1/4 8283/1/4
f 8283/1/4 8280/1/4 8284/1/4
f 8281/1/4 8282/1/4 8285/1/4
f 8285/1/4 8282/1/4 8286/1/4
f 8287/1/4 8288/1/4 8291/1/4
f 8291/1/4 8288/1/4 8292/1/4
f 8289/1/4 8290/1/4 8297/1/4
f 8297/1/4 8290/1/4 8298/1/4
f 8293/1/4 8294/1/4 8299/1/4
f 8299/1/4 8294/1/4 8300/1/4
f 8295/1/4 8296/1/4 8305/1/4
f 8305/1/4 8296/1/4 8306/1/4
f 8301/1/4 8302/1/4 8307/1/4
f 8307/1/4 8302/1/4 8308/1/4
f 8303/2/4 8304/2/4 8313/2/4
f 8313/2/4 8304/2/4 8314/2/4
f 8309/1/4 8310/1/4 8315/1/4
f 8315/1/4 8310/1/4 8316/1/4
f 8311/1/4 8312/1/4 8317/1/4
f 8317/1/4 8312/1/4 8318/1/4
f 8319/3/4 8320/3/4 8321/3/4
f 8321/3/4 8320/3/4 8322/3/4
f 8323/2/4 8324/2/4 8328/2/4
f 8324/1/4 8325/1/4 8329/1/4
f 8328/2/4 8324/2/4 8329/2/4
f 8329/1/4 8325/1/4 8330/1/4
f 8326/2/4 8327/2/4 8335/2/4
f 8335/2/4 8327/2/4 8336/2/4
f 8331/1/4 8332/1/4 8337/1/4
f 8337/1/4 8332/1/4 8338/1/4
f 8333/1/4 8334/1/4 8343/1/4
f 8343/1/4 8334/1/4 8344/1/4
f 8339/1/4 8340/1/4 8345/1/4
f 8345/1/4 8340/1/4 8346/1/4
f 8341/1/4 8342/1/4 8351/1/4
f 8351/1/4 8342/1/4 8352/1/4
f 8347/1/4 8348/1/4 8353/1/4
f 8353/1/4 8348/1/4 8354/1/4
f 8349/1/4 8350/1/4 8358/1/4
f 8358/1/4 8350/1/4 8359/1/4
f 8355/1/4 8356/1/4 8360/1/4
f 8360/1/4 8356/1/4 8361/1/4
f 8357/1/4 8358/1/4 8364/1/4
f 8364/1/4 8358/1/4 8365/1/4
f 8361/2/4 8362/2/4 8366/2/4
f 8366/2/4 8362/2/4 8367/2/4
f 8363/1/4 8364/1/4 8370/1/4
f 8370/1/4 8364/1/4 8371/1/4
f 8367/2/4 8368/2/4 8372/2/4
f 8372/2/4 8368/2/4 8373/2/4
f 8369/1/4 8370/1/4 8375/1/4
f 8375/1/4 8370/1/4 8376/1/4
f 8373/2/4 8374/2/4 8377/2/4
f 8377/2/4 8374/2/4 8378/2/4
f 8379/1/4 8380/1/4 8383/1/4
f 8383/1/4 8380/1/4 8384/1/4
f 8381/1/4 8382/1/4 8385/1/4
f 8385/1/4 8382/1/4 8386/1/4
f 8387/1/4 8388/1/4 8391/1/4
f 8391/1/4 8388/1/4 8392/1/4
f 8389/1/4 8390/1/4 8393/1/4
f 8393/1/4 8390/1/4 8394/1/4
f 8395/1/4 8396/1/4 8399/1/4
f 8399/1/4 8396/1/4 8400/1/4
f 8397/1/4 8398/1/4 8401/1/4
f 8401/1/4 8398/1/4 8402/1/4
f 8403/1/4 8404/1/4 8407/1/4
f 8407/1/4 8404/1/4 8408/1/4
f 8405/1/4 8406/1/4 8409/1/4
f 8409/1/4 8406/1/4 8410/1/4
f 8411/1/4 8412/1/4 8415/1/4
f 8415/1/4 8412/1/4 8416/1/4
f 8413/1/4 8414/1/4 8417/1/4
f 8417/1/4 8414/1/4 8418/1/4
f 8419/1/4 8420/1/4 8423/1/4
f 8423/1/4 8420/1/4 8424/1/4
f 8421/1/4 8422/1/4 8425/1/4
f 8425/1/4 8422/1/4 8426/1/4
f 8427/1/4 8428/1/4 8431/1/4
f 8431/1/4 8428/1/4 8432/1/4
f 8429/1/4 8430/1/4 8433/1/4
f 8433/1/4 8430/1/4 8434/1/4
f 8435/1/4 8436/1/4 8439/1/4
f 8439/1/4 8436/1/4 8440/1/4
f 8437/1/4 8438/1/4 8443/1/4
f 8443/1/4 8438/1/4 8444/1/4
f 8440/1/4 8441/1/4 8445/1/4
f 8445/1/4 8441/1/4 8446/1/4
f 8442/1/4 8443/1/4 8449/1/4
f 8449/1/4 8443/1/4 8450/1/4
f 8446/1/4 8447/1/4 8451/1/4
f 8451/1/4 8447/1/4 8452/1/4
f 8448/1/4 8449/1/4 8455/1/4
f 8455/1/4 8449/1/4 8456/1/4
f 8452/1/4 8453/1/4 8457/1/4
f 8457/1/4 8453/1/4 8458/1/4
f 8454/1/4 8455/1/4 8463/1/4
f 8463/1/4 8455/1/4 8464/1/4
f 8459/1/4 8460/1/4 8465/1/4
f 8465/1/4 8460/1/4 8466/1/4
f 8461/1/4 8462/1/4 8471/1/4
f 8471/1/4 8462/1/4 8472/1/4
f 8467/1/4 8468/1/4 8473/1/4
f 8473/1/4 8468/1/4 8474/1/4
f 8469/1/4 8470/1/4 8479/1/4
f 8479/1/4 8470/1/4 8480/1/4
f 8475/1/4 8476/1/4 8481/1/4
f 8481/1/4 8476/1/4 8482/1/4
f 8477/1/4 8478/1/4 8485/1/4
f 8485/1/4 8478/1/4 8486/1/4
f 8483/1/4 8484/1/4 8487/1/4
f 8487/1/4 8484/1/4 8488/1/4
f 8489/2/4 8490/2/4 8495/2/4
f 8495/2/4 8490/2/4 8496/2/4
f 8491/1/4 8492/1/4 8497/1/4
f 8497/1/4 8492/1/4 8498/1/4
f 8493/1/4 8494/1/4 8503/1/4
f 8503/1/4 8494/1/4 8504/1/4
f 8499/1/4 8500/1/4 8505/1/4
f 8505/1/4 8500/1/4 8506/1/4
f 8501/1/4 8502/1/4 8511/1/4
f 8511/1/4 8502/1/4 8512/1/4
f 8507/1/4 8508/1/4 8513/1/4
f 8513/1/4 8508/1/4 8514/1/4
f 8509/1/4 8510/1/4 8518/1/4
f 8518/1/4 8510/1/4 8519/1/4
f 8515/2/4 8516/2/4 8520/2/4
f 8520/2/4 8516/2/4 8521/2/4
f 8517/1/4 8518/1/4 8524/1/4
f 8524/1/4 8518/1/4 8525/1/4
f 8521/2/4 8522/2/4 8526/2/4
f 8526/2/4 8522/2/4 8527/2/4
f 8523/1/4 8524/1/4 8530/1/4
f 8530/1/4 8524/1/4 8531/1/4
f 8527/2/4 8528/2/4 8532/2/4
f 8532/2/4 8528/2/4 8533/2/4
f 8529/1/4 8530/1/4 8536/1/4
f 8536/1/4 8530/1/4 8537/1/4
f 8533/2/4 8534/2/4 8538/2/4
f 8538/2/4 8534/2/4 8539/2/4
f 8535/1/4 8536/1/4 8541/1/4
f 8541/1/4 8536/1/4 8542/1/4
f 8539/2/4 8540/2/4 8543/2/4
f 8543/2/4 8540/2/4 8544/2/4
f 8545/2/4 8546/2/4 8549/2/4
f 8549/2/4 8546/2/4 8550/2/4
f 8547/2/4 8548/2/4 8551/2/4
f 8551/2/4 8548/2/4 8552/2/4
f 8553/2/4 8554/2/4 8557/2/4
f 8557/2/4 8554/2/4 8558/2/4
f 8555/1/4 8556/1/4 8559/1/4
f 8559/1/4 8556/1/4 8560/1/4
f 8561/2/4 8562/2/4 8565/2/4
f 8565/2/4 8562/2/4 8566/2/4
f 8563/1/4 8564/1/4 8567/1/4
f 8567/1/4 8564/1/4 8568/1/4
f 8569/1/4 8570/1/4 8573/1/4
f 8573/1/4 8570/1/4 8574/1/4
f 8571/1/4 8572/1/4 8575/1/4
f 8575/1/4 8572/1/4 8576/1/4
f 8577/1/4 8578/1/4 8581/1/4
f 8581/1/4 8578/1/4 8582/1/4
f 8579/1/4 8580/1/4 8583/1/4
f 8583/1/4 8580/1/4 8584/1/4
f 8585/1/4 8586/1/4 8589/1/4
f 8589/1/4 8586/1/4 8590/1/4
f 8587/1/4 8588/1/4 8591/1/4
f 8591/1/4 8588/1/4 8592/1/4
f 8593/1/4 8594/1/4 8597/1/4
f 8597/1/4 8594/1/4 8598/1/4
f 8595/1/4 8596/1/4 8601/1/4
f 8601/1/4 8596/1/4 8602/1/4
f 8598/1/4 8599/1/4 8603/1/4
f 8603/1/4 8599/1/4 8604/1/4
f 8600/1/4 8601/1/4 8607/1/4
f 8607/1/4 8601/1/4 8608/1/4
f 8604/1/4 8605/1/4 8609/1/4
f 8609/1/4 8605/1/4 8610/1/4
f 8606/1/4 8607/1/4 8613/1/4
f 8613/1/4 8607/1/4 8614/1/4
f 8610/1/4 8611/1/4 8615/1/4
f 8615/1/4 8611/1/4 8616/1/4
f 8612/1/4 8613/1/4 8619/1/4
f 8619/1/4 8613/1/4 8620/1/4
f 8616/1/4 8617/1/4 8621/1/4
f 8621/1/4 8617/1/4 8622/1/4
f 8618/1/4 8619/1/4 8627/1/4
f 8627/1/4 8619/1/4 8628/1/4
f 8623/1/4 8624/1/4 8629/1/4
f 8629/1/4 8624/1/4 8630/1/4
f 8625/1/4 8626/1/4 8635/1/4
f 8635/1/4 8626/1/4 8636/1/4
f 8631/1/4 8632/1/4 8637/1/4
f 8637/1/4 8632/1/4 8638/1/4
f 8633/1/4 8634/1/4 8643/1/4
f 8643/1/4 8634/1/4 8644/1/4
f 8639/1/4 8640/1/4 8645/1/4
f 8645/1/4 8640/1/4 8646/1/4
f 8641/1/4 8642/1/4 8647/1/4
f 8647/1/4 8642/1/4 8648/1/4
f 8649/3/4 8650/3/4 8651/3/4
f 8651/3/4 8650/3/4 8652/3/4
f 8651/4/4 8652/4/4 8653/4/4
f 8653/4/4 8652/4/4 8654/4/4
f 8653/3/4 8654/3/4 8655/3/4
f 8653/3/4 8655/3/4 8656/3/4
f 8656/3/4 8655/3/4 8657/3/4
f 8656/4/4 8657/4/4 8658/4/4
f 8656/4/4 8658/4/4 8659/4/4
f 8659/4/4 8658/4/4 8660/4/4
f 8661/1/4 8662/1/4 8665/1/4
f 8665/1/4 8662/1/4 8666/1/4
f 8663/1/4 8664/1/4 8671/1/4
f 8671/1/4 8664/1/4 8672/1/4
f 8667/1/4 8668/1/4 8673/1/4
f 8673/1/4 8668/1/4 8674/1/4
f 8669/1/4 8670/1/4 8679/1/4
f 8679/1/4 8670/1/4 8680/1/4
f 8675/1/4 8676/1/4 8681/1/4
f 8681/1/4 8676/1/4 8682/1/4
f 8677/1/4 8678/1/4 8686/1/4
f 8686/1/4 8678/1/4 8687/1/4
f 8683/2/4 8684/2/4 8688/2/4
f 8688/2/4 8684/2/4 8689/2/4
f 8685/1/4 8686/1/4 8691/1/4
f 8691/1/4 8686/1/4 8692/1/4
f 8689/2/4 8690/2/4 8693/2/4
f 8693/2/4 8690/2/4 8694/2/4
f 8695/1/4 8696/1/4 8700/1/4
f 8700/1/4 8696/1/4 8701/1/4
f 8697/2/4 8698/2/4 8702/2/4
f 8702/2/4 8698/2/4 8703/2/4
f 8699/1/4 8700/1/4 8705/1/4
f 8705/1/4 8700/1/4 8706/1/4
f 8703/2/4 8704/2/4 8707/2/4
f 8707/2/4 8704/2/4 8708/2/4
f 8709/2/4 8710/2/4 8713/2/4
f 8713/2/4 8710/2/4 8714/2/4
f 8711/2/4 8712/2/4 8715/2/4
f 8715/2/4 8712/2/4 8716/2/4
f 8717/2/4 8718/2/4 8721/2/4
f 8721/2/4 8718/2/4 8722/2/4
f 8719/1/4 8720/1/4 8723/1/4
f 8723/1/4 8720/1/4 8724/1/4
f 8725/2/4 8726/2/4 8729/2/4
f 8729/2/4 8726/2/4 8730/2/4
f 8729/1/4 8730/1/4 8731/1/4
f 8729/1/4 8731/1/4 8732/1/4
f 8732/1/4 8731/1/4 8733/1/4
f 8727/1/4 8728/1/4 8734/1/4
f 8734/1/4 8728/1/4 8735/1/4
f 8736/1/4 8737/1/4 8740/1/4
f 8740/1/4 8737/1/4 8741/1/4
f 8738/1/4 8739/1/4 8742/1/4
f 8742/1/4 8739/1/4 8743/1/4
f 8744/1/4 8745/1/4 8748/1/4
f 8748/1/4 8745/1/4 8749/1/4
f 8746/1/4 8747/1/4 8750/1/4
f 8750/1/4 8747/1/4 8751/1/4
f 8752/1/4 8753/1/4 8756/1/4
f 8756/1/4 8753/1/4 8757/1/4
f 8754/1/4 8755/1/4 8760/1/4
f 8760/1/4 8755/1/4 8761/1/4
f 8757/1/4 8758/1/4 8762/1/4
f 8762/1/4 8758/1/4 8763/1/4
f 8759/1/4 8760/1/4 8764/1/4
f 8764/1/4 8760/1/4 8765/1/4
f 8766/1/4 8767/1/4 8770/1/4
f 8770/1/4 8767/1/4 8771/1/4
f 8768/1/4 8769/1/4 8774/1/4
f 8774/1/4 8769/1/4 8775/1/4
f 8771/1/4 8772/1/4 8776/1/4
f 8776/1/4 8772/1/4 8777/1/4
f 8773/1/4 8774/1/4 8782/1/4
f 8782/1/4 8774/1/4 8783/1/4
f 8778/1/4 8779/1/4 8784/1/4
f 8784/1/4 8779/1/4 8785/1/4
f 8780/1/4 8781/1/4 8790/1/4
f 8790/1/4 8781/1/4 8791/1/4
f 8786/1/4 8787/1/4 8792/1/4
f 8792/1/4 8787/1/4 8793/1/4
f 8788/1/4 8789/1/4 8796/1/4
f 8796/1/4 8789/1/4 8797/1/4
f 8794/1/4 8795/1/4 8798/1/4
f 8798/1/4 8795/1/4 8799/1/4
f 8800/4/4 8801/4/4 8802/4/4
f 8802/4/4 8801/4/4 8803/4/4
f 8802/3/4 8803/3/4 8804/3/4
f 8802/3/4 8804/3/4 8805/3/4
f 8805/3/4 8804/3/4 8806/3/4
f 8805/4/4 8806/4/4 8807/4/4
f 8807/4/4 8806/4/4 8808/4/4
f 8807/3/4 8808/3/4 8809/3/4
f 8809/3/4 8808/3/4 8810/3/4
f 8811/3/4 8812/3/4 8813/3/4
f 8813/3/4 8812/3/4 8814/3/4
f 8815/1/4 8816/1/4 8819/1/4
f 8819/1/4 8816/1/4 8820/1/4
f 8817/1/4 8818/1/4 8825/1/4
f 8825/1/4 8818/1/4 8826/1/4
f 8821/1/4 8822/1/4 8827/1/4
f 8827/1/4 8822/1/4 8828/1/4
f 8823/1/4 8824/1/4 8832/1/4
f 8832/1/4 8824/1/4 8833/1/4
f 8829/2/4 8830/2/4 8834/2/4
f 8834/2/4 8830/2/4 8835/2/4
f 8831/1/4 8832/1/4 8839/1/4
f 8839/1/4 8832/1/4 8840/1/4
f 8835/2/4 8836/2/4 8841/2/4
f 8841/2/4 8836/2/4 8842/2/4
f 8837/1/4 8838/1/4 8846/1/4
f 8846/1/4 8838/1/4 8847/1/4
f 8843/2/4 8844/2/4 8848/2/4
f 8848/2/4 8844/2/4 8849/2/4
f 8845/1/4 8846/1/4 8851/1/4
f 8851/1/4 8846/1/4 8852/1/4
f 8849/2/4 8850/2/4 8853/2/4
f 8853/2/4 8850/2/4 8854/2/4
f 8855/1/4 8856/1/4 8860/1/4
f 8860/1/4 8856/1/4 8861/1/4
f 8857/2/4 8858/2/4 8862/2/4
f 8862/2/4 8858/2/4 8863/2/4
f 8859/2/4 8860/2/4 8865/2/4
f 8865/2/4 8860/2/4 8866/2/4
f 8863/2/4 8864/2/4 8867/2/4
f 8867/2/4 8864/2/4 8868/2/4
f 8871/2/4 8872/2/4 8873/2/4
f 8873/2/4 8872/2/4 8874/2/4
f 8869/2/4 8870/2/4 8875/2/4
f 8875/2/4 8870/2/4 8876/2/4
f 8873/1/4 8874/1/4 8877/1/4
f 8877/1/4 8874/1/4 8878/1/4
f 8879/2/4 8880/2/4 8883/2/4
f 8883/2/4 8880/2/4 8884/2/4
f 8883/1/4 8884/1/4 8885/1/4
f 8883/1/4 8885/1/4 8886/1/4
f 8886/1/4 8885/1/4 8887/1/4
f 8881/1/4 8882/1/4 8888/1/4
f 8888/1/4 8882/1/4 8889/1/4
f 8890/1/4 8891/1/4 8894/1/4
f 8894/1/4 8891/1/4 8895/1/4
f 8892/1/4 8893/1/4 8896/1/4
f 8896/1/4 8893/1/4 8897/1/4
f 8898/1/4 8899/1/4 8902/1/4
f 8902/1/4 8899/1/4 8903/1/4
f 8900/1/4 8901/1/4 8906/1/4
f 8906/1/4 8901/1/4 8907/1/4
f 8903/1/4 8904/1/4 8908/1/4
f 8908/1/4 8904/1/4 8909/1/4
f 8905/1/4 8906/1/4 8910/1/4
f 8910/1/4 8906/1/4 8911/1/4
f 8912/1/4 8913/1/4 8916/1/4
f 8916/1/4 8913/1/4 8917/1/4
f 8914/1/4 8915/1/4 8920/1/4
f 8920/1/4 8915/1/4 8921/1/4
f 8917/1/4 8918/1/4 8922/1/4
f 8922/1/4 8918/1/4 8923/1/4
f 8919/1/4 8920/1/4 8928/1/4
f 8928/1/4 8920/1/4 8929/1/4
f 8924/1/4 8925/1/4 8930/1/4
f 8930/1/4 8925/1/4 8931/1/4
f 8926/1/4 8927/1/4 8934/1/4
f 8934/1/4 8927/1/4 8935/1/4
f 8931/1/4 8932/1/4 8936/1/4
f 8936/1/4 8932/1/4 8937/1/4
f 8933/1/4 8934/1/4 8942/1/4
f 8942/1/4 8934/1/4 8943/1/4
f 8938/1/4 8939/1/4 8944/1/4
f 8944/1/4 8939/1/4 8945/1/4
f 8940/1/4 8941/1/4 8948/1/4
f 8948/1/4 8941/1/4 8949/1/4
f 8946/1/4 8947/1/4 8950/1/4
f 8950/1/4 8947/1/4 8951/1/4
f 8952/3/4 8953/3/4 8954/3/4
f 8954/3/4 8953/3/4 8955/3/4
f 8956/3/4 8957/3/4 8958/3/4
f 8958/3/4 8957/3/4 8959/3/4
f 8958/4/4 8959/4/4 8960/4/4
f 8960/4/4 8959/4/4 8961/4/4
f 8960/3/4 8961/3/4 8962/3/4
f 8962/3/4 8961/3/4 8963/3/4
f 8962/4/4 8963/4/4 8964/4/4
f 8964/4/4 8963/4/4 8965/4/4
f 8966/1/4 8967/1/4 8972/1/4
f 8972/1/4 8967/1/4 8973/1/4
f 8968/1/4 8969/1/4 8974/1/4
f 8974/1/4 8969/1/4 8975/1/4
f 8970/1/4 8971/1/4 8979/1/4
f 8979/1/4 8971/1/4 8980/1/4
f 8976/1/4 8977/1/4 8981/1/4
f 8981/1/4 8977/1/4 8982/1/4
f 8978/1/4 8979/1/4 8985/1/4
f 8985/1/4 8979/1/4 8986/1/4
f 8982/2/4 8983/2/4 8987/2/4
f 8987/2/4 8983/2/4 8988/2/4
f 8984/1/4 8985/1/4 8991/1/4
f 8991/1/4 8985/1/4 8992/1/4
f 8988/2/4 8989/2/4 8993/2/4
f 8993/2/4 8989/2/4 8994/2/4
f 8990/1/4 8991/1/4 8997/1/4
f 8997/1/4 8991/1/4 8998/1/4
f 8994/2/4 8995/2/4 8999/2/4
f 8999/2/4 8995/2/4 9000/2/4
f 8996/1/4 8997/1/4 9003/1/4
f 9003/1/4 8997/1/4 9004/1/4
f 9000/2/4 9001/2/4 9005/2/4
f 9005/2/4 9001/2/4 9006/2/4
f 9002/2/4 9003/2/4 9009/2/4
f 9009/2/4 9003/2/4 9010/2/4
f 9006/2/4 9007/2/4 9011/2/4
f 9011/2/4 9007/2/4 9012/2/4
f 9008/2/4 9009/2/4 9014/2/4
f 9014/2/4 9009/2/4 9015/2/4
f 9012/2/4 9013/2/4 9016/2/4
f 9016/2/4 9013/2/4 9017/2/4
f 9018/2/4 9019/2/4 9022/2/4
f 9022/2/4 9019/2/4 9023/2/4
f 9020/1/4 9021/1/4 9024/1/4
f 9024/1/4 9021/1/4 9025/1/4
f 9026/1/4 9027/1/4 9030/1/4
f 9030/1/4 9027/1/4 9031/1/4
f 9028/1/4 9029/1/4 9032/1/4
f 9032/1/4 9029/1/4 9033/1/4
f 9034/1/4 9035/1/4 9038/1/4
f 9038/1/4 9035/1/4 9039/1/4
f 9036/1/4 9037/1/4 9042/1/4
f 9042/1/4 9037/1/4 9043/1/4
f 9039/1/4 9040/1/4 9044/1/4
f 9044/1/4 9040/1/4 9045/1/4
f 9041/1/4 9042/1/4 9048/1/4
f 9048/1/4 9042/1/4 9049/1/4
f 9045/1/4 9046/1/4 9050/1/4
f 9050/1/4 9046/1/4 9051/1/4
f 9047/1/4 9048/1/4 9054/1/4
f 9054/1/4 9048/1/4 9055/1/4
f 9051/1/4 9052/1/4 9056/1/4
f 9056/1/4 9052/1/4 9057/1/4
f 9053/1/4 9054/1/4 9061/1/4
f 9061/1/4 9054/1/4 9062/1/4
f 9057/1/4 9058/1/4 9063/1/4
f 9058/2/4 9059/2/4 9064/2/4
f 9063/1/4 9058/1/4 9064/1/4
f 9064/2/4 9059/2/4 9065/2/4
f 9060/1/4 9061/1/4 9068/1/4
f 9068/1/4 9061/1/4 9069/1/4
f 9065/2/4 9066/2/4 9070/2/4
f 9070/2/4 9066/2/4 9071/2/4
f 9067/1/4 9068/1/4 9074/1/4
f 9074/1/4 9068/1/4 9075/1/4
f 9071/1/4 9072/1/4 9076/1/4
f 9076/1/4 9072/1/4 9077/1/4
f 9073/1/4 9074/1/4 9083/1/4
f 9083/1/4 9074/1/4 9084/1/4
f 9078/1/4 9079/1/4 9085/1/4
f 9079/1/4 9080/1/4 9085/1/4
f 9085/1/4 9080/1/4 9086/1/4
f 9081/1/4 9082/1/4 9087/1/4
f 9087/1/4 9082/1/4 9088/1/4
f 9089/4/4 9090/4/4 9091/4/4
f 9089/4/4 9091/4/4 9092/4/4
f 9092/4/4 9091/4/4 9093/4/4
f 9092/3/4 9093/3/4 9094/3/4
f 9094/3/4 9093/3/4 9095/3/4
f 9094/4/4 9095/4/4 9096/4/4
f 9096/4/4 9095/4/4 9097/4/4
f 9096/3/4 9097/3/4 9098/3/4
f 9098/3/4 9097/3/4 9099/3/4
f 9100/1/4 9101/1/4 9104/1/4
f 9104/1/4 9101/1/4 9105/1/4
f 9102/1/4 9103/1/4 9109/1/4
f 9109/1/4 9103/1/4 9110/1/4
f 9106/1/4 9107/1/4 9111/1/4
f 9111/1/4 9107/1/4 9112/1/4
f 9108/1/4 9109/1/4 9115/1/4
f 9115/1/4 9109/1/4 9116/1/4
f 9112/1/4 9113/1/4 9117/1/4
f 9117/1/4 9113/1/4 9118/1/4
f 9114/1/4 9115/1/4 9121/1/4
f 9121/1/4 9115/1/4 9122/1/4
f 9118/2/4 9119/2/4 9123/2/4
f 9123/2/4 9119/2/4 9124/2/4
f 9120/1/4 9121/1/4 9127/1/4
f 9127/1/4 9121/1/4 9128/1/4
f 9128/1/4 9121/1/4 9129/1/4
f 9124/2/4 9125/2/4 9130/2/4
f 9130/2/4 9125/2/4 9131/2/4
f 9131/2/4 9125/2/4 9132/2/4
f 9126/1/4 9127/1/4 9134/1/4
f 9127/1/4 9128/1/4 9134/1/4
f 9134/1/4 9128/1/4 9135/1/4
f 9132/2/4 9133/2/4 9136/2/4
f 9131/2/4 9132/2/4 9136/2/4
f 9136/2/4 9133/2/4 9137/2/4
f 9126/1/4 9134/1/4 9139/1/4
f 9139/1/4 9134/1/4 9140/1/4
f 9137/2/4 9133/2/4 9141/2/4
f 9141/2/4 9133/2/4 9142/2/4
f 9138/1/4 9139/1/4 9145/1/4
f 9145/1/4 9139/1/4 9146/1/4
f 9142/2/4 9143/2/4 9147/2/4
f 9147/2/4 9143/2/4 9148/2/4
f 9144/2/4 9145/2/4 9150/2/4
f 9144/2/4 9150/2/4 9152/2/4
f 9152/2/4 9150/2/4 9153/2/4
f 9148/2/4 9149/2/4 9154/2/4
f 9154/2/4 9149/2/4 9155/2/4
f 9151/2/4 9152/2/4 9157/2/4
f 9157/2/4 9152/2/4 9158/2/4
f 9155/1/4 9156/1/4 9159/1/4
f 9159/1/4 9156/1/4 9160/1/4
f 9161/2/4 9162/2/4 9165/2/4
f 9165/2/4 9162/2/4 9166/2/4
f 9165/1/4 9166/1/4 9167/1/4
f 9167/1/4 9166/1/4 9168/1/4
f 9163/1/4 9164/1/4 9169/1/4
f 9169/1/4 9164/1/4 9170/1/4
f 9171/1/4 9172/1/4 9175/1/4
f 9175/1/4 9172/1/4 9176/1/4
f 9173/1/4 9174/1/4 9179/1/4
f 9179/1/4 9174/1/4 9180/1/4
f 9176/1/4 9177/1/4 9181/1/4
f 9181/1/4 9177/1/4 9182/1/4
f 9178/1/4 9179/1/4 9185/1/4
f 9185/1/4 9179/1/4 9186/1/4
f 9182/2/4 9183/2/4 9187/2/4
f 9187/2/4 9183/2/4 9188/2/4
f 9184/1/4 9185/1/4 9191/1/4
f 9191/1/4 9185/1/4 9192/1/4
f 9188/2/4 9189/2/4 9193/2/4
f 9190/1/4 9191/1/4 9196/1/4
f 9193/2/4 9194/2/4 9197/2/4
f 9188/2/4 9193/2/4 9197/2/4
f 9197/2/4 9194/2/4 9198/2/4
f 9198/2/4 9194/2/4 9199/2/4
f 9195/1/4 9196/1/4 9202/1/4
f 9196/1/4 9191/1/4 9203/1/4
f 9202/1/4 9196/1/4 9203/1/4
f 9203/1/4 9191/1/4 9204/1/4
f 9199/2/4 9200/2/4 9205/2/4
f 9198/2/4 9199/2/4 9205/2/4
f 9205/2/4 9200/2/4 9206/2/4
f 9201/1/4 9202/1/4 9209/1/4
f 9202/1/4 9203/1/4 9209/1/4
f 9209/1/4 9203/1/4 9210/1/4
f 9206/2/4 9207/2/4 9211/2/4
f 9211/2/4 9207/2/4 9212/2/4
f 9208/1/4 9209/1/4 9215/1/4
f 9215/1/4 9209/1/4 9216/1/4
f 9212/2/4 9213/2/4 9217/2/4
f 9217/2/4 9213/2/4 9218/2/4
f 9214/1/4 9215/1/4 9221/1/4
f 9221/1/4 9215/1/4 9222/1/4
f 9218/2/4 9219/2/4 9223/2/4
f 9223/2/4 9219/2/4 9224/2/4
f 9220/1/4 9221/1/4 9227/1/4
f 9227/1/4 9221/1/4 9228/1/4
f 9225/1/4 9226/1/4 9229/1/4
f 9229/1/4 9226/1/4 9230/1/4
f 9231/3/4 9232/3/4 9233/3/4
f 9233/3/4 9232/3/4 9234/3/4
f 9235/1/4 9236/1/4 9238/1/4
f 9238/1/4 9236/1/4 9239/1/4
f 9237/1/4 9238/1/4 9242/1/4
f 9242/1/4 9238/1/4 9243/1/4
f 9239/1/4 9240/1/4 9244/1/4
f 9244/1/4 9240/1/4 9245/1/4
f 9241/1/4 9242/1/4 9248/1/4
f 9248/1/4 9242/1/4 9249/1/4
f 9245/1/4 9246/1/4 9250/1/4
f 9250/1/4 9246/1/4 9251/1/4
f 9247/1/4 9248/1/4 9254/1/4
f 9254/1/4 9248/1/4 9255/1/4
f 9251/2/4 9252/2/4 9256/2/4
f 9256/2/4 9252/2/4 9257/2/4
f 9253/1/4 9254/1/4 9260/1/4
f 9260/1/4 9254/1/4 9261/1/4
f 9257/2/4 9258/2/4 9262/2/4
f 9262/2/4 9258/2/4 9263/2/4
f 9259/1/4 9260/1/4 9266/1/4
f 9266/1/4 9260/1/4 9267/1/4
f 9263/2/4 9264/2/4 9268/2/4
f 9268/2/4 9264/2/4 9269/2/4
f 9265/1/4 9266/1/4 9272/1/4
f 9272/1/4 9266/1/4 9273/1/4
f 9269/2/4 9270/2/4 9274/2/4
f 9274/2/4 9270/2/4 9275/2/4
f 9271/1/4 9272/1/4 9277/1/4
f 9277/1/4 9272/1/4 9278/1/4
f 9277/2/4 9278/2/4 9280/2/4
f 9280/2/4 9278/2/4 9281/2/4
f 9275/2/4 9276/2/4 9282/2/4
f 9282/2/4 9276/2/4 9283/2/4
f 9279/2/4 9280/2/4 9285/2/4
f 9279/2/4 9285/2/4 9287/2/4
f 9287/2/4 9285/2/4 9288/2/4
f 9283/1/4 9284/1/4 9289/1/4
f 9289/1/4 9284/1/4 9290/1/4
f 9286/2/4 9287/2/4 9292/2/4
f 9286/2/4 9292/2/4 9293/2/4
f 9293/2/4 9292/2/4 9294/2/4
f 9293/1/4 9294/1/4 9295/1/4
f 9295/1/4 9294/1/4 9296/1/4
f 9290/1/4 9291/1/4 9299/1/4
f 9299/1/4 9291/1/4 9300/1/4
f 9298/1/4 9299/1/4 9301/1/4
f 9296/1/4 9297/1/4 9302/1/4
f 9302/1/4 9297/1/4 9303/1/4
f 9301/1/4 9299/1/4 9306/1/4
f 9306/1/4 9299/1/4 9307/1/4
f 9303/1/4 9304/1/4 9308/1/4
f 9308/1/4 9304/1/4 9309/1/4
f 9305/1/4 9306/1/4 9312/1/4
f 9312/1/4 9306/1/4 9313/1/4
f 9309/2/4 9310/2/4 9314/2/4
f 9314/2/4 9310/2/4 9315/2/4
f 9311/1/4 9312/1/4 9318/1/4
f 9318/1/4 9312/1/4 9319/1/4
f 9315/2/4 9316/2/4 9320/2/4
f 9320/2/4 9316/2/4 9321/2/4
f 9317/1/4 9318/1/4 9324/1/4
f 9324/1/4 9318/1/4 9325/1/4
f 9321/2/4 9322/2/4 9326/2/4
f 9326/2/4 9322/2/4 9327/2/4
f 9323/1/4 9324/1/4 9330/1/4
f 9330/1/4 9324/1/4 9331/1/4
f 9327/2/4 9328/2/4 9332/2/4
f 9332/2/4 9328/2/4 9333/2/4
f 9329/1/4 9330/1/4 9336/1/4
f 9336/1/4 9330/1/4 9337/1/4
f 9333/2/4 9334/2/4 9338/2/4
f 9338/2/4 9334/2/4 9339/2/4
f 9335/1/4 9336/1/4 9343/1/4
f 9343/1/4 9336/1/4 9344/1/4
f 9340/2/4 9341/2/4 9345/2/4
f 9339/2/4 9340/2/4 9345/2/4
f 9345/2/4 9341/2/4 9346/2/4
f 9342/1/4 9343/1/4 9347/1/4
f 9347/1/4 9343/1/4 9348/1/4
f 9346/1/4 9347/1/4 9349/1/4
f 9349/1/4 9347/1/4 9350/1/4
f 9351/3/4 9352/3/4 9353/3/4
f 9353/3/4 9352/3/4 9354/3/4
f 9355/1/4 9356/1/4 9358/1/4
f 9358/1/4 9356/1/4 9359/1/4
f 9359/1/4 9356/1/4 9360/1/4
f 9360/1/4 9356/1/4 9361/1/4
f 9357/1/4 9358/1/4 9364/1/4
f 9358/1/4 9359/1/4 9364/1/4
f 9364/1/4 9359/1/4 9365/1/4
f 9365/1/4 9359/1/4 9366/1/4
f 9360/1/4 9361/1/4 9367/1/4
f 9361/1/4 9362/1/4 9367/1/4
f 9367/1/4 9362/1/4 9368/1/4
f 9368/1/4 9362/1/4 9369/1/4
f 9364/1/4 9365/1/4 9372/1/4
f 9363/1/4 9364/1/4 9372/1/4
f 9372/1/4 9365/1/4 9373/1/4
f 9373/1/4 9365/1/4 9374/1/4
f 9369/1/4 9370/1/4 9375/1/4
f 9368/1/4 9369/1/4 9375/1/4
f 9375/1/4 9370/1/4 9376/1/4
f 9376/1/4 9370/1/4 9377/1/4
f 9372/1/4 9373/1/4 9380/1/4
f 9371/1/4 9372/1/4 9380/1/4
f 9380/1/4 9373/1/4 9381/1/4
f 9381/1/4 9373/1/4 9382/1/4
f 9377/1/4 9378/1/4 9383/1/4
f 9376/1/4 9377/1/4 9383/1/4
f 9383/1/4 9378/1/4 9384/1/4
f 9384/1/4 9378/1/4 9385/1/4
f 9380/1/4 9381/1/4 9388/1/4
f 9379/1/4 9380/1/4 9388/1/4
f 9388/1/4 9381/1/4 9389/1/4
f 9389/1/4 9381/1/4 9390/1/4
f 9385/1/4 9386/1/4 9391/1/4
f 9384/1/4 9385/1/4 9391/1/4
f 9391/1/4 9386/1/4 9392/1/4
f 9392/1/4 9386/1/4 9393/1/4
f 9388/1/4 9389/1/4 9396/1/4
f 9387/1/4 9388/1/4 9396/1/4
f 9396/1/4 9389/1/4 9397/1/4
f 9397/1/4 9389/1/4 9398/1/4
f 9393/1/4 9394/1/4 9399/1/4
f 9392/1/4 9393/1/4 9399/1/4
f 9399/1/4 9394/1/4 9400/1/4
f 9400/1/4 9394/1/4 9401/1/4
f 9396/1/4 9397/1/4 9403/1/4
f 9395/1/4 9396/1/4 9403/1/4
f 9403/1/4 9397/1/4 9404/1/4
f 9401/1/4 9402/1/4 9405/1/4
f 9400/1/4 9401/1/4 9405/1/4
f 9405/1/4 9402/1/4 9406/1/4
f 9395/1/4 9403/1/4 9408/1/4
f 9406/1/4 9402/1/4 9409/1/4
f 9407/1/4 9408/1/4 9411/1/4
f 9408/1/4 9403/1/4 9412/1/4
f 9411/1/4 9408/1/4 9412/1/4
f 9412/1/4 9403/1/4 9413/1/4
f 9409/1/4 9410/1/4 9414/1/4
f 9406/1/4 9409/1/4 9414/1/4
f 9414/1/4 9410/1/4 9415/1/4
f 9411/2/4 9412/2/4 9417/2/4
f 9415/1/4 9410/1/4 9418/1/4
f 9416/2/4 9417/2/4 9420/2/4
f 9417/2/4 9412/2/4 9420/2/4
f 9420/2/4 9412/2/4 9421/2/4
f 9418/1/4 9419/1/4 9422/1/4
f 9415/1/4 9418/1/4 9422/1/4
f 9422/1/4 9419/1/4 9423/1/4
f 9416/2/4 9420/2/4 9424/2/4
f 9424/2/4 9420/2/4 9425/2/4
f 9424/1/4 9425/1/4 9426/1/4
f 9423/1/4 9419/1/4 9429/1/4
f 9426/1/4 9427/1/4 9430/1/4
f 9424/1/4 9426/1/4 9430/1/4
f 9430/1/4 9427/1/4 9431/1/4
f 9428/1/4 9429/1/4 9432/1/4
f 9429/1/4 9419/1/4 9433/1/4
f 9432/1/4 9429/1/4 9433/1/4
f 9433/1/4 9419/1/4 9434/1/4
f 9431/1/4 9427/1/4 9435/1/4
f 9432/1/4 9433/1/4 9438/1/4
f 9438/1/4 9433/1/4 9439/1/4
f 9435/1/4 9436/1/4 9440/1/4
f 9431/1/4 9435/1/4 9440/1/4
f 9440/1/4 9436/1/4 9441/1/4
f 9438/2/4 9439/2/4 9442/2/4
f 9437/2/4 9438/2/4 9442/2/4
f 9442/2/4 9439/2/4 9443/2/4
f 9441/1/4 9436/1/4 9444/1/4
f 9437/2/4 9442/2/4 9447/2/4
f 9444/1/4 9445/1/4 9448/1/4
f 9441/1/4 9444/1/4 9448/1/4
f 9448/1/4 9445/1/4 9449/1/4
f 9449/1/4 9445/1/4 9450/1/4
f 9446/2/4 9447/2/4 9453/2/4
f 9447/2/4 9442/2/4 9454/2/4
f 9453/2/4 9447/2/4 9454/2/4
f 9454/2/4 9442/2/4 9455/2/4
f 9450/2/4 9451/2/4 9456/2/4
f 9449/2/4 9450/2/4 9456/2/4
f 9456/2/4 9451/2/4 9457/2/4
f 9457/2/4 9451/2/4 9458/2/4
f 9452/2/4 9453/2/4 9461/2/4
f 9453/2/4 9454/2/4 9461/2/4
f 9461/2/4 9454/2/4 9462/2/4
f 9462/2/4 9454/2/4 9463/2/4
f 9458/2/4 9459/2/4 9464/2/4
f 9457/2/4 9458/2/4 9464/2/4
f 9464/2/4 9459/2/4 9465/2/4
f 9465/2/4 9459/2/4 9466/2/4
f 9461/2/4 9462/2/4 9469/2/4
f 9460/2/4 9461/2/4 9469/2/4
f 9469/2/4 9462/2/4 9470/2/4
f 9470/2/4 9462/2/4 9471/2/4
f 9466/2/4 9467/2/4 9472/2/4
f 9465/2/4 9466/2/4 9472/2/4
f 9472/2/4 9467/2/4 9473/2/4
f 9473/2/4 9467/2/4 9474/2/4
f 9469/1/4 9470/1/4 9477/1/4
f 9468/1/4 9469/1/4 9477/1/4
f 9477/1/4 9470/1/4 9478/1/4
f 9478/1/4 9470/1/4 9479/1/4
f 9474/2/4 9475/2/4 9480/2/4
f 9473/2/4 9474/2/4 9480/2/4
f 9480/2/4 9475/2/4 9481/2/4
f 9481/2/4 9475/2/4 9482/2/4
f 9477/1/4 9478/1/4 9486/1/4
f 9476/1/4 9477/1/4 9486/1/4
f 9486/1/4 9478/1/4 9487/1/4
f 9487/1/4 9478/1/4 9488/1/4
f 9482/2/4 9483/2/4 9489/2/4
f 9481/2/4 9482/2/4 9489/2/4
f 9483/1/4 9484/1/4 9490/1/4
f 9489/2/4 9483/2/4 9490/2/4
f 9490/1/4 9484/1/4 9491/1/4
f 9491/1/4 9484/1/4 9492/1/4
f 9486/1/4 9487/1/4 9493/1/4
f 9485/1/4 9486/1/4 9493/1/4
f 9493/1/4 9487/1/4 9494/1/4
f 9494/1/4 9487/1/4 9495/1/4
f 9491/1/4 9492/1/4 9496/1/4
f 9493/1/4 9494/1/4 9496/1/4
f 9492/1/4 9493/1/4 9496/1/4
f 9496/1/4 9494/1/4 9497/1/4
f 9498/3/4 9499/3/4 9500/3/4
f 9500/3/4 9499/3/4 9501/3/4
f 9502/1/4 9503/1/4 9505/1/4
f 9505/1/4 9503/1/4 9506/1/4
f 9505/1/4 9506/1/4 9509/1/4
f 9506/1/4 9507/1/4 9509/1/4
f 9504/1/4 9505/1/4 9509/1/4
f 9509/1/4 9507/1/4 9510/1/4
f 9510/1/4 9507/1/4 9511/1/4
f 9511/1/4 9507/1/4 9512/1/4
f 9512/1/4 9507/1/4 9513/1/4
f 9508/1/4 9509/1/4 9516/1/4
f 9509/1/4 9510/1/4 9516/1/4
f 9516/1/4 9510/1/4 9517/1/4
f 9517/1/4 9510/1/4 9518/1/4
f 9518/1/4 9510/1/4 9519/1/4
f 9512/1/4 9513/1/4 9520/1/4
f 9513/1/4 9514/1/4 9520/1/4
f 9520/1/4 9514/1/4 9521/1/4
f 9521/1/4 9514/1/4 9522/1/4
f 9515/1/4 9516/1/4 9525/1/4
f 9516/1/4 9517/1/4 9525/1/4
f 9525/1/4 9517/1/4 9526/1/4
f 9526/1/4 9517/1/4 9527/1/4
f 9522/1/4 9523/1/4 9528/1/4
f 9521/1/4 9522/1/4 9528/1/4
f 9528/1/4 9523/1/4 9529/1/4
f 9529/1/4 9523/1/4 9530/1/4
f 9525/1/4 9526/1/4 9533/1/4
f 9524/1/4 9525/1/4 9533/1/4
f 9533/1/4 9526/1/4 9534/1/4
f 9534/1/4 9526/1/4 9535/1/4
f 9530/1/4 9531/1/4 9536/1/4
f 9529/1/4 9530/1/4 9536/1/4
f 9536/1/4 9531/1/4 9537/1/4
f 9537/1/4 9531/1/4 9538/1/4
f 9533/1/4 9534/1/4 9541/1/4
f 9532/1/4 9533/1/4 9541/1/4
f 9541/1/4 9534/1/4 9542/1/4
f 9542/1/4 9534/1/4 9543/1/4
f 9538/1/4 9539/1/4 9544/1/4
f 9537/1/4 9538/1/4 9544/1/4
f 9544/1/4 9539/1/4 9545/1/4
f 9545/1/4 9539/1/4 9546/1/4
f 9541/1/4 9542/1/4 9548/1/4
f 9540/1/4 9541/1/4 9548/1/4
f 9548/1/4 9542/1/4 9549/1/4
f 9546/1/4 9547/1/4 9550/1/4
f 9545/1/4 9546/1/4 9550/1/4
f 9550/1/4 9547/1/4 9551/1/4
f 9540/1/4 9548/1/4 9553/1/4
f 9551/1/4 9547/1/4 9554/1/4
f 9552/1/4 9553/1/4 9556/1/4
f 9553/1/4 9548/1/4 9556/1/4
f 9556/1/4 9548/1/4 9557/1/4
f 9554/1/4 9555/1/4 9558/1/4
f 9551/1/4 9554/1/4 9558/1/4
f 9558/1/4 9555/1/4 9559/1/4
f 9552/1/4 9556/1/4 9561/1/4
f 9559/1/4 9555/1/4 9562/1/4
f 9560/1/4 9561/1/4 9564/1/4
f 9561/1/4 9556/1/4 9565/1/4
f 9564/1/4 9561/1/4 9565/1/4
f 9562/1/4 9563/1/4 9566/1/4
f 9559/1/4 9562/1/4 9566/1/4
f 9566/1/4 9563/1/4 9567/1/4
f 9559/1/4 9566/1/4 9568/1/4
f 9568/1/4 9566/1/4 9569/1/4
f 9565/1/4 9556/1/4 9570/1/4
f 9568/2/4 9569/2/4 9573/2/4
f 9570/1/4 9571/1/4 9574/1/4
f 9565/1/4 9570/1/4 9574/1/4
f 9574/1/4 9571/1/4 9575/1/4
f 9572/2/4 9573/2/4 9576/2/4
f 9573/2/4 9569/2/4 9576/2/4
f 9576/2/4 9569/2/4 9577/2/4
f 9575/1/4 9571/1/4 9578/1/4
f 9572/2/4 9576/2/4 9581/2/4
f 9578/1/4 9579/1/4 9582/1/4
f 9575/1/4 9578/1/4 9582/1/4
f 9582/1/4 9579/1/4 9583/1/4
f 9583/1/4 9579/1/4 9584/1/4
f 9580/2/4 9581/2/4 9587/2/4
f 9581/2/4 9576/2/4 9588/2/4
f 9587/2/4 9581/2/4 9588/2/4
f 9588/2/4 9576/2/4 9589/2/4
f 9584/1/4 9585/1/4 9590/1/4
f 9583/1/4 9584/1/4 9590/1/4
f 9590/1/4 9585/1/4 9591/1/4
f 9591/1/4 9585/1/4 9592/1/4
f 9586/2/4 9587/2/4 9595/2/4
f 9587/2/4 9588/2/4 9595/2/4
f 9595/2/4 9588/2/4 9596/2/4
f 9596/2/4 9588/2/4 9597/2/4
f 9592/1/4 9593/1/4 9598/1/4
f 9591/1/4 9592/1/4 9598/1/4
f 9598/1/4 9593/1/4 9599/1/4
f 9599/1/4 9593/1/4 9600/1/4
f 9595/2/4 9596/2/4 9603/2/4
f 9594/2/4 9595/2/4 9603/2/4
f 9603/2/4 9596/2/4 9604/2/4
f 9604/2/4 9596/2/4 9605/2/4
f 9600/1/4 9601/1/4 9606/1/4
f 9599/1/4 9600/1/4 9606/1/4
f 9606/1/4 9601/1/4 9607/1/4
f 9607/1/4 9601/1/4 9608/1/4
f 9603/2/4 9604/2/4 9611/2/4
f 9602/2/4 9603/2/4 9611/2/4
f 9611/2/4 9604/2/4 9612/2/4
f 9612/2/4 9604/2/4 9613/2/4
f 9608/1/4 9609/1/4 9614/1/4
f 9607/1/4 9608/1/4 9614/1/4
f 9614/1/4 9609/1/4 9615/1/4
f 9615/1/4 9609/1/4 9616/1/4
f 9611/1/4 9612/1/4 9617/1/4
f 9610/1/4 9611/1/4 9617/1/4
f 9617/1/4 9612/1/4 9618/1/4
f 9618/1/4 9612/1/4 9619/1/4
f 9615/1/4 9616/1/4 9620/1/4
f 9617/1/4 9618/1/4 9620/1/4
f 9616/1/4 9617/1/4 9620/1/4
f 9620/1/4 9618/1/4 9621/1/4
f 9621/1/4 9618/1/4 9622/1/4
f 9622/1/4 9618/1/4 9623/1/4
f 9621/1/4 9622/1/4 9624/1/4
f 9624/1/4 9622/1/4 9625/1/4
f 9626/3/4 9627/3/4 9628/3/4
f 9628/3/4 9627/3/4 9629/3/4
f 9630/3/4 9631/3/4 9632/3/4
f 9632/3/4 9631/3/4 9633/3/4
f 9632/4/4 9633/4/4 9634/4/4
f 9634/4/4 9633/4/4 9635/4/4
f 9634/3/4 9635/3/4 9636/3/4
f 9636/3/4 9635/3/4 9637/3/4
f 9636/4/4 9637/4/4 9638/4/4
f 9638/4/4 9637/4/4 9639/4/4
f 9640/2/4 9641/2/4 9645/2/4
f 9645/2/4 9641/2/4 9646/2/4
f 9641/1/4 9642/1/4 9647/1/4
f 9646/2/4 9641/2/4 9647/2/4
f 9647/1/4 9642/1/4 9648/1/4
f 9648/1/4 9642/1/4 9649/1/4
f 9643/1/4 9644/1/4 9652/1/4
f 9644/2/4 9645/2/4 9653/2/4
f 9645/2/4 9646/2/4 9653/2/4
f 9652/1/4 9644/1/4 9653/1/4
f 9653/2/4 9646/2/4 9654/2/4
f 9647/2/4 9648/2/4 9655/2/4
f 9648/1/4 9649/1/4 9656/1/4
f 9655/2/4 9648/2/4 9656/2/4
f 9649/1/4 9650/1/4 9656/1/4
f 9656/1/4 9650/1/4 9657/1/4
f 9657/1/4 9650/1/4 9658/1/4
f 9652/1/4 9653/1/4 9661/1/4
f 9651/1/4 9652/1/4 9661/1/4
f 9661/1/4 9653/1/4 9662/1/4
f 9662/1/4 9653/1/4 9663/1/4
f 9658/1/4 9659/1/4 9664/1/4
f 9657/1/4 9658/1/4 9664/1/4
f 9664/1/4 9659/1/4 9665/1/4
f 9665/1/4 9659/1/4 9666/1/4
f 9661/1/4 9662/1/4 9669/1/4
f 9660/1/4 9661/1/4 9669/1/4
f 9669/1/4 9662/1/4 9670/1/4
f 9670/1/4 9662/1/4 9671/1/4
f 9666/1/4 9667/1/4 9672/1/4
f 9665/1/4 9666/1/4 9672/1/4
f 9672/1/4 9667/1/4 9673/1/4
f 9673/1/4 9667/1/4 9674/1/4
f 9669/1/4 9670/1/4 9677/1/4
f 9668/1/4 9669/1/4 9677/1/4
f 9677/1/4 9670/1/4 9678/1/4
f 9678/1/4 9670/1/4 9679/1/4
f 9674/1/4 9675/1/4 9680/1/4
f 9673/1/4 9674/1/4 9680/1/4
f 9680/1/4 9675/1/4 9681/1/4
f 9681/1/4 9675/1/4 9682/1/4
f 9677/1/4 9678/1/4 9684/1/4
f 9676/1/4 9677/1/4 9684/1/4
f 9684/1/4 9678/1/4 9685/1/4
f 9682/1/4 9683/1/4 9686/1/4
f 9681/1/4 9682/1/4 9686/1/4
f 9686/1/4 9683/1/4 9687/1/4
f 9676/1/4 9684/1/4 9689/1/4
f 9687/1/4 9683/1/4 9690/1/4
f 9688/1/4 9689/1/4 9692/1/4
f 9689/1/4 9684/1/4 9692/1/4
f 9692/1/4 9684/1/4 9693/1/4
f 9690/1/4 9691/1/4 9694/1/4
f 9687/1/4 9690/1/4 9694/1/4
f 9694/1/4 9691/1/4 9695/1/4
f 9688/1/4 9692/1/4 9696/1/4
f 9695/1/4 9691/1/4 9699/1/4
f 9699/1/4 9691/1/4 9700/1/4
f 9698/2/4 9699/2/4 9700/2/4
f 9700/1/4 9691/1/4 9701/1/4
f 9696/1/4 9697/1/4 9702/1/4
f 9688/1/4 9696/1/4 9702/1/4
f 9702/1/4 9697/1/4 9703/1/4
f 9700/2/4 9701/2/4 9704/2/4
f 9698/2/4 9700/2/4 9704/2/4
f 9704/2/4 9701/2/4 9705/2/4
f 9703/1/4 9697/1/4 9706/1/4
f 9698/2/4 9704/2/4 9709/2/4
f 9706/1/4 9707/1/4 9710/1/4
f 9703/1/4 9706/1/4 9710/1/4
f 9710/1/4 9707/1/4 9711/1/4
f 9711/1/4 9707/1/4 9712/1/4
f 9708/2/4 9709/2/4 9715/2/4
f 9709/2/4 9704/2/4 9716/2/4
f 9715/2/4 9709/2/4 9716/2/4
f 9716/2/4 9704/2/4 9717/2/4
f 9712/1/4 9713/1/4 9718/1/4
f 9711/1/4 9712/1/4 9718/1/4
f 9718/1/4 9713/1/4 9719/1/4
f 9719/1/4 9713/1/4 9720/1/4
f 9714/2/4 9715/2/4 9723/2/4
f 9715/2/4 9716/2/4 9723/2/4
f 9723/2/4 9716/2/4 9724/2/4
f 9724/2/4 9716/2/4 9725/2/4
f 9720/1/4 9721/1/4 9726/1/4
f 9719/1/4 9720/1/4 9726/1/4
f 9726/1/4 9721/1/4 9727/1/4
f 9727/1/4 9721/1/4 9728/1/4
f 9723/2/4 9724/2/4 9731/2/4
f 9722/2/4 9723/2/4 9731/2/4
f 9731/2/4 9724/2/4 9732/2/4
f 9732/2/4 9724/2/4 9733/2/4
f 9728/1/4 9729/1/4 9734/1/4
f 9727/1/4 9728/1/4 9734/1/4
f 9734/1/4 9729/1/4 9735/1/4
f 9735/1/4 9729/1/4 9736/1/4
f 9731/2/4 9732/2/4 9739/2/4
f 9730/2/4 9731/2/4 9739/2/4
f 9739/2/4 9732/2/4 9740/2/4
f 9740/2/4 9732/2/4 9741/2/4
f 9736/1/4 9737/1/4 9742/1/4
f 9735/1/4 9736/1/4 9742/1/4
f 9742/1/4 9737/1/4 9743/1/4
f 9743/1/4 9737/1/4 9744/1/4
f 9739/1/4 9740/1/4 9745/1/4
f 9738/1/4 9739/1/4 9745/1/4
f 9745/1/4 9740/1/4 9746/1/4
f 9746/1/4 9740/1/4 9747/1/4
f 9743/1/4 9744/1/4 9748/1/4
f 9745/1/4 9746/1/4 9748/1/4
f 9744/1/4 9745/1/4 9748/1/4
f 9748/1/4 9746/1/4 9749/1/4
f 9750/4/4 9751/4/4 9752/4/4
f 9752/4/4 9751/4/4 9753/4/4
f 9752/3/4 9753/3/4 9754/3/4
f 9754/3/4 9753/3/4 9755/3/4
f 9754/4/4 9755/4/4 9756/4/4
f 9756/4/4 9755/4/4 9757/4/4
f 9756/3/4 9757/3/4 9758/3/4
f 9758/3/4 9757/3/4 9759/3/4
f 9760/3/4 9761/3/4 9762/3/4
f 9762/3/4 9761/3/4 9763/3/4
f 9764/2/4 9765/2/4 9767/2/4
f 9767/2/4 9765/2/4 9768/2/4
f 9766/2/4 9767/2/4 9772/2/4
f 9767/2/4 9768/2/4 9772/2/4
f 9768/2/4 9769/2/4 9772/2/4
f 9772/2/4 9769/2/4 9773/2/4
f 9773/2/4 9769/2/4 9774/2/4
f 9769/1/4 9770/1/4 9775/1/4
f 9771/1/4 9772/1/4 9778/1/4
f 9772/2/4 9773/2/4 9779/2/4
f 9779/2/4 9773/2/4 9780/2/4
f 9780/2/4 9773/2/4 9781/2/4
f 9774/2/4 9769/2/4 9782/2/4
f 9769/1/4 9775/1/4 9783/1/4
f 9782/2/4 9769/2/4 9783/2/4
f 9775/1/4 9776/1/4 9783/1/4
f 9783/1/4 9776/1/4 9784/1/4
f 9784/1/4 9776/1/4 9785/1/4
f 9777/1/4 9778/1/4 9788/1/4
f 9772/2/4 9779/2/4 9789/2/4
f 9778/1/4 9772/1/4 9789/1/4
f 9788/1/4 9778/1/4 9789/1/4
f 9789/2/4 9779/2/4 9790/2/4
f 9785/1/4 9786/1/4 9791/1/4
f 9784/1/4 9785/1/4 9791/1/4
f 9791/1/4 9786/1/4 9792/1/4
f 9792/1/4 9786/1/4 9793/1/4
f 9788/1/4 9789/1/4 9796/1/4
f 9787/1/4 9788/1/4 9796/1/4
f 9796/1/4 9789/1/4 9797/1/4
f 9797/1/4 9789/1/4 9798/1/4
f 9793/1/4 9794/1/4 9799/1/4
f 9792/1/4 9793/1/4 9799/1/4
f 9799/1/4 9794/1/4 9800/1/4
f 9800/1/4 9794/1/4 9801/1/4
f 9796/1/4 9797/1/4 9803/1/4
f 9795/1/4 9796/1/4 9803/1/4
f 9803/1/4 9797/1/4 9804/1/4
f 9801/1/4 9802/1/4 9805/1/4
f 9800/1/4 9801/1/4 9805/1/4
f 9805/1/4 9802/1/4 9806/1/4
f 9795/1/4 9803/1/4 9808/1/4
f 9806/1/4 9802/1/4 9809/1/4
f 9807/1/4 9808/1/4 9811/1/4
f 9808/1/4 9803/1/4 9811/1/4
f 9811/1/4 9803/1/4 9812/1/4
f 9809/1/4 9810/1/4 9813/1/4
f 9806/1/4 9809/1/4 9813/1/4
f 9813/1/4 9810/1/4 9814/1/4
f 9807/1/4 9811/1/4 9815/1/4
f 9814/1/4 9810/1/4 9818/1/4
f 9815/1/4 9816/1/4 9819/1/4
f 9807/1/4 9815/1/4 9819/1/4
f 9819/1/4 9816/1/4 9820/1/4
f 9817/1/4 9818/1/4 9821/1/4
f 9818/1/4 9810/1/4 9822/1/4
f 9821/1/4 9818/1/4 9822/1/4
f 9822/1/4 9810/1/4 9823/1/4
f 9821/2/4 9822/2/4 9824/2/4
f 9820/1/4 9816/1/4 9825/1/4
f 9824/2/4 9822/2/4 9828/2/4
f 9825/1/4 9826/1/4 9829/1/4
f 9820/1/4 9825/1/4 9829/1/4
f 9829/1/4 9826/1/4 9830/1/4
f 9830/1/4 9826/1/4 9831/1/4
f 9827/2/4 9828/2/4 9834/2/4
f 9828/2/4 9822/2/4 9835/2/4
f 9834/2/4 9828/2/4 9835/2/4
f 9835/2/4 9822/2/4 9836/2/4
f 9831/1/4 9832/1/4 9837/1/4
f 9830/1/4 9831/1/4 9837/1/4
f 9837/1/4 9832/1/4 9838/1/4
f 9838/1/4 9832/1/4 9839/1/4
f 9833/2/4 9834/2/4 9842/2/4
f 9834/2/4 9835/2/4 9842/2/4
f 9842/2/4 9835/2/4 9843/2/4
f 9843/2/4 9835/2/4 9844/2/4
f 9839/1/4 9840/1/4 9845/1/4
f 9838/1/4 9839/1/4 9845/1/4
f 9845/1/4 9840/1/4 9846/1/4
f 9846/1/4 9840/1/4 9847/1/4
f 9842/2/4 9843/2/4 9850/2/4
f 9841/2/4 9842/2/4 9850/2/4
f 9850/2/4 9843/2/4 9851/2/4
f 9851/2/4 9843/2/4 9852/2/4
f 9847/1/4 9848/1/4 9853/1/4
f 9846/1/4 9847/1/4 9853/1/4
f 9853/1/4 9848/1/4 9854/1/4
f 9854/1/4 9848/1/4 9855/1/4
f 9849/1/4 9850/1/4 9856/1/4
f 9850/2/4 9851/2/4 9857/2/4
f 9856/1/4 9850/1/4 9857/1/4
f 9857/2/4 9851/2/4 9858/2/4
f 9858/2/4 9851/2/4 9859/2/4
f 9855/1/4 9856/1/4 9860/1/4
f 9854/1/4 9855/1/4 9860/1/4
f 9857/1/4 9858/1/4 9860/1/4
f 9856/1/4 9857/1/4 9860/1/4
f 9860/1/4 9858/1/4 9861/1/4
f 9861/1/4 9858/1/4 9862/1/4
f 9862/1/4 9858/1/4 9863/1/4
f 9861/1/4 9862/1/4 9864/1/4
f 9864/1/4 9862/1/4 9865/1/4
f 9866/3/4 9867/3/4 9868/3/4
f 9868/3/4 9867/3/4 9869/3/4
f 9870/2/4 9871/2/4 9874/2/4
f 9874/2/4 9871/2/4 9875/2/4
f 9872/1/4 9873/1/4 9878/1/4
f 9873/2/4 9874/2/4 9879/2/4
f 9874/2/4 9875/2/4 9879/2/4
f 9878/1/4 9873/1/4 9879/1/4
f 9879/2/4 9875/2/4 9880/2/4
f 9880/2/4 9875/2/4 9881/2/4
f 9875/1/4 9876/1/4 9882/1/4
f 9881/2/4 9875/2/4 9882/2/4
f 9882/1/4 9876/1/4 9883/1/4
f 9877/1/4 9878/1/4 9886/1/4
f 9878/1/4 9879/1/4 9886/1/4
f 9879/1/4 9880/1/4 9886/1/4
f 9880/2/4 9881/2/4 9887/2/4
f 9886/1/4 9880/1/4 9887/1/4
f 9883/1/4 9884/1/4 9888/1/4
f 9887/2/4 9881/2/4 9888/2/4
f 9882/1/4 9883/1/4 9888/1/4
f 9881/1/4 9882/1/4 9888/1/4
f 9888/1/4 9884/1/4 9889/1/4
f 9885/1/4 9886/1/4 9892/1/4
f 9889/1/4 9890/1/4 9892/1/4
f 9888/1/4 9889/1/4 9892/1/4
f 9887/1/4 9888/1/4 9892/1/4
f 9886/1/4 9887/1/4 9892/1/4
f 9892/1/4 9890/1/4 9893/1/4
f 9893/1/4 9890/1/4 9894/1/4
f 9894/1/4 9890/1/4 9895/1/4
f 9891/1/4 9892/1/4 9897/1/4
f 9892/1/4 9893/1/4 9897/1/4
f 9897/1/4 9893/1/4 9898/1/4
f 9895/1/4 9896/1/4 9899/1/4
f 9894/1/4 9895/1/4 9899/1/4
f 9899/1/4 9896/1/4 9900/1/4
f 9891/1/4 9897/1/4 9902/1/4
f 9900/1/4 9896/1/4 9903/1/4
f 9901/1/4 9902/1/4 9905/1/4
f 9902/1/4 9897/1/4 9906/1/4
f 9905/1/4 9902/1/4 9906/1/4
f 9903/1/4 9904/1/4 9907/1/4
f 9900/1/4 9903/1/4 9907/1/4
f 9907/1/4 9904/1/4 9908/1/4
f 9906/1/4 9897/1/4 9909/1/4
f 9900/1/4 9907/1/4 9912/1/4
f 9912/1/4 9907/1/4 9913/1/4
f 9913/1/4 9907/1/4 9914/1/4
f 9909/1/4 9910/1/4 9915/1/4
f 9906/1/4 9909/1/4 9915/1/4
f 9915/1/4 9910/1/4 9916/1/4
f 9916/1/4 9910/1/4 9917/1/4
f 9911/1/4 9912/1/4 9918/1/4
f 9912/1/4 9913/1/4 9918/1/4
f 9918/1/4 9913/1/4 9919/1/4
f 9913/2/4 9914/2/4 9920/2/4
f 9919/1/4 9913/1/4 9920/1/4
f 9920/2/4 9914/2/4 9921/2/4
f 9918/1/4 9919/1/4 9922/1/4
f 9916/1/4 9917/1/4 9922/1/4
f 9917/1/4 9918/1/4 9922/1/4
f 9922/1/4 9919/1/4 9923/1/4
f 9923/1/4 9919/1/4 9924/1/4
f 9919/2/4 9920/2/4 9925/2/4
f 9924/1/4 9919/1/4 9925/1/4
f 9925/2/4 9920/2/4 9926/2/4
f 9923/1/4 9924/1/4 9927/1/4
f 9927/1/4 9924/1/4 9928/1/4
f 9924/2/4 9925/2/4 9929/2/4
f 9928/1/4 9924/1/4 9929/1/4
f 9929/2/4 9925/2/4 9930/2/4
f 9928/1/4 9929/1/4 9931/1/4
f 9931/1/4 9929/1/4 9932/1/4
f 9932/1/4 9929/1/4 9933/1/4
f 9933/1/4 9929/1/4 9934/1/4
f 9932/1/4 9933/1/4 9935/1/4
f 9935/1/4 9933/1/4 9936/1/4
f 9937/3/4 9938/3/4 9939/3/4
f 9939/3/4 9938/3/4 9940/3/4
f 9939/4/4 9940/4/4 9941/4/4
f 9939/4/4 9941/4/4 9942/4/4
f 9942/4/4 9941/4/4 9943/4/4
f 9942/3/4 9943/3/4 9944/3/4
f 9944/3/4 9943/3/4 9945/3/4
f 9944/4/4 9945/4/4 9946/4/4
f 9944/4/4 9946/4/4 9947/4/4
f 9947/4/4 9946/4/4 9948/4/4
f 9949/1/4 9950/1/4 9952/1/4
f 9952/1/4 9950/1/4 9953/1/4
f 9951/1/4 9952/1/4 9955/1/4
f 9953/1/4 9954/1/4 9955/1/4
f 9952/1/4 9953/1/4 9955/1/4
f 9955/1/4 9954/1/4 9956/1/4
f 9956/1/4 9954/1/4 9957/1/4
f 9957/1/4 9954/1/4 9958/1/4
f 9956/1/4 9957/1/4 9959/1/4
f 9959/1/4 9957/1/4 9960/1/4
f 9961/4/4 9962/4/4 9963/4/4
f 9963/4/4 9962/4/4 9964/4/4
f 9963/3/4 9964/3/4 9965/3/4
f 9965/3/4 9964/3/4 9966/3/4
f 9965/4/4 9966/4/4 9967/4/4
f 9965/4/4 9967/4/4 9968/4/4
f 9968/4/4 9967/4/4 9969/4/4
f 9968/3/4 9969/3/4 9970/3/4
f 9970/3/4 9969/3/4 9971/3/4
f 9972/3/4 9973/3/4 9974/3/4
f 9974/3/4 9973/3/4 9975/3/4
f 9976/3/4 9977/3/4 9978/3/4
f 9978/3/4 9977/3/4 9979/3/4
f 9980/3/4 9981/3/4 9982/3/4
f 9982/3/4 9981/3/4 9983/3/4
f 9984/3/4 9985/3/4 9986/3/4
f 9986/3/4 9985/3/4 9987/3/4
f 9988/3/4 9989/3/4 9990/3/4
f 9990/3/4 9989/3/4 9991/3/4
f 9990/4/4 9991/4/4 9992/4/4
f 9990/4/4 9992/4/4 9993/4/4
f 9993/4/4 9992/4/4 9994/4/4
f 9993/3/4 9994/3/4 9995/3/4
f 9993/3/4 9995/3/4 9996/3/4
f 9996/3/4 9995/3/4 9997/3/4
f 9996/4/4 9997/4/4 9998/4/4
f 9996/4/4 9998/4/4 9999/4/4
f 9999/4/4 9998/4/4 10000/4/4
f 10001/4/4 10002/4/4 10003/4/4
f 10001/4/4 10003/4/4 10004/4/4
f 10004/4/4 10003/4/4 10005/4/4
f 10004/3/4 10005/3/4 10006/3/4
f 10004/3/4 10006/3/4 10007/3/4
f 10007/3/4 10006/3/4 10008/3/4
f 10007/4/4 10008/4/4 10009/4/4
f 10007/4/4 10009/4/4 10010/4/4
f 10010/4/4 10009/4/4 10011/4/4
f 10010/3/4 10011/3/4 10012/3/4
f 10012/3/4 10011/3/4 10013/3/4
f 10014/3/4 10015/3/4 10016/3/4
f 10016/3/4 10015/3/4 10017/3/4
f 10018/3/4 10019/3/4 10020/3/4
f 10020/3/4 10019/3/4 10021/3/4
f 10022/3/4 10023/3/4 10024/3/4
f 10024/3/4 10023/3/4 10025/3/4
f 10026/3/4 10027/3/4 10028/3/4
f 10028/3/4 10027/3/4 10029/3/4
f 10030/3/4 10031/3/4 10032/3/4
f 10032/3/4 10031/3/4 10033/3/4
f 10034/3/4 10035/3/4 10036/3/4
f 10036/3/4 10035/3/4 10037/3/4
f 10038/3/4 10039/3/4 10040/3/4
f 10040/3/4 10039/3/4 10041/3/4
f 10040/4/4 10041/4/4 10042/4/4
f 10040/4/4 10042/4/4 10043/4/4
f 10043/4/4 10042/4/4 10044/4/4
f 10043/3/4 10044/3/4 10045/3/4
f 10043/3/4 10045/3/4 10046/3/4
f 10046/3/4 10045/3/4 10047/3/4
f 10046/4/4 10047/4/4 10048/4/4
f 10046/4/4 10048/4/4 10049/4/4
f 10046/4/4 10049/4/4 10050/4/4
f 10050/4/4 10049/4/4 10051/4/4
f 10050/3/4 10051/3/4 10052/3/4
f 10050/3/4 10052/3/4 10053/3/4
f 10053/3/4 10052/3/4 10054/3/4
f 10053/4/4 10054/4/4 10055/4/4
f 10053/4/4 10055/4/4 10056/4/4
f 10056/4/4 10055/4/4 10057/4/4
f 10056/3/4 10057/3/4 10058/3/4
f 10058/3/4 10057/3/4 10059/3/4
f 10060/3/4 10061/3/4 10062/3/4
f 10062/3/4 10061/3/4 10063/3/4
f 10064/3/4 10065/3/4 10066/3/4
f 10066/3/4 10065/3/4 10067/3/4
f 10068/3/4 10069/3/4 10070/3/4
f 10070/3/4 10069/3/4 10071/3/4
f 10072/3/4 10073/3/4 10074/3/4
f 10074/3/4 10073/3/4 10075/3/4
f 10076/3/4 10077/3/4 10078/3/4
f 10078/3/4 10077/3/4 10079/3/4
f 10079/3/4 10077/3/4 10080/3/4
f 10078/4/4 10079/4/4 10081/4/4
f 10078/4/4 10081/4/4 10082/4/4
f 10082/4/4 10081/4/4 10083/4/4
f 10082/3/4 10083/3/4 10084/3/4
f 10084/3/4 10083/3/4 10085/3/4
f 10084/4/4 10085/4/4 10086/4/4
f 10084/4/4 10086/4/4 10087/4/4
f 10087/4/4 10086/4/4 10088/4/4
f 10087/3/4 10088/3/4 10090/3/4
f 10088/3/4 10089/3/4 10090/3/4
f 10090/3/4 10089/3/4 10091/3/4
f 10092/3/4 10093/3/4 10094/3/4
f 10094/3/4 10093/3/4 10095/3/4
f 10096/3/4 10097/3/4 10098/3/4
f 10098/3/4 10097/3/4 10099/3/4
f 10100/3/4 10101/3/4 10102/3/4
f 10102/3/4 10101/3/4 10103/3/4
f 10104/3/4 10105/3/4 10106/3/4
f 10106/3/4 10105/3/4 10107/3/4
f 10108/3/4 10109/3/4 10110/3/4
f 10110/3/4 10109/3/4 10111/3/4
f 10115/1/5 10113/1/5 10112/1/5
f 10116/1/5 10113/1/5 10115/1/5
f 10118/1/5 10115/1/5 10114/1/5
f 10118/1/5 10117/1/5 10116/1/5
f 10118/1/5 10116/1/5 10115/1/5
f 10119/1/5 10117/1/5 10118/1/5
f 10120/1/5 10117/1/5 10119/1/5
f 10121/1/5 10117/1/5 10120/1/5
f 10122/1/5 10120/1/5 10119/1/5
f 10123/1/5 10120/1/5 10122/1/5
f 10127/1/5 10125/1/5 10124/1/5
f 10128/1/5 10125/1/5 10127/1/5
f 10131/1/5 10127/1/5 10126/1/5
f 10131/1/5 10129/1/5 10128/1/5
f 10131/1/5 10128/1/5 10127/1/5
f 10132/1/5 10129/1/5 10131/1/5
f 10135/1/5 10131/1/5 10130/1/5
f 10135/1/5 10133/1/5 10132/1/5
f 10135/1/5 10132/1/5 10131/1/5
f 10136/1/5 10133/1/5 10135/1/5
f 10139/1/5 10135/1/5 10134/1/5
f 10139/1/5 10137/1/5 10136/1/5
f 10139/1/5 10136/1/5 10135/1/5
f 10140/1/5 10137/1/5 10139/1/5
f 10141/1/5 10137/1/5 10140/1/5
f 10142/1/5 10137/1/5 10141/1/5
f 10144/1/5 10139/1/5 10138/1/5
f 10144/1/5 10140/1/5 10139/1/5
f 10145/1/5 10140/1/5 10144/1/5
f 10146/1/5 10143/1/5 10142/1/5
f 10146/1/5 10142/1/5 10141/1/5
f 10147/1/5 10143/1/5 10146/1/5
f 10149/1/5 10144/1/5 10138/1/5
f 10150/1/5 10143/1/5 10147/1/5
f 10152/1/5 10149/1/5 10148/1/5
f 10153/1/5 10144/1/5 10149/1/5
f 10153/1/5 10149/1/5 10152/1/5
f 10154/1/5 10151/1/5 10150/1/5
f 10154/1/5 10150/1/5 10147/1/5
f 10155/1/5 10151/1/5 10154/1/5
f 10156/1/5 10144/1/5 10153/1/5
f 10159/1/5 10154/1/5 10147/1/5
f 10160/1/5 10157/1/5 10156/1/5
f 10160/1/5 10156/1/5 10153/1/5
f 10161/1/5 10157/1/5 10160/1/5
f 10162/1/5 10157/1/5 10161/1/5
f 10163/1/5 10159/1/5 10158/1/5
f 10164/1/5 10154/1/5 10159/1/5
f 10164/1/5 10159/1/5 10163/1/5
f 10165/1/5 10154/1/5 10164/1/5
f 10166/1/5 10162/1/5 10161/1/5
f 10166/1/5 10163/1/5 10162/1/5
f 10166/1/5 10164/1/5 10163/1/5
f 10167/1/5 10164/1/5 10166/1/5
f 10168/1/5 10164/1/5 10167/1/5
f 10169/1/5 10164/1/5 10168/1/5
f 10170/1/5 10168/1/5 10167/1/5
f 10171/1/5 10168/1/5 10170/1/5
f 10172/1/5 10168/1/5 10171/1/5
f 10173/1/5 10168/1/5 10172/1/5
f 10174/1/5 10172/1/5 10171/1/5
f 10175/1/5 10172/1/5 10174/1/5
f 10176/1/5 10172/1/5 10175/1/5
f 10177/1/5 10172/1/5 10176/1/5
f 10178/1/5 10176/1/5 10175/1/5
f 10179/1/5 10176/1/5 10178/1/5
f 10183/1/5 10181/1/5 10180/1/5
f 10184/1/5 10181/1/5 10183/1/5
f 10187/1/5 10183/1/5 10182/1/5
f 10187/1/5 10185/1/5 10184/1/5
f 10187/1/5 10184/1/5 10183/1/5
f 10188/1/5 10185/1/5 10187/1/5
f 10189/1/5 10185/1/5 10188/1/5
f 10190/1/5 10185/1/5 10189/1/5
f 10193/1/5 10187/1/5 10186/1/5
f 10193/1/5 10188/1/5 10187/1/5
f 10194/1/5 10188/1/5 10193/1/5
f 10195/1/5 10188/1/5 10194/1/5
f 10196/1/5 10190/1/5 10189/1/5
f 10196/1/5 10191/1/5 10190/1/5
f 10197/1/5 10191/1/5 10196/1/5
f 10198/1/5 10191/1/5 10197/1/5
f 10201/1/5 10194/1/5 10193/1/5
f 10201/1/5 10193/1/5 10192/1/5
f 10202/1/5 10194/1/5 10201/1/5
f 10203/1/5 10194/1/5 10202/1/5
f 10204/1/5 10199/1/5 10198/1/5
f 10204/1/5 10198/1/5 10197/1/5
f 10205/1/5 10199/1/5 10204/1/5
f 10206/1/5 10199/1/5 10205/1/5
f 10209/1/5 10202/1/5 10201/1/5
f 10209/1/5 10201/1/5 10200/1/5
f 10210/1/5 10202/1/5 10209/1/5
f 10211/1/5 10202/1/5 10210/1/5
f 10212/1/5 10207/1/5 10206/1/5
f 10212/1/5 10206/1/5 10205/1/5
f 10213/1/5 10207/1/5 10212/1/5
f 10214/1/5 10207/1/5 10213/1/5
f 10216/1/5 10210/1/5 10209/1/5
f 10216/1/5 10209/1/5 10208/1/5
f 10217/1/5 10210/1/5 10216/1/5
f 10218/1/5 10215/1/5 10214/1/5
f 10218/1/5 10214/1/5 10213/1/5
f 10219/1/5 10215/1/5 10218/1/5
f 10221/1/5 10216/1/5 10208/1/5
f 10222/1/5 10215/1/5 10219/1/5
f 10224/1/5 10221/1/5 10220/1/5
f 10224/1/5 10216/1/5 10221/1/5
f 10225/1/5 10216/1/5 10224/1/5
f 10226/1/5 10223/1/5 10222/1/5
f 10226/1/5 10222/1/5 10219/1/5
f 10227/1/5 10223/1/5 10226/1/5
f 10228/1/5 10224/1/5 10220/1/5
f 10231/1/5 10223/1/5 10227/1/5
f 10232/1/5 10229/1/5 10228/1/5
f 10232/1/5 10228/1/5 10220/1/5
f 10233/1/5 10229/1/5 10232/1/5
f 10234/1/5 10231/1/5 10230/1/5
f 10234/1/5 10223/1/5 10231/1/5
f 10235/1/5 10223/1/5 10234/1/5
f 10236/1/5 10229/1/5 10233/1/5
f 10239/1/5 10234/1/5 10230/1/5
f 10240/1/5 10237/1/5 10236/1/5
f 10240/1/5 10236/1/5 10233/1/5
f 10241/1/5 10237/1/5 10240/1/5
f 10242/1/5 10237/1/5 10241/1/5
f 10245/1/5 10239/1/5 10238/1/5
f 10246/1/5 10234/1/5 10239/1/5
f 10246/1/5 10239/1/5 10245/1/5
f 10247/1/5 10234/1/5 10246/1/5
f 10248/1/5 10243/1/5 10242/1/5
f 10248/1/5 10242/1/5 10241/1/5
f 10249/1/5 10243/1/5 10248/1/5
f 10250/1/5 10243/1/5 10249/1/5
f 10253/1/5 10245/1/5 10244/1/5
f 10253/1/5 10246/1/5 10245/1/5
f 10254/1/5 10246/1/5 10253/1/5
f 10255/1/5 10246/1/5 10254/1/5
f 10256/1/5 10251/1/5 10250/1/5
f 10256/1/5 10250/1/5 10249/1/5
f 10257/1/5 10251/1/5 10256/1/5
f 10258/1/5 10251/1/5 10257/1/5
f 10259/1/5 10251/1/5 10258/1/5
f 10263/1/5 10254/1/5 10253/1/5
f 10263/1/5 10253/1/5 10252/1/5
f 10264/1/5 10254/1/5 10263/1/5
f 10265/1/5 10254/1/5 10264/1/5
f 10266/1/5 10258/1/5 10257/1/5
f 10267/2/5 10260/2/5 10259/2/5
f 10267/1/5 10258/1/5 10266/1/5
f 10267/2/5 10259/2/5 10258/2/5
f 10268/1/5 10261/1/5 10260/1/5
f 10268/2/5 10260/2/5 10267/2/5
f 10269/1/5 10261/1/5 10268/1/5
f 10270/1/5 10264/1/5 10263/1/5
f 10270/1/5 10263/1/5 10262/1/5
f 10271/1/5 10264/1/5 10270/1/5
f 10272/1/5 10264/1/5 10271/1/5
f 10273/2/5 10269/2/5 10268/2/5
f 10273/2/5 10268/2/5 10267/2/5
f 10274/2/5 10269/2/5 10273/2/5
f 10275/1/5 10271/1/5 10270/1/5
f 10275/1/5 10270/1/5 10269/1/5
f 10276/1/5 10271/1/5 10275/1/5
f 10277/2/5 10269/2/5 10274/2/5
f 10278/1/5 10275/1/5 10269/1/5
f 10278/2/5 10269/2/5 10277/2/5
f 10279/1/5 10275/1/5 10278/1/5
f 10283/1/5 10281/1/5 10280/1/5
f 10284/1/5 10281/1/5 10283/1/5
f 10285/1/5 10281/1/5 10284/1/5
f 10286/1/5 10281/1/5 10285/1/5
f 10289/2/5 10283/2/5 10282/2/5
f 10290/2/5 10283/2/5 10289/2/5
f 10291/1/5 10284/1/5 10283/1/5
f 10291/2/5 10283/2/5 10290/2/5
f 10292/1/5 10284/1/5 10291/1/5
f 10293/1/5 10286/1/5 10285/1/5
f 10293/1/5 10287/1/5 10286/1/5
f 10294/1/5 10287/1/5 10293/1/5
f 10295/1/5 10287/1/5 10294/1/5
f 10298/1/5 10290/1/5 10289/1/5
f 10298/1/5 10289/1/5 10288/1/5
f 10299/1/5 10290/1/5 10298/1/5
f 10300/1/5 10290/1/5 10299/1/5
f 10301/1/5 10296/1/5 10295/1/5
f 10301/1/5 10295/1/5 10294/1/5
f 10302/1/5 10296/1/5 10301/1/5
f 10303/1/5 10296/1/5 10302/1/5
f 10306/1/5 10299/1/5 10298/1/5
f 10306/1/5 10298/1/5 10297/1/5
f 10307/1/5 10299/1/5 10306/1/5
f 10308/1/5 10299/1/5 10307/1/5
f 10309/1/5 10304/1/5 10303/1/5
f 10309/1/5 10303/1/5 10302/1/5
f 10310/1/5 10304/1/5 10309/1/5
f 10311/1/5 10304/1/5 10310/1/5
f 10314/1/5 10307/1/5 10306/1/5
f 10314/1/5 10306/1/5 10305/1/5
f 10315/1/5 10307/1/5 10314/1/5
f 10316/1/5 10307/1/5 10315/1/5
f 10317/1/5 10312/1/5 10311/1/5
f 10317/1/5 10311/1/5 10310/1/5
f 10318/1/5 10312/1/5 10317/1/5
f 10319/1/5 10312/1/5 10318/1/5
f 10321/1/5 10315/1/5 10314/1/5
f 10321/1/5 10314/1/5 10313/1/5
f 10322/1/5 10315/1/5 10321/1/5
f 10323/1/5 10320/1/5 10319/1/5
f 10323/1/5 10319/1/5 10318/1/5
f 10324/1/5 10320/1/5 10323/1/5
f 10326/1/5 10321/1/5 10313/1/5
f 10327/1/5 10320/1/5 10324/1/5
f 10329/1/5 10326/1/5 10325/1/5
f 10329/1/5 10321/1/5 10326/1/5
f 10330/1/5 10321/1/5 10329/1/5
f 10331/1/5 10327/1/5 10324/1/5
f 10332/2/5 10328/2/5 10327/2/5
f 10332/1/5 10327/1/5 10331/1/5
f 10333/2/5 10328/2/5 10332/2/5
f 10334/2/5 10328/2/5 10333/2/5
f 10335/1/5 10329/1/5 10325/1/5
f 10338/1/5 10334/1/5 10333/1/5
f 10339/1/5 10336/1/5 10335/1/5
f 10339/1/5 10335/1/5 10325/1/5
f 10340/1/5 10336/1/5 10339/1/5
f 10341/1/5 10338/1/5 10337/1/5
f 10341/1/5 10334/1/5 10338/1/5
f 10342/1/5 10334/1/5 10341/1/5
f 10343/1/5 10336/1/5 10340/1/5
f 10346/1/5 10341/1/5 10337/1/5
f 10347/1/5 10344/1/5 10343/1/5
f 10347/1/5 10343/1/5 10340/1/5
f 10348/1/5 10344/1/5 10347/1/5
f 10349/1/5 10344/1/5 10348/1/5
f 10352/1/5 10346/1/5 10345/1/5
f 10353/1/5 10341/1/5 10346/1/5
f 10353/1/5 10346/1/5 10352/1/5
f 10354/1/5 10341/1/5 10353/1/5
f 10355/1/5 10350/1/5 10349/1/5
f 10355/1/5 10349/1/5 10348/1/5
f 10356/1/5 10350/1/5 10355/1/5
f 10357/1/5 10350/1/5 10356/1/5
f 10360/1/5 10352/1/5 10351/1/5
f 10360/1/5 10353/1/5 10352/1/5
f 10361/1/5 10353/1/5 10360/1/5
f 10362/1/5 10353/1/5 10361/1/5
f 10363/1/5 10357/1/5 10356/1/5
f 10364/2/5 10358/2/5 10357/2/5
f 10364/1/5 10357/1/5 10363/1/5
f 10365/2/5 10358/2/5 10364/2/5
f 10368/1/5 10361/1/5 10360/1/5
f 10368/1/5 10360/1/5 10359/1/5
f 10369/1/5 10361/1/5 10368/1/5
f 10370/1/5 10361/1/5 10369/1/5
f 10371/2/5 10366/2/5 10365/2/5
f 10371/2/5 10365/2/5 10364/2/5
f 10372/2/5 10366/2/5 10371/2/5
f 10373/2/5 10366/2/5 10372/2/5
f 10376/1/5 10369/1/5 10368/1/5
f 10376/1/5 10368/1/5 10367/1/5
f 10377/1/5 10369/1/5 10376/1/5
f 10378/1/5 10369/1/5 10377/1/5
f 10379/2/5 10374/2/5 10373/2/5
f 10379/2/5 10373/2/5 10372/2/5
f 10380/2/5 10374/2/5 10379/2/5
f 10381/2/5 10374/2/5 10380/2/5
f 10384/1/5 10377/1/5 10376/1/5
f 10384/1/5 10376/1/5 10375/1/5
f 10385/1/5 10377/1/5 10384/1/5
f 10386/1/5 10377/1/5 10385/1/5
f 10387/2/5 10383/2/5 10382/2/5
f 10387/2/5 10382/2/5 10381/2/5
f 10387/2/5 10381/2/5 10380/2/5
f 10388/1/5 10385/1/5 10384/1/5
f 10388/2/5 10383/2/5 10387/2/5
f 10388/1/5 10384/1/5 10383/1/5
f 10389/1/5 10385/1/5 10388/1/5
f 10394/1/5 10391/1/5 10390/1/5
f 10395/1/5 10391/1/5 10394/1/5
f 10398/2/5 10393/2/5 10392/2/5
f 10399/1/5 10396/1/5 10395/1/5
f 10399/1/5 10394/1/5 10393/1/5
f 10399/2/5 10393/2/5 10398/2/5
f 10399/1/5 10395/1/5 10394/1/5
f 10400/1/5 10396/1/5 10399/1/5
f 10401/1/5 10396/1/5 10400/1/5
f 10404/2/5 10398/2/5 10397/2/5
f 10404/2/5 10399/2/5 10398/2/5
f 10405/2/5 10399/2/5 10404/2/5
f 10406/2/5 10399/2/5 10405/2/5
f 10407/1/5 10401/1/5 10400/1/5
f 10407/1/5 10402/1/5 10401/1/5
f 10408/1/5 10402/1/5 10407/1/5
f 10409/1/5 10402/1/5 10408/1/5
f 10412/2/5 10405/2/5 10404/2/5
f 10412/2/5 10404/2/5 10403/2/5
f 10413/2/5 10405/2/5 10412/2/5
f 10414/2/5 10405/2/5 10413/2/5
f 10415/1/5 10410/1/5 10409/1/5
f 10415/1/5 10409/1/5 10408/1/5
f 10416/1/5 10410/1/5 10415/1/5
f 10417/1/5 10410/1/5 10416/1/5
f 10420/2/5 10413/2/5 10412/2/5
f 10420/2/5 10412/2/5 10411/2/5
f 10421/2/5 10413/2/5 10420/2/5
f 10422/2/5 10413/2/5 10421/2/5
f 10423/1/5 10418/1/5 10417/1/5
f 10423/1/5 10417/1/5 10416/1/5
f 10424/1/5 10418/1/5 10423/1/5
f 10425/1/5 10418/1/5 10424/1/5
f 10428/1/5 10421/1/5 10420/1/5
f 10428/1/5 10420/1/5 10419/1/5
f 10429/1/5 10421/1/5 10428/1/5
f 10430/1/5 10421/1/5 10429/1/5
f 10431/1/5 10426/1/5 10425/1/5
f 10431/1/5 10425/1/5 10424/1/5
f 10432/1/5 10426/1/5 10431/1/5
f 10433/1/5 10426/1/5 10432/1/5
f 10435/1/5 10429/1/5 10428/1/5
f 10435/1/5 10428/1/5 10427/1/5
f 10436/1/5 10429/1/5 10435/1/5
f 10437/1/5 10433/1/5 10432/1/5
f 10438/2/5 10434/2/5 10433/2/5
f 10438/1/5 10433/1/5 10437/1/5
f 10440/1/5 10435/1/5 10427/1/5
f 10441/2/5 10434/2/5 10438/2/5
f 10443/1/5 10440/1/5 10439/1/5
f 10443/1/5 10435/1/5 10440/1/5
f 10444/1/5 10435/1/5 10443/1/5
f 10445/2/5 10442/2/5 10441/2/5
f 10445/2/5 10441/2/5 10438/2/5
f 10446/2/5 10442/2/5 10445/2/5
f 10448/1/5 10443/1/5 10439/1/5
f 10449/2/5 10442/2/5 10446/2/5
f 10451/2/5 10449/2/5 10446/2/5
f 10451/2/5 10450/2/5 10449/2/5
f 10452/1/5 10448/1/5 10447/1/5
f 10453/1/5 10443/1/5 10448/1/5
f 10453/1/5 10448/1/5 10452/1/5
f 10454/2/5 10450/2/5 10451/2/5
f 10455/2/5 10450/2/5 10454/2/5
f 10456/1/5 10443/1/5 10453/1/5
f 10459/2/5 10454/2/5 10451/2/5
f 10460/1/5 10457/1/5 10456/1/5
f 10460/1/5 10456/1/5 10453/1/5
f 10461/1/5 10457/1/5 10460/1/5
f 10462/1/5 10459/1/5 10458/1/5
f 10462/2/5 10454/2/5 10459/2/5
f 10463/2/5 10454/2/5 10462/2/5
f 10464/1/5 10457/1/5 10461/1/5
f 10467/1/5 10462/1/5 10458/1/5
f 10468/1/5 10465/1/5 10464/1/5
f 10468/1/5 10464/1/5 10461/1/5
f 10469/1/5 10465/1/5 10468/1/5
f 10470/1/5 10465/1/5 10469/1/5
f 10473/1/5 10467/1/5 10466/1/5
f 10474/1/5 10462/1/5 10467/1/5
f 10474/1/5 10467/1/5 10473/1/5
f 10475/1/5 10462/1/5 10474/1/5
f 10476/1/5 10471/1/5 10470/1/5
f 10476/1/5 10470/1/5 10469/1/5
f 10477/1/5 10471/1/5 10476/1/5
f 10478/1/5 10471/1/5 10477/1/5
f 10481/1/5 10473/1/5 10472/1/5
f 10481/1/5 10474/1/5 10473/1/5
f 10482/1/5 10474/1/5 10481/1/5
f 10483/1/5 10474/1/5 10482/1/5
f 10484/2/5 10479/2/5 10478/2/5
f 10484/2/5 10478/2/5 10477/2/5
f 10485/2/5 10479/2/5 10484/2/5
f 10486/2/5 10479/2/5 10485/2/5
f 10489/1/5 10482/1/5 10481/1/5
f 10489/1/5 10481/1/5 10480/1/5
f 10490/1/5 10482/1/5 10489/1/5
f 10491/1/5 10482/1/5 10490/1/5
f 10492/2/5 10487/2/5 10486/2/5
f 10492/2/5 10486/2/5 10485/2/5
f 10493/2/5 10487/2/5 10492/2/5
f 10494/2/5 10487/2/5 10493/2/5
f 10497/1/5 10490/1/5 10489/1/5
f 10497/1/5 10489/1/5 10488/1/5
f 10498/1/5 10490/1/5 10497/1/5
f 10499/1/5 10490/1/5 10498/1/5
f 10500/2/5 10495/2/5 10494/2/5
f 10500/2/5 10494/2/5 10493/2/5
f 10501/2/5 10495/2/5 10500/2/5
f 10502/2/5 10495/2/5 10501/2/5
f 10505/1/5 10498/1/5 10497/1/5
f 10505/1/5 10497/1/5 10496/1/5
f 10506/1/5 10498/1/5 10505/1/5
f 10507/1/5 10498/1/5 10506/1/5
f 10508/2/5 10504/2/5 10503/2/5
f 10508/2/5 10503/2/5 10502/2/5
f 10508/2/5 10502/2/5 10501/2/5
f 10509/2/5 10504/2/5 10508/2/5
f 10510/2/5 10504/2/5 10509/2/5
f 10511/1/5 10506/1/5 10505/1/5
f 10511/2/5 10504/2/5 10510/2/5
f 10511/1/5 10505/1/5 10504/1/5
f 10512/1/5 10506/1/5 10511/1/5
f 10513/2/5 10510/2/5 10509/2/5
f 10514/1/5 10511/1/5 10510/1/5
f 10514/2/5 10510/2/5 10513/2/5
f 10515/1/5 10511/1/5 10514/1/5
f 10520/1/5 10517/1/5 10516/1/5
f 10521/1/5 10517/1/5 10520/1/5
f 10522/1/5 10517/1/5 10521/1/5
f 10523/1/5 10517/1/5 10522/1/5
f 10526/2/5 10519/2/5 10518/2/5
f 10527/1/5 10520/1/5 10519/1/5
f 10527/1/5 10521/1/5 10520/1/5
f 10527/2/5 10519/2/5 10526/2/5
f 10528/1/5 10521/1/5 10527/1/5
f 10529/1/5 10521/1/5 10528/1/5
f 10530/1/5 10523/1/5 10522/1/5
f 10530/1/5 10524/1/5 10523/1/5
f 10531/1/5 10524/1/5 10530/1/5
f 10532/1/5 10524/1/5 10531/1/5
f 10535/2/5 10526/2/5 10525/2/5
f 10535/2/5 10527/2/5 10526/2/5
f 10536/2/5 10527/2/5 10535/2/5
f 10537/2/5 10527/2/5 10536/2/5
f 10538/1/5 10533/1/5 10532/1/5
f 10538/1/5 10532/1/5 10531/1/5
f 10539/1/5 10533/1/5 10538/1/5
f 10540/1/5 10533/1/5 10539/1/5
f 10543/2/5 10536/2/5 10535/2/5
f 10543/2/5 10535/2/5 10534/2/5
f 10544/2/5 10536/2/5 10543/2/5
f 10545/2/5 10536/2/5 10544/2/5
f 10546/1/5 10541/1/5 10540/1/5
f 10546/1/5 10540/1/5 10539/1/5
f 10547/1/5 10541/1/5 10546/1/5
f 10548/1/5 10541/1/5 10547/1/5
f 10551/2/5 10544/2/5 10543/2/5
f 10551/2/5 10543/2/5 10542/2/5
f 10552/2/5 10544/2/5 10551/2/5
f 10553/2/5 10544/2/5 10552/2/5
f 10554/1/5 10549/1/5 10548/1/5
f 10554/1/5 10548/1/5 10547/1/5
f 10555/1/5 10549/1/5 10554/1/5
f 10556/1/5 10549/1/5 10555/1/5
f 10559/1/5 10552/1/5 10551/1/5
f 10559/1/5 10551/1/5 10550/1/5
f 10560/1/5 10552/1/5 10559/1/5
f 10561/1/5 10552/1/5 10560/1/5
f 10562/2/5 10557/2/5 10556/2/5
f 10562/2/5 10556/2/5 10555/2/5
f 10563/2/5 10557/2/5 10562/2/5
f 10564/2/5 10557/2/5 10563/2/5
f 10566/1/5 10560/1/5 10559/1/5
f 10566/1/5 10559/1/5 10558/1/5
f 10567/1/5 10560/1/5 10566/1/5
f 10568/2/5 10565/2/5 10564/2/5
f 10568/2/5 10564/2/5 10563/2/5
f 10569/2/5 10565/2/5 10568/2/5
f 10571/1/5 10566/1/5 10558/1/5
f 10572/2/5 10565/2/5 10569/2/5
f 10574/1/5 10571/1/5 10570/1/5
f 10574/1/5 10566/1/5 10571/1/5
f 10575/1/5 10566/1/5 10574/1/5
f 10576/2/5 10573/2/5 10572/2/5
f 10576/2/5 10572/2/5 10569/2/5
f 10577/2/5 10573/2/5 10576/2/5
f 10579/1/5 10574/1/5 10570/1/5
f 10580/2/5 10573/2/5 10577/2/5
f 10582/1/5 10579/1/5 10578/1/5
f 10582/1/5 10574/1/5 10579/1/5
f 10583/1/5 10574/1/5 10582/1/5
f 10584/2/5 10581/2/5 10580/2/5
f 10584/2/5 10580/2/5 10577/2/5
f 10585/2/5 10581/2/5 10584/2/5
f 10586/1/5 10582/1/5 10578/1/5
f 10589/2/5 10581/2/5 10585/2/5
f 10590/1/5 10587/1/5 10586/1/5
f 10590/1/5 10586/1/5 10578/1/5
f 10591/1/5 10587/1/5 10590/1/5
f 10592/2/5 10589/2/5 10588/2/5
f 10592/2/5 10581/2/5 10589/2/5
f 10593/2/5 10581/2/5 10592/2/5
f 10594/1/5 10587/1/5 10591/1/5
f 10597/2/5 10592/2/5 10588/2/5
f 10598/1/5 10595/1/5 10594/1/5
f 10598/1/5 10594/1/5 10591/1/5
f 10599/1/5 10595/1/5 10598/1/5
f 10600/2/5 10597/2/5 10596/2/5
f 10601/2/5 10592/2/5 10597/2/5
f 10601/2/5 10597/2/5 10600/2/5
f 10602/2/5 10592/2/5 10601/2/5
f 10603/1/5 10595/1/5 10599/1/5
f 10606/1/5 10601/1/5 10600/1/5
f 10607/1/5 10604/1/5 10603/1/5
f 10607/1/5 10603/1/5 10599/1/5
f 10608/1/5 10604/1/5 10607/1/5
f 10609/1/5 10604/1/5 10608/1/5
f 10612/1/5 10606/1/5 10605/1/5
f 10613/1/5 10601/1/5 10606/1/5
f 10613/1/5 10606/1/5 10612/1/5
f 10614/1/5 10601/1/5 10613/1/5
f 10615/1/5 10610/1/5 10609/1/5
f 10615/1/5 10609/1/5 10608/1/5
f 10616/1/5 10610/1/5 10615/1/5
f 10617/1/5 10610/1/5 10616/1/5
f 10620/1/5 10612/1/5 10611/1/5
f 10620/1/5 10613/1/5 10612/1/5
f 10621/1/5 10613/1/5 10620/1/5
f 10622/1/5 10613/1/5 10621/1/5
f 10623/1/5 10617/1/5 10616/1/5
f 10624/2/5 10618/2/5 10617/2/5
f 10624/1/5 10617/1/5 10623/1/5
f 10625/2/5 10618/2/5 10624/2/5
f 10628/1/5 10621/1/5 10620/1/5
f 10628/1/5 10620/1/5 10619/1/5
f 10629/1/5 10621/1/5 10628/1/5
f 10630/1/5 10621/1/5 10629/1/5
f 10631/2/5 10626/2/5 10625/2/5
f 10631/2/5 10625/2/5 10624/2/5
f 10632/2/5 10626/2/5 10631/2/5
f 10633/2/5 10626/2/5 10632/2/5
f 10636/1/5 10629/1/5 10628/1/5
f 10636/1/5 10628/1/5 10627/1/5
f 10637/1/5 10629/1/5 10636/1/5
f 10638/1/5 10629/1/5 10637/1/5
f 10639/2/5 10634/2/5 10633/2/5
f 10639/2/5 10633/2/5 10632/2/5
f 10640/2/5 10634/2/5 10639/2/5
f 10641/2/5 10634/2/5 10640/2/5
f 10644/1/5 10637/1/5 10636/1/5
f 10644/1/5 10636/1/5 10635/1/5
f 10645/1/5 10637/1/5 10644/1/5
f 10646/1/5 10637/1/5 10645/1/5
f 10647/2/5 10642/2/5 10641/2/5
f 10647/2/5 10641/2/5 10640/2/5
f 10648/2/5 10642/2/5 10647/2/5
f 10649/2/5 10642/2/5 10648/2/5
f 10651/1/5 10645/1/5 10644/1/5
f 10651/1/5 10644/1/5 10643/1/5
f 10652/1/5 10645/1/5 10651/1/5
f 10653/1/5 10645/1/5 10652/1/5
f 10654/2/5 10650/2/5 10649/2/5
f 10654/2/5 10649/2/5 10648/2/5
f 10655/1/5 10652/1/5 10651/1/5
f 10655/2/5 10650/2/5 10654/2/5
f 10655/1/5 10651/1/5 10650/1/5
f 10656/1/5 10652/1/5 10655/1/5
f 10660/1/5 10658/1/5 10657/1/5
f 10661/1/5 10658/1/5 10660/1/5
f 10664/1/5 10660/1/5 10659/1/5
f 10665/1/5 10660/1/5 10664/1/5
f 10666/1/5 10660/1/5 10665/1/5
f 10667/1/5 10662/1/5 10661/1/5
f 10668/1/5 10662/1/5 10667/1/5
f 10671/2/5 10664/2/5 10663/2/5
f 10672/2/5 10664/2/5 10671/2/5
f 10673/1/5 10669/1/5 10668/1/5
f 10674/1/5 10669/1/5 10673/1/5
f 10677/2/5 10671/2/5 10670/2/5
f 10678/2/5 10671/2/5 10677/2/5
f 10679/1/5 10675/1/5 10674/1/5
f 10680/1/5 10675/1/5 10679/1/5
f 10683/2/5 10677/2/5 10676/2/5
f 10684/2/5 10677/2/5 10683/2/5
f 10685/1/5 10681/1/5 10680/1/5
f 10686/1/5 10681/1/5 10685/1/5
f 10689/2/5 10683/2/5 10682/2/5
f 10690/2/5 10683/2/5 10689/2/5
f 10691/2/5 10687/2/5 10686/2/5
f 10692/2/5 10687/2/5 10691/2/5
f 10695/1/5 10689/1/5 10688/1/5
f 10696/1/5 10689/1/5 10695/1/5
f 10697/2/5 10693/2/5 10692/2/5
f 10698/2/5 10693/2/5 10697/2/5
f 10701/1/5 10695/1/5 10694/1/5
f 10702/1/5 10695/1/5 10701/1/5
f 10703/2/5 10699/2/5 10698/2/5
f 10704/2/5 10699/2/5 10703/2/5
f 10707/1/5 10701/1/5 10700/1/5
f 10708/1/5 10701/1/5 10707/1/5
f 10709/2/5 10705/2/5 10704/2/5
f 10710/2/5 10705/2/5 10709/2/5
f 10712/1/5 10707/1/5 10706/1/5
f 10713/1/5 10707/1/5 10712/1/5
f 10716/2/5 10711/2/5 10710/2/5
f 10717/2/5 10711/2/5 10716/2/5
f 10718/1/5 10714/1/5 10713/1/5
f 10719/1/5 10714/1/5 10718/1/5
f 10722/2/5 10716/2/5 10715/2/5
f 10723/2/5 10716/2/5 10722/2/5
f 10724/2/5 10722/2/5 10721/2/5
f 10725/2/5 10722/2/5 10724/2/5
f 10726/1/5 10720/1/5 10719/1/5
f 10727/1/5 10720/1/5 10726/1/5
f 10730/1/5 10725/1/5 10724/1/5
f 10731/1/5 10725/1/5 10730/1/5
f 10732/1/5 10728/1/5 10727/1/5
f 10733/1/5 10728/1/5 10732/1/5
f 10736/1/5 10730/1/5 10729/1/5
f 10737/1/5 10730/1/5 10736/1/5
f 10738/1/5 10734/1/5 10733/1/5
f 10739/1/5 10734/1/5 10738/1/5
f 10742/1/5 10736/1/5 10735/1/5
f 10743/1/5 10736/1/5 10742/1/5
f 10744/1/5 10740/1/5 10739/1/5
f 10745/1/5 10740/1/5 10744/1/5
f 10748/1/5 10742/1/5 10741/1/5
f 10749/1/5 10742/1/5 10748/1/5
f 10750/2/5 10746/2/5 10745/2/5
f 10751/2/5 10746/2/5 10750/2/5
f 10754/1/5 10748/1/5 10747/1/5
f 10755/1/5 10748/1/5 10754/1/5
f 10756/2/5 10752/2/5 10751/2/5
f 10757/2/5 10752/2/5 10756/2/5
f 10760/1/5 10754/1/5 10753/1/5
f 10761/1/5 10754/1/5 10760/1/5
f 10762/2/5 10758/2/5 10757/2/5
f 10763/2/5 10758/2/5 10762/2/5
f 10766/1/5 10760/1/5 10759/1/5
f 10767/1/5 10760/1/5 10766/1/5
f 10768/2/5 10764/2/5 10763/2/5
f 10769/1/5 10765/1/5 10764/1/5
f 10769/2/5 10764/2/5 10768/2/5
f 10769/1/5 10766/1/5 10765/1/5
f 10770/1/5 10766/1/5 10769/1/5
f 10775/1/5 10772/1/5 10771/1/5
f 10776/1/5 10772/1/5 10775/1/5
f 10780/1/5 10774/1/5 10773/1/5
f 10781/1/5 10774/1/5 10780/1/5
f 10782/1/5 10778/1/5 10777/1/5
f 10783/1/5 10778/1/5 10782/1/5
f 10786/1/5 10780/1/5 10779/1/5
f 10787/1/5 10780/1/5 10786/1/5
f 10788/1/5 10784/1/5 10783/1/5
f 10789/1/5 10784/1/5 10788/1/5
f 10793/2/5 10786/2/5 10785/2/5
f 10794/2/5 10786/2/5 10793/2/5
f 10795/1/5 10790/1/5 10789/1/5
f 10796/1/5 10790/1/5 10795/1/5
f 10800/1/5 10792/1/5 10791/1/5
f 10801/2/5 10793/2/5 10792/2/5
f 10801/1/5 10792/1/5 10800/1/5
f 10802/2/5 10793/2/5 10801/2/5
f 10803/1/5 10797/1/5 10796/1/5
f 10804/2/5 10798/2/5 10797/2/5
f 10804/1/5 10797/1/5 10803/1/5
f 10805/2/5 10798/2/5 10804/2/5
f 10807/1/5 10800/1/5 10799/1/5
f 10807/2/5 10801/2/5 10800/2/5
f 10808/2/5 10801/2/5 10807/2/5
f 10809/2/5 10806/2/5 10805/2/5
f 10809/2/5 10805/2/5 10804/2/5
f 10810/2/5 10806/2/5 10809/2/5
f 10812/1/5 10807/1/5 10799/1/5
f 10813/1/5 10807/1/5 10812/1/5
f 10814/2/5 10806/2/5 10810/2/5
f 10815/2/5 10806/2/5 10814/2/5
f 10818/1/5 10812/1/5 10811/1/5
f 10819/1/5 10812/1/5 10818/1/5
f 10820/2/5 10816/2/5 10815/2/5
f 10821/2/5 10816/2/5 10820/2/5
f 10824/1/5 10818/1/5 10817/1/5
f 10825/1/5 10818/1/5 10824/1/5
f 10826/2/5 10822/2/5 10821/2/5
f 10827/2/5 10822/2/5 10826/2/5
f 10829/1/5 10824/1/5 10823/1/5
f 10830/1/5 10824/1/5 10829/1/5
f 10831/2/5 10828/2/5 10827/2/5
f 10832/2/5 10828/2/5 10831/2/5
f 10837/1/5 10834/1/5 10833/1/5
f 10838/1/5 10834/1/5 10837/1/5
f 10839/2/5 10836/2/5 10835/2/5
f 10840/2/5 10836/2/5 10839/2/5
f 10845/2/5 10844/2/5 10843/2/5
f 10846/2/5 10844/2/5 10845/2/5
f 10847/1/5 10842/1/5 10841/1/5
f 10848/1/5 10842/1/5 10847/1/5
f 10851/1/5 10846/1/5 10845/1/5
f 10852/1/5 10846/1/5 10851/1/5
f 10853/1/5 10851/1/5 10850/1/5
f 10854/1/5 10849/1/5 10848/1/5
f 10855/1/5 10849/1/5 10854/1/5
f 10858/1/5 10851/1/5 10853/1/5
f 10859/1/5 10851/1/5 10858/1/5
f 10860/1/5 10856/1/5 10855/1/5
f 10861/1/5 10856/1/5 10860/1/5
f 10864/1/5 10858/1/5 10857/1/5
f 10865/1/5 10858/1/5 10864/1/5
f 10866/1/5 10862/1/5 10861/1/5
f 10869/1/5 10864/1/5 10863/1/5
f 10870/1/5 10867/1/5 10866/1/5
f 10870/1/5 10866/1/5 10861/1/5
f 10871/1/5 10867/1/5 10870/1/5
f 10872/1/5 10867/1/5 10871/1/5
f 10875/1/5 10869/1/5 10868/1/5
f 10876/1/5 10864/1/5 10869/1/5
f 10876/1/5 10869/1/5 10875/1/5
f 10877/1/5 10864/1/5 10876/1/5
f 10878/1/5 10873/1/5 10872/1/5
f 10878/1/5 10872/1/5 10871/1/5
f 10879/1/5 10873/1/5 10878/1/5
f 10882/1/5 10875/1/5 10874/1/5
f 10882/1/5 10876/1/5 10875/1/5
f 10883/1/5 10876/1/5 10882/1/5
f 10884/1/5 10880/1/5 10879/1/5
f 10885/1/5 10880/1/5 10884/1/5
f 10889/2/5 10882/2/5 10881/2/5
f 10890/2/5 10882/2/5 10889/2/5
f 10891/1/5 10886/1/5 10885/1/5
f 10892/2/5 10887/2/5 10886/2/5
f 10892/1/5 10886/1/5 10891/1/5
f 10893/2/5 10887/2/5 10892/2/5
f 10897/1/5 10889/1/5 10888/1/5
f 10898/1/5 10889/1/5 10897/1/5
f 10899/1/5 10894/1/5 10893/1/5
f 10900/2/5 10895/2/5 10894/2/5
f 10900/1/5 10894/1/5 10899/1/5
f 10901/2/5 10895/2/5 10900/2/5
f 10905/1/5 10897/1/5 10896/1/5
f 10906/1/5 10897/1/5 10905/1/5
f 10907/1/5 10904/1/5 10903/1/5
f 10907/1/5 10903/1/5 10902/1/5
f 10908/1/5 10904/1/5 10907/1/5
f 10915/1/5 10910/1/5 10909/1/5
f 10916/1/5 10910/1/5 10915/1/5
f 10917/1/5 10912/1/5 10911/1/5
f 10918/1/5 10912/1/5 10917/1/5
f 10922/1/5 10914/1/5 10913/1/5
f 10923/1/5 10914/1/5 10922/1/5
f 10924/1/5 10920/1/5 10919/1/5
f 10925/1/5 10920/1/5 10924/1/5
f 10928/1/5 10922/1/5 10921/1/5
f 10929/1/5 10922/1/5 10928/1/5
f 10930/1/5 10926/1/5 10925/1/5
f 10931/1/5 10926/1/5 10930/1/5
f 10934/1/5 10928/1/5 10927/1/5
f 10935/1/5 10928/1/5 10934/1/5
f 10936/1/5 10928/1/5 10935/1/5
f 10937/1/5 10932/1/5 10931/1/5
f 10938/1/5 10932/1/5 10937/1/5
f 10939/1/5 10932/1/5 10938/1/5
f 10942/1/5 10934/1/5 10933/1/5
f 10943/1/5 10934/1/5 10942/1/5
f 10944/2/5 10940/2/5 10939/2/5
f 10945/2/5 10940/2/5 10944/2/5
f 10948/1/5 10942/1/5 10941/1/5
f 10949/1/5 10942/1/5 10948/1/5
f 10950/2/5 10946/2/5 10945/2/5
f 10951/2/5 10946/2/5 10950/2/5
f 10954/1/5 10948/1/5 10947/1/5
f 10955/1/5 10948/1/5 10954/1/5
f 10956/2/5 10952/2/5 10951/2/5
f 10957/2/5 10952/2/5 10956/2/5
f 10959/1/5 10954/1/5 10953/1/5
f 10960/1/5 10954/1/5 10959/1/5
f 10961/2/5 10958/2/5 10957/2/5
f 10962/2/5 10958/2/5 10961/2/5
f 10967/1/5 10964/1/5 10963/1/5
f 10968/1/5 10964/1/5 10967/1/5
f 10969/2/5 10966/2/5 10965/2/5
f 10970/2/5 10966/2/5 10969/2/5
f 10975/1/5 10972/1/5 10971/1/5
f 10976/1/5 10972/1/5 10975/1/5
f 10977/1/5 10974/1/5 10973/1/5
f 10978/1/5 10974/1/5 10977/1/5
f 10983/1/5 10980/1/5 10979/1/5
f 10984/1/5 10980/1/5 10983/1/5
f 10987/1/5 10982/1/5 10981/1/5
f 10988/1/5 10982/1/5 10987/1/5
f 10989/1/5 10985/1/5 10984/1/5
f 10990/1/5 10985/1/5 10989/1/5
f 10993/1/5 10987/1/5 10986/1/5
f 10994/1/5 10987/1/5 10993/1/5
f 10995/1/5 10991/1/5 10990/1/5
f 10996/1/5 10991/1/5 10995/1/5
f 10999/1/5 10993/1/5 10992/1/5
f 11000/1/5 10993/1/5 10999/1/5
f 11001/1/5 10997/1/5 10996/1/5
f 11002/1/5 10997/1/5 11001/1/5
f 11005/1/5 10999/1/5 10998/1/5
f 11006/1/5 10999/1/5 11005/1/5
f 11007/1/5 11003/1/5 11002/1/5
f 11008/1/5 11003/1/5 11007/1/5
f 11011/2/5 11005/2/5 11004/2/5
f 11012/2/5 11005/2/5 11011/2/5
f 11013/1/5 11009/1/5 11008/1/5
f 11014/1/5 11009/1/5 11013/1/5
f 11018/2/5 11011/2/5 11010/2/5
f 11019/2/5 11011/2/5 11018/2/5
f 11020/1/5 11016/1/5 11015/1/5
f 11020/1/5 11015/1/5 11014/1/5
f 11021/1/5 11016/1/5 11020/1/5
f 11026/1/5 11018/1/5 11017/1/5
f 11027/1/5 11018/1/5 11026/1/5
f 11028/1/5 11023/1/5 11022/1/5
f 11029/1/5 11023/1/5 11028/1/5
f 11030/1/5 11025/1/5 11024/1/5
f 11031/1/5 11025/1/5 11030/1/5
f 11036/1/5 11033/1/5 11032/1/5
f 11037/1/5 11033/1/5 11036/1/5
f 11042/1/5 11035/1/5 11034/1/5
f 11043/1/5 11035/1/5 11042/1/5
f 11044/1/5 11039/1/5 11038/1/5
f 11045/1/5 11039/1/5 11044/1/5
f 11049/1/5 11041/1/5 11040/1/5
f 11050/1/5 11041/1/5 11049/1/5
f 11051/1/5 11047/1/5 11046/1/5
f 11052/1/5 11047/1/5 11051/1/5
f 11056/1/5 11049/1/5 11048/1/5
f 11057/1/5 11049/1/5 11056/1/5
f 11058/1/5 11053/1/5 11052/1/5
f 11059/1/5 11053/1/5 11058/1/5
f 11063/1/5 11055/1/5 11054/1/5
f 11064/1/5 11055/1/5 11063/1/5
f 11065/2/5 11061/2/5 11060/2/5
f 11066/2/5 11061/2/5 11065/2/5
f 11068/1/5 11063/1/5 11062/1/5
f 11069/1/5 11063/1/5 11068/1/5
f 11070/2/5 11067/2/5 11066/2/5
f 11071/2/5 11067/2/5 11070/2/5
f 11077/1/5 11073/1/5 11072/1/5
f 11078/1/5 11073/1/5 11077/1/5
f 11079/2/5 11075/2/5 11074/2/5
f 11080/2/5 11075/2/5 11079/2/5
f 11082/1/5 11077/1/5 11076/1/5
f 11083/1/5 11077/1/5 11082/1/5
f 11084/2/5 11081/2/5 11080/2/5
f 11085/2/5 11081/2/5 11084/2/5
f 11090/1/5 11087/1/5 11086/1/5
f 11091/1/5 11087/1/5 11090/1/5
f 11092/1/5 11089/1/5 11088/1/5
f 11093/1/5 11089/1/5 11092/1/5
f 11098/1/5 11097/1/5 11096/1/5
f 11099/1/5 11095/1/5 11094/1/5
f 11100/1/5 11095/1/5 11099/1/5
f 11101/2/5 11100/2/5 11099/2/5
f 11102/2/5 11100/2/5 11101/2/5
f 11103/1/5 11097/1/5 11098/1/5
f 11104/1/5 11097/1/5 11103/1/5
f 11109/1/5 11106/1/5 11105/1/5
f 11110/1/5 11106/1/5 11109/1/5
f 11111/1/5 11108/1/5 11107/1/5
f 11112/1/5 11108/1/5 11111/1/5
f 11117/1/5 11114/1/5 11113/1/5
f 11118/1/5 11114/1/5 11117/1/5
f 11121/1/5 11116/1/5 11115/1/5
f 11122/1/5 11116/1/5 11121/1/5
f 11123/1/5 11119/1/5 11118/1/5
f 11124/1/5 11119/1/5 11123/1/5
f 11125/1/5 11121/1/5 11120/1/5
f 11126/1/5 11121/1/5 11125/1/5
f 11131/1/5 11128/1/5 11127/1/5
f 11132/1/5 11128/1/5 11131/1/5
f 11135/1/5 11130/1/5 11129/1/5
f 11136/1/5 11130/1/5 11135/1/5
f 11137/1/5 11133/1/5 11132/1/5
f 11138/1/5 11133/1/5 11137/1/5
f 11143/2/5 11135/2/5 11134/2/5
f 11144/2/5 11135/2/5 11143/2/5
f 11145/1/5 11140/1/5 11139/1/5
f 11146/1/5 11140/1/5 11145/1/5
f 11149/2/5 11142/2/5 11141/2/5
f 11150/2/5 11142/2/5 11149/2/5
f 11151/1/5 11147/1/5 11146/1/5
f 11152/1/5 11147/1/5 11151/1/5
f 11157/2/5 11149/2/5 11148/2/5
f 11158/2/5 11149/2/5 11157/2/5
f 11159/1/5 11154/1/5 11153/1/5
f 11160/1/5 11154/1/5 11159/1/5
f 11163/1/5 11156/1/5 11155/1/5
f 11164/1/5 11156/1/5 11163/1/5
f 11165/1/5 11162/1/5 11161/1/5
f 11166/1/5 11162/1/5 11165/1/5
f 11170/3/5 11168/3/5 11167/3/5
f 11171/3/5 11168/3/5 11170/3/5
f 11174/3/5 11170/3/5 11169/3/5
f 11175/4/5 11171/4/5 11170/4/5
f 11175/3/5 11170/3/5 11174/3/5
f 11176/3/5 11172/3/5 11171/3/5
f 11176/4/5 11171/4/5 11175/4/5
f 11177/3/5 11172/3/5 11176/3/5
f 11180/3/5 11174/3/5 11173/3/5
f 11181/4/5 11175/4/5 11174/4/5
f 11181/4/5 11176/4/5 11175/4/5
f 11181/3/5 11174/3/5 11180/3/5
f 11181/4/5 11177/4/5 11176/4/5
f 11182/3/5 11178/3/5 11177/3/5
f 11182/4/5 11177/4/5 11181/4/5
f 11183/3/5 11178/3/5 11182/3/5
f 11185/3/5 11180/3/5 11179/3/5
f 11186/4/5 11181/4/5 11180/4/5
f 11186/3/5 11180/3/5 11185/3/5
f 11186/4/5 11182/4/5 11181/4/5
f 11186/4/5 11183/4/5 11182/4/5
f 11187/3/5 11184/3/5 11183/3/5
f 11187/4/5 11183/4/5 11186/4/5
f 11188/3/5 11184/3/5 11187/3/5
f 11193/1/5 11190/1/5 11189/1/5
f 11194/1/5 11190/1/5 11193/1/5
f 11199/1/5 11192/1/5 11191/1/5
f 11200/1/5 11192/1/5 11199/1/5
f 11201/1/5 11196/1/5 11195/1/5
f 11202/1/5 11196/1/5 11201/1/5
f 11207/1/5 11198/1/5 11197/1/5
f 11208/1/5 11198/1/5 11207/1/5
f 11209/1/5 11204/1/5 11203/1/5
f 11210/1/5 11204/1/5 11209/1/5
f 11214/1/5 11206/1/5 11205/1/5
f 11215/1/5 11206/1/5 11214/1/5
f 11216/1/5 11212/1/5 11211/1/5
f 11217/1/5 11212/1/5 11216/1/5
f 11219/1/5 11214/1/5 11213/1/5
f 11220/1/5 11214/1/5 11219/1/5
f 11221/1/5 11218/1/5 11217/1/5
f 11222/1/5 11218/1/5 11221/1/5
f 11228/1/5 11224/1/5 11223/1/5
f 11229/1/5 11224/1/5 11228/1/5
f 11230/2/5 11226/2/5 11225/2/5
f 11231/2/5 11226/2/5 11230/2/5
f 11233/1/5 11228/1/5 11227/1/5
f 11234/1/5 11228/1/5 11233/1/5
f 11235/1/5 11232/1/5 11231/1/5
f 11236/1/5 11232/1/5 11235/1/5
f 11241/1/5 11238/1/5 11237/1/5
f 11242/1/5 11238/1/5 11241/1/5
f 11243/1/5 11240/1/5 11239/1/5
f 11244/1/5 11240/1/5 11243/1/5
f 11249/1/5 11248/1/5 11247/1/5
f 11250/1/5 11246/1/5 11245/1/5
f 11251/1/5 11246/1/5 11250/1/5
f 11252/1/5 11248/1/5 11249/1/5
f 11253/1/5 11248/1/5 11252/1/5
f 11258/1/5 11255/1/5 11254/1/5
f 11259/1/5 11255/1/5 11258/1/5
f 11260/2/5 11259/2/5 11258/2/5
f 11261/2/5 11259/2/5 11260/2/5
f 11262/1/5 11257/1/5 11256/1/5
f 11263/1/5 11257/1/5 11262/1/5
f 11268/2/5 11265/2/5 11264/2/5
f 11269/2/5 11265/2/5 11268/2/5
f 11270/1/5 11267/1/5 11266/1/5
f 11271/1/5 11267/1/5 11270/1/5
f 11276/1/5 11273/1/5 11272/1/5
f 11277/1/5 11273/1/5 11276/1/5
f 11278/1/5 11275/1/5 11274/1/5
f 11279/1/5 11275/1/5 11278/1/5
f 11284/1/5 11281/1/5 11280/1/5
f 11285/1/5 11281/1/5 11284/1/5
f 11288/1/5 11283/1/5 11282/1/5
f 11289/1/5 11283/1/5 11288/1/5
f 11290/1/5 11286/1/5 11285/1/5
f 11291/1/5 11286/1/5 11290/1/5
f 11292/1/5 11288/1/5 11287/1/5
f 11293/1/5 11288/1/5 11292/1/5
f 11298/1/5 11295/1/5 11294/1/5
f 11299/1/5 11295/1/5 11298/1/5
f 11302/2/5 11297/2/5 11296/2/5
f 11303/2/5 11297/2/5 11302/2/5
f 11304/1/5 11300/1/5 11299/1/5
f 11305/1/5 11300/1/5 11304/1/5
f 11310/2/5 11302/2/5 11301/2/5
f 11311/2/5 11302/2/5 11310/2/5
f 11312/1/5 11307/1/5 11306/1/5
f 11313/1/5 11307/1/5 11312/1/5
f 11318/1/5 11309/1/5 11308/1/5
f 11319/1/5 11309/1/5 11318/1/5
f 11320/1/5 11315/1/5 11314/1/5
f 11321/1/5 11315/1/5 11320/1/5
f 11324/1/5 11317/1/5 11316/1/5
f 11325/1/5 11317/1/5 11324/1/5
f 11326/1/5 11323/1/5 11322/1/5
f 11327/1/5 11323/1/5 11326/1/5
f 11337/3/5 11329/3/5 11328/3/5
f 11338/4/5 11330/4/5 11329/4/5
f 11338/4/5 11331/4/5 11330/4/5
f 11338/3/5 11329/3/5 11337/3/5
f 11339/4/5 11331/4/5 11338/4/5
f 11340/3/5 11332/3/5 11331/3/5
f 11340/4/5 11331/4/5 11339/4/5
f 11341/4/5 11333/4/5 11332/4/5
f 11341/3/5 11332/3/5 11340/3/5
f 11341/4/5 11334/4/5 11333/4/5
f 11342/4/5 11334/4/5 11341/4/5
f 11343/3/5 11335/3/5 11334/3/5
f 11343/4/5 11334/4/5 11342/4/5
f 11344/3/5 11335/3/5 11343/3/5
f 11346/3/5 11337/3/5 11336/3/5
f 11347/4/5 11339/4/5 11338/4/5
f 11347/3/5 11337/3/5 11346/3/5
f 11347/4/5 11338/4/5 11337/4/5
f 11348/3/5 11342/3/5 11341/3/5
f 11348/4/5 11339/4/5 11347/4/5
f 11348/3/5 11340/3/5 11339/3/5
f 11348/3/5 11341/3/5 11340/3/5
f 11349/4/5 11343/4/5 11342/4/5
f 11349/3/5 11342/3/5 11348/3/5
f 11349/4/5 11344/4/5 11343/4/5
f 11350/3/5 11345/3/5 11344/3/5
f 11350/4/5 11344/4/5 11349/4/5
f 11351/3/5 11345/3/5 11350/3/5
f 11358/1/5 11353/1/5 11352/1/5
f 11359/1/5 11353/1/5 11358/1/5
f 11360/1/5 11355/1/5 11354/1/5
f 11361/1/5 11355/1/5 11360/1/5
f 11366/1/5 11357/1/5 11356/1/5
f 11367/1/5 11357/1/5 11366/1/5
f 11368/1/5 11363/1/5 11362/1/5
f 11369/1/5 11363/1/5 11368/1/5
f 11374/1/5 11365/1/5 11364/1/5
f 11375/1/5 11365/1/5 11374/1/5
f 11376/1/5 11371/1/5 11370/1/5
f 11377/1/5 11371/1/5 11376/1/5
f 11381/1/5 11373/1/5 11372/1/5
f 11382/1/5 11373/1/5 11381/1/5
f 11383/1/5 11379/1/5 11378/1/5
f 11384/1/5 11379/1/5 11383/1/5
f 11387/1/5 11381/1/5 11380/1/5
f 11388/1/5 11381/1/5 11387/1/5
f 11389/1/5 11385/1/5 11384/1/5
f 11390/1/5 11385/1/5 11389/1/5
f 11393/1/5 11387/1/5 11386/1/5
f 11394/1/5 11387/1/5 11393/1/5
f 11395/1/5 11391/1/5 11390/1/5
f 11396/1/5 11391/1/5 11395/1/5
f 11399/2/5 11393/2/5 11392/2/5
f 11400/2/5 11393/2/5 11399/2/5
f 11401/1/5 11397/1/5 11396/1/5
f 11402/1/5 11397/1/5 11401/1/5
f 11404/2/5 11399/2/5 11398/2/5
f 11405/2/5 11399/2/5 11404/2/5
f 11406/1/5 11403/1/5 11402/1/5
f 11407/1/5 11403/1/5 11406/1/5
f 11412/2/5 11409/2/5 11408/2/5
f 11413/2/5 11409/2/5 11412/2/5
f 11414/1/5 11411/1/5 11410/1/5
f 11415/1/5 11411/1/5 11414/1/5
f 11420/1/5 11417/1/5 11416/1/5
f 11421/1/5 11417/1/5 11420/1/5
f 11422/1/5 11419/1/5 11418/1/5
f 11423/1/5 11419/1/5 11422/1/5
f 11428/1/5 11425/1/5 11424/1/5
f 11429/1/5 11425/1/5 11428/1/5
f 11430/1/5 11427/1/5 11426/1/5
f 11431/1/5 11427/1/5 11430/1/5
f 11436/2/5 11433/2/5 11432/2/5
f 11437/2/5 11433/2/5 11436/2/5
f 11438/1/5 11435/1/5 11434/1/5
f 11439/1/5 11435/1/5 11438/1/5
f 11444/2/5 11441/2/5 11440/2/5
f 11445/2/5 11441/2/5 11444/2/5
f 11446/1/5 11443/1/5 11442/1/5
f 11447/1/5 11443/1/5 11446/1/5
f 11452/1/5 11449/1/5 11448/1/5
f 11453/1/5 11449/1/5 11452/1/5
f 11454/1/5 11451/1/5 11450/1/5
f 11455/1/5 11451/1/5 11454/1/5
f 11460/1/5 11457/1/5 11456/1/5
f 11461/1/5 11457/1/5 11460/1/5
f 11464/1/5 11459/1/5 11458/1/5
f 11465/1/5 11459/1/5 11464/1/5
f 11466/1/5 11462/1/5 11461/1/5
f 11467/1/5 11462/1/5 11466/1/5
f 11470/2/5 11464/2/5 11463/2/5
f 11471/2/5 11464/2/5 11470/2/5
f 11472/1/5 11468/1/5 11467/1/5
f 11473/1/5 11468/1/5 11472/1/5
f 11476/2/5 11470/2/5 11469/2/5
f 11477/2/5 11470/2/5 11476/2/5
f 11478/1/5 11474/1/5 11473/1/5
f 11479/1/5 11474/1/5 11478/1/5
f 11482/2/5 11476/2/5 11475/2/5
f 11483/2/5 11476/2/5 11482/2/5
f 11484/1/5 11480/1/5 11479/1/5
f 11485/1/5 11480/1/5 11484/1/5
f 11490/2/5 11482/2/5 11481/2/5
f 11491/2/5 11482/2/5 11490/2/5
f 11492/1/5 11487/1/5 11486/1/5
f 11493/1/5 11487/1/5 11492/1/5
f 11498/1/5 11489/1/5 11488/1/5
f 11499/1/5 11489/1/5 11498/1/5
f 11500/1/5 11495/1/5 11494/1/5
f 11501/1/5 11495/1/5 11500/1/5
f 11506/1/5 11497/1/5 11496/1/5
f 11507/1/5 11497/1/5 11506/1/5
f 11508/1/5 11503/1/5 11502/1/5
f 11509/1/5 11503/1/5 11508/1/5
f 11510/1/5 11505/1/5 11504/1/5
f 11511/1/5 11505/1/5 11510/1/5
f 11525/3/5 11513/3/5 11512/3/5
f 11526/4/5 11514/4/5 11513/4/5
f 11526/4/5 11515/4/5 11514/4/5
f 11526/3/5 11513/3/5 11525/3/5
f 11527/4/5 11515/4/5 11526/4/5
f 11528/3/5 11516/3/5 11515/3/5
f 11528/4/5 11515/4/5 11527/4/5
f 11528/3/5 11517/3/5 11516/3/5
f 11529/3/5 11517/3/5 11528/3/5
f 11530/4/5 11518/4/5 11517/4/5
f 11530/3/5 11517/3/5 11529/3/5
f 11531/3/5 11519/3/5 11518/3/5
f 11531/4/5 11518/4/5 11530/4/5
f 11531/3/5 11520/3/5 11519/3/5
f 11532/3/5 11520/3/5 11531/3/5
f 11533/4/5 11521/4/5 11520/4/5
f 11533/3/5 11520/3/5 11532/3/5
f 11533/4/5 11522/4/5 11521/4/5
f 11534/4/5 11522/4/5 11533/4/5
f 11535/3/5 11523/3/5 11522/3/5
f 11535/4/5 11522/4/5 11534/4/5
f 11536/3/5 11523/3/5 11535/3/5
f 11539/3/5 11525/3/5 11524/3/5
f 11540/4/5 11527/4/5 11526/4/5
f 11540/4/5 11526/4/5 11525/4/5
f 11540/3/5 11525/3/5 11539/3/5
f 11541/4/5 11527/4/5 11540/4/5
f 11542/3/5 11529/3/5 11528/3/5
f 11542/4/5 11527/4/5 11541/4/5
f 11542/3/5 11528/3/5 11527/3/5
f 11543/3/5 11529/3/5 11542/3/5
f 11544/4/5 11530/4/5 11529/4/5
f 11544/3/5 11529/3/5 11543/3/5
f 11544/4/5 11532/4/5 11531/4/5
f 11544/4/5 11531/4/5 11530/4/5
f 11545/3/5 11534/3/5 11533/3/5
f 11545/4/5 11532/4/5 11544/4/5
f 11545/3/5 11533/3/5 11532/3/5
f 11546/3/5 11534/3/5 11545/3/5
f 11547/4/5 11536/4/5 11535/4/5
f 11547/3/5 11534/3/5 11546/3/5
f 11547/4/5 11535/4/5 11534/4/5
f 11548/4/5 11536/4/5 11547/4/5
f 11549/3/5 11537/3/5 11536/3/5
f 11549/4/5 11536/4/5 11548/4/5
f 11550/3/5 11537/3/5 11549/3/5
f 11553/3/5 11539/3/5 11538/3/5
f 11554/4/5 11541/4/5 11540/4/5
f 11554/4/5 11540/4/5 11539/4/5
f 11554/3/5 11539/3/5 11553/3/5
f 11555/4/5 11541/4/5 11554/4/5
f 11556/3/5 11543/3/5 11542/3/5
f 11556/4/5 11541/4/5 11555/4/5
f 11556/3/5 11542/3/5 11541/3/5
f 11557/3/5 11543/3/5 11556/3/5
f 11558/4/5 11544/4/5 11543/4/5
f 11558/3/5 11543/3/5 11557/3/5
f 11558/4/5 11546/4/5 11545/4/5
f 11558/4/5 11545/4/5 11544/4/5
f 11559/4/5 11546/4/5 11558/4/5
f 11560/4/5 11546/4/5 11559/4/5
f 11561/3/5 11548/3/5 11547/3/5
f 11561/4/5 11546/4/5 11560/4/5
f 11561/3/5 11547/3/5 11546/3/5
f 11562/3/5 11548/3/5 11561/3/5
f 11563/4/5 11550/4/5 11549/4/5
f 11563/3/5 11548/3/5 11562/3/5
f 11563/4/5 11549/4/5 11548/4/5
f 11564/4/5 11550/4/5 11563/4/5
f 11565/3/5 11551/3/5 11550/3/5
f 11565/4/5 11550/4/5 11564/4/5
f 11566/3/5 11551/3/5 11565/3/5
f 11568/3/5 11553/3/5 11552/3/5
f 11569/4/5 11555/4/5 11554/4/5
f 11569/3/5 11553/3/5 11568/3/5
f 11569/4/5 11554/4/5 11553/4/5
f 11570/3/5 11557/3/5 11556/3/5
f 11570/4/5 11555/4/5 11569/4/5
f 11570/3/5 11556/3/5 11555/3/5
f 11571/4/5 11559/4/5 11558/4/5
f 11571/3/5 11557/3/5 11570/3/5
f 11571/4/5 11558/4/5 11557/4/5
f 11572/4/5 11559/4/5 11571/4/5
f 11573/4/5 11562/4/5 11561/4/5
f 11573/4/5 11561/4/5 11560/4/5
f 11574/3/5 11564/3/5 11563/3/5
f 11574/4/5 11562/4/5 11573/4/5
f 11574/3/5 11563/3/5 11562/3/5
f 11575/4/5 11566/4/5 11565/4/5
f 11575/3/5 11564/3/5 11574/3/5
f 11575/4/5 11565/4/5 11564/4/5
f 11576/3/5 11567/3/5 11566/3/5
f 11576/4/5 11566/4/5 11575/4/5
f 11577/3/5 11567/3/5 11576/3/5
f 11582/1/5 11579/1/5 11578/1/5
f 11583/1/5 11579/1/5 11582/1/5
f 11588/1/5 11581/1/5 11580/1/5
f 11589/1/5 11581/1/5 11588/1/5
f 11590/1/5 11585/1/5 11584/1/5
f 11591/1/5 11585/1/5 11590/1/5
f 11596/1/5 11587/1/5 11586/1/5
f 11597/1/5 11587/1/5 11596/1/5
f 11598/1/5 11593/1/5 11592/1/5
f 11599/1/5 11593/1/5 11598/1/5
f 11604/1/5 11595/1/5 11594/1/5
f 11605/1/5 11595/1/5 11604/1/5
f 11606/1/5 11601/1/5 11600/1/5
f 11607/1/5 11601/1/5 11606/1/5
f 11611/1/5 11603/1/5 11602/1/5
f 11612/1/5 11603/1/5 11611/1/5
f 11613/1/5 11609/1/5 11608/1/5
f 11614/1/5 11609/1/5 11613/1/5
f 11617/1/5 11611/1/5 11610/1/5
f 11618/1/5 11611/1/5 11617/1/5
f 11619/1/5 11615/1/5 11614/1/5
f 11620/1/5 11615/1/5 11619/1/5
f 11623/2/5 11617/2/5 11616/2/5
f 11624/2/5 11617/2/5 11623/2/5
f 11625/1/5 11621/1/5 11620/1/5
f 11626/1/5 11621/1/5 11625/1/5
f 11628/2/5 11623/2/5 11622/2/5
f 11629/2/5 11623/2/5 11628/2/5
f 11630/1/5 11627/1/5 11626/1/5
f 11631/1/5 11627/1/5 11630/1/5
f 11636/2/5 11633/2/5 11632/2/5
f 11637/2/5 11633/2/5 11636/2/5
f 11638/1/5 11635/1/5 11634/1/5
f 11639/1/5 11635/1/5 11638/1/5
f 11644/1/5 11641/1/5 11640/1/5
f 11645/1/5 11641/1/5 11644/1/5
f 11646/1/5 11643/1/5 11642/1/5
f 11647/1/5 11643/1/5 11646/1/5
f 11652/1/5 11649/1/5 11648/1/5
f 11653/1/5 11649/1/5 11652/1/5
f 11654/1/5 11651/1/5 11650/1/5
f 11655/1/5 11651/1/5 11654/1/5
f 11660/2/5 11657/2/5 11656/2/5
f 11661/2/5 11657/2/5 11660/2/5
f 11662/1/5 11659/1/5 11658/1/5
f 11663/1/5 11659/1/5 11662/1/5
f 11668/2/5 11665/2/5 11664/2/5
f 11669/2/5 11665/2/5 11668/2/5
f 11670/1/5 11667/1/5 11666/1/5
f 11671/1/5 11667/1/5 11670/1/5
f 11676/1/5 11673/1/5 11672/1/5
f 11677/1/5 11673/1/5 11676/1/5
f 11678/1/5 11675/1/5 11674/1/5
f 11679/1/5 11675/1/5 11678/1/5
f 11684/1/5 11681/1/5 11680/1/5
f 11685/1/5 11681/1/5 11684/1/5
f 11686/1/5 11683/1/5 11682/1/5
f 11687/1/5 11683/1/5 11686/1/5
f 11692/1/5 11689/1/5 11688/1/5
f 11693/1/5 11689/1/5 11692/1/5
f 11696/1/5 11691/1/5 11690/1/5
f 11697/1/5 11691/1/5 11696/1/5
f 11698/1/5 11694/1/5 11693/1/5
f 11699/1/5 11694/1/5 11698/1/5
f 11702/2/5 11696/2/5 11695/2/5
f 11703/2/5 11696/2/5 11702/2/5
f 11704/1/5 11700/1/5 11699/1/5
f 11705/1/5 11700/1/5 11704/1/5
f 11708/2/5 11702/2/5 11701/2/5
f 11709/2/5 11702/2/5 11708/2/5
f 11710/1/5 11706/1/5 11705/1/5
f 11711/1/5 11706/1/5 11710/1/5
f 11716/2/5 11708/2/5 11707/2/5
f 11717/2/5 11708/2/5 11716/2/5
f 11718/1/5 11713/1/5 11712/1/5
f 11719/1/5 11713/1/5 11718/1/5
f 11724/1/5 11715/1/5 11714/1/5
f 11725/1/5 11715/1/5 11724/1/5
f 11726/1/5 11721/1/5 11720/1/5
f 11727/1/5 11721/1/5 11726/1/5
f 11732/1/5 11723/1/5 11722/1/5
f 11733/1/5 11723/1/5 11732/1/5
f 11734/1/5 11729/1/5 11728/1/5
f 11735/1/5 11729/1/5 11734/1/5
f 11738/1/5 11731/1/5 11730/1/5
f 11739/1/5 11731/1/5 11738/1/5
f 11740/1/5 11737/1/5 11736/1/5
f 11741/1/5 11737/1/5 11740/1/5
f 11759/3/5 11743/3/5 11742/3/5
f 11760/4/5 11744/4/5 11743/4/5
f 11760/4/5 11745/4/5 11744/4/5
f 11760/3/5 11743/3/5 11759/3/5
f 11761/4/5 11745/4/5 11760/4/5
f 11762/3/5 11746/3/5 11745/3/5
f 11762/4/5 11745/4/5 11761/4/5
f 11762/3/5 11747/3/5 11746/3/5
f 11763/3/5 11747/3/5 11762/3/5
f 11764/4/5 11748/4/5 11747/4/5
f 11764/3/5 11747/3/5 11763/3/5
f 11764/4/5 11749/4/5 11748/4/5
f 11765/4/5 11749/4/5 11764/4/5
f 11766/4/5 11749/4/5 11765/4/5
f 11767/4/5 11751/4/5 11750/4/5
f 11767/4/5 11752/4/5 11751/4/5
f 11768/4/5 11752/4/5 11767/4/5
f 11769/3/5 11753/3/5 11752/3/5
f 11769/4/5 11752/4/5 11768/4/5
f 11769/3/5 11754/3/5 11753/3/5
f 11770/3/5 11754/3/5 11769/3/5
f 11771/4/5 11755/4/5 11754/4/5
f 11771/3/5 11754/3/5 11770/3/5
f 11771/4/5 11756/4/5 11755/4/5
f 11772/4/5 11756/4/5 11771/4/5
f 11773/3/5 11757/3/5 11756/3/5
f 11773/4/5 11756/4/5 11772/4/5
f 11774/3/5 11757/3/5 11773/3/5
f 11777/3/5 11759/3/5 11758/3/5
f 11778/4/5 11761/4/5 11760/4/5
f 11778/4/5 11760/4/5 11759/4/5
f 11778/3/5 11759/3/5 11777/3/5
f 11779/4/5 11761/4/5 11778/4/5
f 11780/3/5 11763/3/5 11762/3/5
f 11780/4/5 11761/4/5 11779/4/5
f 11780/3/5 11762/3/5 11761/3/5
f 11781/3/5 11763/3/5 11780/3/5
f 11782/4/5 11765/4/5 11764/4/5
f 11782/3/5 11763/3/5 11781/3/5
f 11782/4/5 11764/4/5 11763/4/5
f 11783/4/5 11765/4/5 11782/4/5
f 11784/4/5 11765/4/5 11783/4/5
f 11785/4/5 11770/4/5 11769/4/5
f 11785/4/5 11769/4/5 11768/4/5
f 11786/4/5 11770/4/5 11785/4/5
f 11787/3/5 11772/3/5 11771/3/5
f 11787/4/5 11770/4/5 11786/4/5
f 11787/3/5 11771/3/5 11770/3/5
f 11788/3/5 11772/3/5 11787/3/5
f 11789/4/5 11773/4/5 11772/4/5
f 11789/3/5 11772/3/5 11788/3/5
f 11789/4/5 11774/4/5 11773/4/5
f 11790/4/5 11774/4/5 11789/4/5
f 11791/3/5 11775/3/5 11774/3/5
f 11791/4/5 11774/4/5 11790/4/5
f 11792/3/5 11775/3/5 11791/3/5
f 11794/3/5 11777/3/5 11776/3/5
f 11795/4/5 11779/4/5 11778/4/5
f 11795/3/5 11777/3/5 11794/3/5
f 11795/4/5 11778/4/5 11777/4/5
f 11796/3/5 11781/3/5 11780/3/5
f 11796/4/5 11779/4/5 11795/4/5
f 11796/3/5 11780/3/5 11779/3/5
f 11797/4/5 11783/4/5 11782/4/5
f 11797/3/5 11781/3/5 11796/3/5
f 11797/4/5 11782/4/5 11781/4/5
f 11798/4/5 11783/4/5 11797/4/5
f 11799/4/5 11788/4/5 11787/4/5
f 11799/4/5 11787/4/5 11786/4/5
f 11800/3/5 11789/3/5 11788/3/5
f 11800/4/5 11788/4/5 11799/4/5
f 11800/3/5 11790/3/5 11789/3/5
f 11801/4/5 11792/4/5 11791/4/5
f 11801/3/5 11790/3/5 11800/3/5
f 11801/4/5 11791/4/5 11790/4/5
f 11802/3/5 11793/3/5 11792/3/5
f 11802/4/5 11792/4/5 11801/4/5
f 11803/3/5 11793/3/5 11802/3/5
f 11810/1/5 11805/1/5 11804/1/5
f 11811/1/5 11805/1/5 11810/1/5
f 11812/1/5 11807/1/5 11806/1/5
f 11813/1/5 11807/1/5 11812/1/5
f 11818/1/5 11809/1/5 11808/1/5
f 11819/1/5 11809/1/5 11818/1/5
f 11820/1/5 11815/1/5 11814/1/5
f 11821/1/5 11815/1/5 11820/1/5
f 11826/1/5 11817/1/5 11816/1/5
f 11827/1/5 11817/1/5 11826/1/5
f 11828/1/5 11823/1/5 11822/1/5
f 11829/1/5 11823/1/5 11828/1/5
f 11832/1/5 11825/1/5 11824/1/5
f 11833/1/5 11825/1/5 11832/1/5
f 11834/1/5 11831/1/5 11830/1/5
f 11835/1/5 11831/1/5 11834/1/5
f 11840/2/5 11837/2/5 11836/2/5
f 11841/2/5 11837/2/5 11840/2/5
f 11842/1/5 11839/1/5 11838/1/5
f 11843/1/5 11839/1/5 11842/1/5
f 11848/2/5 11845/2/5 11844/2/5
f 11849/2/5 11845/2/5 11848/2/5
f 11850/1/5 11847/1/5 11846/1/5
f 11851/1/5 11847/1/5 11850/1/5
f 11856/1/5 11853/1/5 11852/1/5
f 11857/1/5 11853/1/5 11856/1/5
f 11858/1/5 11855/1/5 11854/1/5
f 11859/1/5 11855/1/5 11858/1/5
f 11864/1/5 11861/1/5 11860/1/5
f 11865/1/5 11861/1/5 11864/1/5
f 11866/2/5 11865/2/5 11864/2/5
f 11867/2/5 11866/2/5 11864/2/5
f 11868/2/5 11866/2/5 11867/2/5
f 11869/1/5 11863/1/5 11862/1/5
f 11870/1/5 11863/1/5 11869/1/5
f 11875/2/5 11872/2/5 11871/2/5
f 11876/2/5 11872/2/5 11875/2/5
f 11877/1/5 11874/1/5 11873/1/5
f 11878/1/5 11874/1/5 11877/1/5
f 11883/2/5 11880/2/5 11879/2/5
f 11884/2/5 11880/2/5 11883/2/5
f 11885/1/5 11882/1/5 11881/1/5
f 11886/1/5 11882/1/5 11885/1/5
f 11891/1/5 11888/1/5 11887/1/5
f 11892/1/5 11888/1/5 11891/1/5
f 11893/1/5 11890/1/5 11889/1/5
f 11894/1/5 11890/1/5 11893/1/5
f 11899/1/5 11896/1/5 11895/1/5
f 11900/1/5 11896/1/5 11899/1/5
f 11901/1/5 11898/1/5 11897/1/5
f 11902/1/5 11898/1/5 11901/1/5
f 11907/1/5 11904/1/5 11903/1/5
f 11908/1/5 11904/1/5 11907/1/5
f 11913/1/5 11906/1/5 11905/1/5
f 11914/1/5 11906/1/5 11913/1/5
f 11915/1/5 11910/1/5 11909/1/5
f 11916/1/5 11910/1/5 11915/1/5
f 11921/1/5 11912/1/5 11911/1/5
f 11922/1/5 11912/1/5 11921/1/5
f 11923/1/5 11918/1/5 11917/1/5
f 11924/1/5 11918/1/5 11923/1/5
f 11929/1/5 11920/1/5 11919/1/5
f 11930/1/5 11920/1/5 11929/1/5
f 11931/1/5 11926/1/5 11925/1/5
f 11932/1/5 11926/1/5 11931/1/5
f 11933/1/5 11928/1/5 11927/1/5
f 11934/1/5 11928/1/5 11933/1/5
f 11950/3/5 11936/3/5 11935/3/5
f 11951/4/5 11937/4/5 11936/4/5
f 11951/4/5 11938/4/5 11937/4/5
f 11951/3/5 11936/3/5 11950/3/5
f 11952/4/5 11938/4/5 11951/4/5
f 11953/3/5 11939/3/5 11938/3/5
f 11953/4/5 11938/4/5 11952/4/5
f 11954/3/5 11939/3/5 11953/3/5
f 11955/4/5 11940/4/5 11939/4/5
f 11955/3/5 11939/3/5 11954/3/5
f 11955/4/5 11941/4/5 11940/4/5
f 11956/4/5 11941/4/5 11955/4/5
f 11957/4/5 11941/4/5 11956/4/5
f 11962/4/5 11943/4/5 11942/4/5
f 11962/4/5 11944/4/5 11943/4/5
f 11963/4/5 11944/4/5 11962/4/5
f 11964/3/5 11945/3/5 11944/3/5
f 11964/4/5 11944/4/5 11963/4/5
f 11965/3/5 11945/3/5 11964/3/5
f 11966/4/5 11946/4/5 11945/4/5
f 11966/3/5 11945/3/5 11965/3/5
f 11966/4/5 11947/4/5 11946/4/5
f 11967/4/5 11947/4/5 11966/4/5
f 11968/3/5 11948/3/5 11947/3/5
f 11968/4/5 11947/4/5 11967/4/5
f 11969/3/5 11948/3/5 11968/3/5
f 11971/3/5 11950/3/5 11949/3/5
f 11972/4/5 11952/4/5 11951/4/5
f 11972/3/5 11950/3/5 11971/3/5
f 11972/4/5 11951/4/5 11950/4/5
f 11973/3/5 11954/3/5 11953/3/5
f 11973/4/5 11952/4/5 11972/4/5
f 11973/3/5 11953/3/5 11952/3/5
f 11974/4/5 11955/4/5 11954/4/5
f 11974/3/5 11954/3/5 11973/3/5
f 11974/4/5 11956/4/5 11955/4/5
f 11975/4/5 11956/4/5 11974/4/5
f 11978/1/5 11959/1/5 11958/1/5
f 11979/1/5 11959/1/5 11978/1/5
f 11980/1/5 11961/1/5 11960/1/5
f 11981/1/5 11961/1/5 11980/1/5
f 11984/4/5 11965/4/5 11964/4/5
f 11984/4/5 11964/4/5 11963/4/5
f 11985/3/5 11967/3/5 11966/3/5
f 11985/4/5 11965/4/5 11984/4/5
f 11985/3/5 11966/3/5 11965/3/5
f 11986/4/5 11969/4/5 11968/4/5
f 11986/3/5 11967/3/5 11985/3/5
f 11986/4/5 11968/4/5 11967/4/5
f 11987/3/5 11970/3/5 11969/3/5
f 11987/4/5 11969/4/5 11986/4/5
f 11988/3/5 11970/3/5 11987/3/5
f 11991/1/5 11977/1/5 11976/1/5
f 11992/1/5 11977/1/5 11991/1/5
f 11993/1/5 11983/1/5 11982/1/5
f 11994/1/5 11983/1/5 11993/1/5
f 11997/1/5 11990/1/5 11989/1/5
f 11998/1/5 11990/1/5 11997/1/5
f 11999/1/5 11996/1/5 11995/1/5
f 12000/1/5 11996/1/5 11999/1/5
f 12006/1/5 12002/1/5 12001/1/5
f 12007/1/5 12002/1/5 12006/1/5
f 12008/1/5 12004/1/5 12003/1/5
f 12009/1/5 12004/1/5 12008/1/5
f 12012/2/5 12006/2/5 12005/2/5
f 12013/2/5 12006/2/5 12012/2/5
f 12014/1/5 12010/1/5 12009/1/5
f 12015/1/5 12010/1/5 12014/1/5
f 12017/2/5 12012/2/5 12011/2/5
f 12018/2/5 12012/2/5 12017/2/5
f 12019/1/5 12016/1/5 12015/1/5
f 12020/1/5 12016/1/5 12019/1/5
f 12025/2/5 12022/2/5 12021/2/5
f 12026/2/5 12022/2/5 12025/2/5
f 12027/1/5 12024/1/5 12023/1/5
f 12028/1/5 12024/1/5 12027/1/5
f 12033/2/5 12030/2/5 12029/2/5
f 12034/2/5 12030/2/5 12033/2/5
f 12035/1/5 12032/1/5 12031/1/5
f 12036/1/5 12032/1/5 12035/1/5
f 12041/1/5 12038/1/5 12037/1/5
f 12042/1/5 12038/1/5 12041/1/5
f 12043/1/5 12040/1/5 12039/1/5
f 12044/1/5 12040/1/5 12043/1/5
f 12049/2/5 12046/2/5 12045/2/5
f 12050/2/5 12046/2/5 12049/2/5
f 12051/1/5 12048/1/5 12047/1/5
f 12052/1/5 12048/1/5 12051/1/5
f 12057/2/5 12054/2/5 12053/2/5
f 12058/2/5 12054/2/5 12057/2/5
f 12059/1/5 12056/1/5 12055/1/5
f 12060/1/5 12056/1/5 12059/1/5
f 12065/1/5 12062/1/5 12061/1/5
f 12066/1/5 12062/1/5 12065/1/5
f 12067/1/5 12064/1/5 12063/1/5
f 12068/1/5 12064/1/5 12067/1/5
f 12073/1/5 12070/1/5 12069/1/5
f 12074/1/5 12070/1/5 12073/1/5
f 12077/2/5 12072/2/5 12071/2/5
f 12078/2/5 12072/2/5 12077/2/5
f 12079/1/5 12075/1/5 12074/1/5
f 12080/1/5 12075/1/5 12079/1/5
f 12083/2/5 12077/2/5 12076/2/5
f 12084/2/5 12077/2/5 12083/2/5
f 12085/1/5 12081/1/5 12080/1/5
f 12086/1/5 12081/1/5 12085/1/5
f 12087/2/5 12083/2/5 12082/2/5
f 12088/2/5 12083/2/5 12087/2/5
f 12093/1/5 12090/1/5 12089/1/5
f 12094/1/5 12090/1/5 12093/1/5
f 12099/1/5 12092/1/5 12091/1/5
f 12100/1/5 12092/1/5 12099/1/5
f 12101/1/5 12096/1/5 12095/1/5
f 12102/1/5 12096/1/5 12101/1/5
f 12107/1/5 12098/1/5 12097/1/5
f 12108/1/5 12098/1/5 12107/1/5
f 12109/1/5 12104/1/5 12103/1/5
f 12110/1/5 12104/1/5 12109/1/5
f 12111/1/5 12106/1/5 12105/1/5
f 12112/1/5 12106/1/5 12111/1/5
f 12126/1/5 12114/1/5 12113/1/5
f 12127/1/5 12114/1/5 12126/1/5
f 12128/1/5 12116/1/5 12115/1/5
f 12129/1/5 12116/1/5 12128/1/5
f 12139/3/5 12118/3/5 12117/3/5
f 12140/4/5 12119/4/5 12118/4/5
f 12140/3/5 12118/3/5 12139/3/5
f 12141/4/5 12122/4/5 12121/4/5
f 12141/4/5 12123/4/5 12122/4/5
f 12142/4/5 12123/4/5 12141/4/5
f 12143/1/5 12125/1/5 12124/1/5
f 12144/1/5 12125/1/5 12143/1/5
f 12145/1/5 12131/1/5 12130/1/5
f 12146/1/5 12131/1/5 12145/1/5
f 12147/4/5 12133/4/5 12132/4/5
f 12148/4/5 12133/4/5 12147/4/5
f 12149/3/5 12137/3/5 12136/3/5
f 12149/4/5 12136/4/5 12135/4/5
f 12150/3/5 12137/3/5 12149/3/5
f 12152/4/5 12119/4/5 12140/4/5
f 12152/4/5 12140/4/5 12139/4/5
f 12153/3/5 12120/3/5 12119/3/5
f 12153/4/5 12119/4/5 12152/4/5
f 12153/3/5 12121/3/5 12120/3/5
f 12158/4/5 12133/4/5 12148/4/5
f 12158/3/5 12135/3/5 12134/3/5
f 12158/3/5 12134/3/5 12133/3/5
f 12159/3/5 12135/3/5 12158/3/5
f 12160/4/5 12150/4/5 12149/4/5
f 12160/3/5 12135/3/5 12159/3/5
f 12160/4/5 12149/4/5 12135/4/5
f 12161/4/5 12150/4/5 12160/4/5
f 12163/3/5 12139/3/5 12138/3/5
f 12164/4/5 12152/4/5 12139/4/5
f 12164/3/5 12139/3/5 12163/3/5
f 12165/4/5 12141/4/5 12121/4/5
f 12166/4/5 12141/4/5 12165/4/5
f 12167/1/5 12155/1/5 12154/1/5
f 12168/1/5 12155/1/5 12167/1/5
f 12169/1/5 12157/1/5 12156/1/5
f 12170/1/5 12157/1/5 12169/1/5
f 12171/4/5 12159/4/5 12158/4/5
f 12171/4/5 12158/4/5 12148/4/5
f 12172/4/5 12159/4/5 12171/4/5
f 12173/3/5 12151/3/5 12150/3/5
f 12173/4/5 12150/4/5 12161/4/5
f 12174/3/5 12151/3/5 12173/3/5
f 12176/3/5 12163/3/5 12162/3/5
f 12177/4/5 12164/4/5 12163/4/5
f 12177/3/5 12163/3/5 12176/3/5
f 12178/4/5 12152/4/5 12164/4/5
f 12178/4/5 12164/4/5 12177/4/5
f 12178/3/5 12153/3/5 12152/3/5
f 12179/3/5 12121/3/5 12153/3/5
f 12179/3/5 12153/3/5 12178/3/5
f 12179/4/5 12165/4/5 12121/4/5
f 12180/4/5 12165/4/5 12179/4/5
f 12181/4/5 12159/4/5 12172/4/5
f 12182/3/5 12160/3/5 12159/3/5
f 12182/4/5 12159/4/5 12181/4/5
f 12182/3/5 12161/3/5 12160/3/5
f 12183/4/5 12174/4/5 12173/4/5
f 12183/3/5 12161/3/5 12182/3/5
f 12183/4/5 12173/4/5 12161/4/5
f 12184/3/5 12175/3/5 12174/3/5
f 12184/4/5 12174/4/5 12183/4/5
f 12185/3/5 12175/3/5 12184/3/5
f 12190/2/5 12187/2/5 12186/2/5
f 12191/2/5 12187/2/5 12190/2/5
f 12192/1/5 12189/1/5 12188/1/5
f 12193/1/5 12189/1/5 12192/1/5
f 12198/2/5 12195/2/5 12194/2/5
f 12199/2/5 12195/2/5 12198/2/5
f 12200/1/5 12197/1/5 12196/1/5
f 12201/1/5 12197/1/5 12200/1/5
f 12206/1/5 12203/1/5 12202/1/5
f 12207/1/5 12203/1/5 12206/1/5
f 12208/1/5 12205/1/5 12204/1/5
f 12209/1/5 12205/1/5 12208/1/5
f 12214/2/5 12211/2/5 12210/2/5
f 12215/2/5 12211/2/5 12214/2/5
f 12216/1/5 12213/1/5 12212/1/5
f 12217/1/5 12213/1/5 12216/1/5
f 12222/2/5 12219/2/5 12218/2/5
f 12223/2/5 12219/2/5 12222/2/5
f 12224/1/5 12221/1/5 12220/1/5
f 12225/1/5 12221/1/5 12224/1/5
f 12230/1/5 12227/1/5 12226/1/5
f 12231/1/5 12227/1/5 12230/1/5
f 12232/1/5 12229/1/5 12228/1/5
f 12233/1/5 12229/1/5 12232/1/5
f 12238/1/5 12235/1/5 12234/1/5
f 12239/1/5 12235/1/5 12238/1/5
f 12240/1/5 12237/1/5 12236/1/5
f 12241/1/5 12237/1/5 12240/1/5
f 12246/2/5 12243/2/5 12242/2/5
f 12247/2/5 12243/2/5 12246/2/5
f 12252/1/5 12245/1/5 12244/1/5
f 12253/1/5 12245/1/5 12252/1/5
f 12254/1/5 12249/1/5 12248/1/5
f 12255/1/5 12249/1/5 12254/1/5
f 12256/1/5 12251/1/5 12250/1/5
f 12257/1/5 12251/1/5 12256/1/5
f 12264/1/5 12259/1/5 12258/1/5
f 12265/2/5 12260/2/5 12259/2/5
f 12265/1/5 12259/1/5 12264/1/5
f 12266/1/5 12261/1/5 12260/1/5
f 12266/2/5 12260/2/5 12265/2/5
f 12267/1/5 12261/1/5 12266/1/5
f 12270/1/5 12263/1/5 12262/1/5
f 12271/1/5 12263/1/5 12270/1/5
f 12272/1/5 12269/1/5 12268/1/5
f 12273/1/5 12269/1/5 12272/1/5
f 12278/1/5 12275/1/5 12274/1/5
f 12279/1/5 12275/1/5 12278/1/5
f 12280/1/5 12277/1/5 12276/1/5
f 12281/1/5 12277/1/5 12280/1/5
f 12297/3/5 12283/3/5 12282/3/5
f 12298/4/5 12284/4/5 12283/4/5
f 12298/3/5 12283/3/5 12297/3/5
f 12299/4/5 12290/4/5 12289/4/5
f 12299/4/5 12291/4/5 12290/4/5
f 12299/3/5 12292/3/5 12291/3/5
f 12299/3/5 12293/3/5 12292/3/5
f 12300/3/5 12293/3/5 12299/3/5
f 12301/3/5 12295/3/5 12294/3/5
f 12301/4/5 12294/4/5 12293/4/5
f 12302/3/5 12295/3/5 12301/3/5
f 12304/3/5 12297/3/5 12296/3/5
f 12305/4/5 12298/4/5 12297/4/5
f 12305/3/5 12297/3/5 12304/3/5
f 12306/3/5 12285/3/5 12284/3/5
f 12306/4/5 12298/4/5 12305/4/5
f 12306/3/5 12286/3/5 12285/3/5
f 12306/4/5 12284/4/5 12298/4/5
f 12307/4/5 12288/4/5 12287/4/5
f 12307/3/5 12286/3/5 12306/3/5
f 12307/4/5 12287/4/5 12286/4/5
f 12308/4/5 12288/4/5 12307/4/5
f 12313/4/5 12299/4/5 12289/4/5
f 12313/4/5 12300/4/5 12299/4/5
f 12314/3/5 12293/3/5 12300/3/5
f 12314/4/5 12300/4/5 12313/4/5
f 12315/4/5 12302/4/5 12301/4/5
f 12315/3/5 12293/3/5 12314/3/5
f 12315/4/5 12301/4/5 12293/4/5
f 12316/3/5 12303/3/5 12302/3/5
f 12316/4/5 12302/4/5 12315/4/5
f 12317/3/5 12303/3/5 12316/3/5
f 12318/2/5 12310/2/5 12309/2/5
f 12319/2/5 12310/2/5 12318/2/5
f 12320/1/5 12312/1/5 12311/1/5
f 12321/1/5 12312/1/5 12320/1/5
f 12326/1/5 12323/1/5 12322/1/5
f 12327/1/5 12323/1/5 12326/1/5
f 12328/1/5 12325/1/5 12324/1/5
f 12329/1/5 12325/1/5 12328/1/5
f 12334/2/5 12331/2/5 12330/2/5
f 12335/2/5 12331/2/5 12334/2/5
f 12336/1/5 12333/1/5 12332/1/5
f 12337/1/5 12333/1/5 12336/1/5
f 12342/2/5 12339/2/5 12338/2/5
f 12343/2/5 12339/2/5 12342/2/5
f 12344/1/5 12341/1/5 12340/1/5
f 12345/1/5 12341/1/5 12344/1/5
f 12350/1/5 12347/1/5 12346/1/5
f 12351/1/5 12347/1/5 12350/1/5
f 12352/1/5 12349/1/5 12348/1/5
f 12353/1/5 12349/1/5 12352/1/5
f 12358/2/5 12355/2/5 12354/2/5
f 12359/2/5 12355/2/5 12358/2/5
f 12360/1/5 12357/1/5 12356/1/5
f 12361/1/5 12357/1/5 12360/1/5
f 12366/1/5 12363/1/5 12362/1/5
f 12367/1/5 12363/1/5 12366/1/5
f 12370/1/5 12365/1/5 12364/1/5
f 12371/1/5 12365/1/5 12370/1/5
f 12372/1/5 12369/1/5 12368/1/5
f 12373/1/5 12369/1/5 12372/1/5
f 12378/1/5 12375/1/5 12374/1/5
f 12379/1/5 12375/1/5 12378/1/5
f 12380/1/5 12377/1/5 12376/1/5
f 12381/1/5 12377/1/5 12380/1/5
f 12387/2/5 12383/2/5 12382/2/5
f 12388/2/5 12383/2/5 12387/2/5
f 12389/1/5 12385/1/5 12384/1/5
f 12390/1/5 12385/1/5 12389/1/5
f 12392/2/5 12387/2/5 12386/2/5
f 12393/2/5 12387/2/5 12392/2/5
f 12394/1/5 12391/1/5 12390/1/5
f 12395/1/5 12391/1/5 12394/1/5
f 12406/4/5 12398/4/5 12397/4/5
f 12407/3/5 12399/3/5 12398/3/5
f 12407/4/5 12398/4/5 12406/4/5
f 12408/3/5 12399/3/5 12407/3/5
f 12409/4/5 12400/4/5 12399/4/5
f 12409/3/5 12399/3/5 12408/3/5
f 12410/3/5 12403/3/5 12402/3/5
f 12410/4/5 12404/4/5 12403/4/5
f 12411/4/5 12404/4/5 12410/4/5
f 12413/3/5 12397/3/5 12396/3/5
f 12414/4/5 12406/4/5 12397/4/5
f 12414/3/5 12397/3/5 12413/3/5
f 12415/4/5 12402/4/5 12401/4/5
f 12416/4/5 12402/4/5 12415/4/5
f 12417/4/5 12404/4/5 12411/4/5
f 12417/3/5 12405/3/5 12404/3/5
f 12418/3/5 12405/3/5 12417/3/5
f 12420/4/5 12406/4/5 12414/4/5
f 12420/4/5 12414/4/5 12413/4/5
f 12421/3/5 12408/3/5 12407/3/5
f 12421/4/5 12406/4/5 12420/4/5
f 12421/3/5 12407/3/5 12406/3/5
f 12422/3/5 12408/3/5 12421/3/5
f 12423/4/5 12409/4/5 12408/4/5
f 12423/3/5 12408/3/5 12422/3/5
f 12424/4/5 12402/4/5 12416/4/5
f 12424/3/5 12410/3/5 12402/3/5
f 12424/3/5 12411/3/5 12410/3/5
f 12425/3/5 12411/3/5 12424/3/5
f 12426/4/5 12418/4/5 12417/4/5
f 12426/3/5 12411/3/5 12425/3/5
f 12426/4/5 12417/4/5 12411/4/5
f 12427/4/5 12418/4/5 12426/4/5
f 12428/4/5 12409/4/5 12423/4/5
f 12428/4/5 12400/4/5 12409/4/5
f 12428/4/5 12423/4/5 12422/4/5
f 12429/4/5 12400/4/5 12428/4/5
f 12430/4/5 12425/4/5 12424/4/5
f 12430/4/5 12424/4/5 12416/4/5
f 12431/4/5 12425/4/5 12430/4/5
f 12432/3/5 12413/3/5 12412/3/5
f 12433/4/5 12420/4/5 12413/4/5
f 12433/3/5 12413/3/5 12432/3/5
f 12434/3/5 12422/3/5 12421/3/5
f 12434/4/5 12420/4/5 12433/4/5
f 12434/3/5 12421/3/5 12420/3/5
f 12435/4/5 12428/4/5 12422/4/5
f 12435/3/5 12422/3/5 12434/3/5
f 12436/4/5 12428/4/5 12435/4/5
f 12441/4/5 12425/4/5 12431/4/5
f 12442/3/5 12427/3/5 12426/3/5
f 12442/4/5 12425/4/5 12441/4/5
f 12442/3/5 12426/3/5 12425/3/5
f 12443/4/5 12418/4/5 12427/4/5
f 12443/3/5 12427/3/5 12442/3/5
f 12444/3/5 12419/3/5 12418/3/5
f 12444/4/5 12418/4/5 12443/4/5
f 12445/3/5 12419/3/5 12444/3/5
f 12446/1/5 12438/1/5 12437/1/5
f 12447/1/5 12438/1/5 12446/1/5
f 12448/1/5 12440/1/5 12439/1/5
f 12449/1/5 12440/1/5 12448/1/5
f 12454/2/5 12451/2/5 12450/2/5
f 12455/2/5 12451/2/5 12454/2/5
f 12456/1/5 12453/1/5 12452/1/5
f 12457/1/5 12453/1/5 12456/1/5
f 12462/1/5 12459/1/5 12458/1/5
f 12463/1/5 12459/1/5 12462/1/5
f 12466/1/5 12461/1/5 12460/1/5
f 12467/1/5 12461/1/5 12466/1/5
f 12468/1/5 12464/1/5 12463/1/5
f 12469/1/5 12464/1/5 12468/1/5
f 12470/1/5 12466/1/5 12465/1/5
f 12471/1/5 12466/1/5 12470/1/5
f 12476/1/5 12473/1/5 12472/1/5
f 12477/1/5 12473/1/5 12476/1/5
f 12478/1/5 12475/1/5 12474/1/5
f 12479/1/5 12475/1/5 12478/1/5
f 12484/1/5 12481/1/5 12480/1/5
f 12485/1/5 12481/1/5 12484/1/5
f 12486/1/5 12483/1/5 12482/1/5
f 12487/1/5 12483/1/5 12486/1/5
f 12492/1/5 12489/1/5 12488/1/5
f 12493/1/5 12489/1/5 12492/1/5
f 12494/1/5 12491/1/5 12490/1/5
f 12495/1/5 12491/1/5 12494/1/5
f 12500/2/5 12497/2/5 12496/2/5
f 12501/2/5 12497/2/5 12500/2/5
f 12502/1/5 12499/1/5 12498/1/5
f 12503/1/5 12499/1/5 12502/1/5
f 12508/2/5 12505/2/5 12504/2/5
f 12509/2/5 12505/2/5 12508/2/5
f 12510/1/5 12507/1/5 12506/1/5
f 12511/1/5 12507/1/5 12510/1/5
f 12516/1/5 12513/1/5 12512/1/5
f 12517/1/5 12513/1/5 12516/1/5
f 12518/1/5 12515/1/5 12514/1/5
f 12519/1/5 12515/1/5 12518/1/5
f 12524/1/5 12521/1/5 12520/1/5
f 12525/1/5 12521/1/5 12524/1/5
f 12526/1/5 12523/1/5 12522/1/5
f 12527/1/5 12523/1/5 12526/1/5
f 12532/1/5 12529/1/5 12528/1/5
f 12533/1/5 12529/1/5 12532/1/5
f 12534/1/5 12531/1/5 12530/1/5
f 12535/1/5 12531/1/5 12534/1/5
f 12540/2/5 12537/2/5 12536/2/5
f 12541/2/5 12537/2/5 12540/2/5
f 12542/1/5 12539/1/5 12538/1/5
f 12543/1/5 12539/1/5 12542/1/5
f 12548/1/5 12545/1/5 12544/1/5
f 12549/1/5 12545/1/5 12548/1/5
f 12550/1/5 12547/1/5 12546/1/5
f 12551/1/5 12547/1/5 12550/1/5
f 12556/1/5 12553/1/5 12552/1/5
f 12557/1/5 12553/1/5 12556/1/5
f 12558/1/5 12555/1/5 12554/1/5
f 12559/1/5 12555/1/5 12558/1/5
f 12570/3/5 12561/3/5 12560/3/5
f 12571/4/5 12562/4/5 12561/4/5
f 12571/3/5 12561/3/5 12570/3/5
f 12572/3/5 12563/3/5 12562/3/5
f 12572/4/5 12562/4/5 12571/4/5
f 12573/4/5 12564/4/5 12563/4/5
f 12573/3/5 12563/3/5 12572/3/5
f 12574/4/5 12564/4/5 12573/4/5
f 12575/4/5 12566/4/5 12565/4/5
f 12576/3/5 12567/3/5 12566/3/5
f 12576/4/5 12566/4/5 12575/4/5
f 12577/4/5 12568/4/5 12567/4/5
f 12577/3/5 12567/3/5 12576/3/5
f 12578/3/5 12569/3/5 12568/3/5
f 12578/4/5 12568/4/5 12577/4/5
f 12579/3/5 12569/3/5 12578/3/5
f 12584/2/5 12581/2/5 12580/2/5
f 12585/2/5 12581/2/5 12584/2/5
f 12586/1/5 12583/1/5 12582/1/5
f 12587/1/5 12583/1/5 12586/1/5
f 12592/2/5 12589/2/5 12588/2/5
f 12593/2/5 12589/2/5 12592/2/5
f 12594/1/5 12591/1/5 12590/1/5
f 12595/1/5 12591/1/5 12594/1/5
f 12606/3/5 12597/3/5 12596/3/5
f 12607/4/5 12598/4/5 12597/4/5
f 12607/3/5 12597/3/5 12606/3/5
f 12608/3/5 12599/3/5 12598/3/5
f 12608/4/5 12598/4/5 12607/4/5
f 12609/4/5 12600/4/5 12599/4/5
f 12609/3/5 12599/3/5 12608/3/5
f 12610/4/5 12600/4/5 12609/4/5
f 12611/4/5 12602/4/5 12601/4/5
f 12612/3/5 12603/3/5 12602/3/5
f 12612/4/5 12602/4/5 12611/4/5
f 12613/4/5 12604/4/5 12603/4/5
f 12613/3/5 12603/3/5 12612/3/5
f 12614/3/5 12605/3/5 12604/3/5
f 12614/4/5 12604/4/5 12613/4/5
f 12615/3/5 12605/3/5 12614/3/5
f 12626/3/5 12617/3/5 12616/3/5
f 12627/4/5 12618/4/5 12617/4/5
f 12627/3/5 12617/3/5 12626/3/5
f 12628/4/5 12618/4/5 12627/4/5
f 12629/3/5 12619/3/5 12618/3/5
f 12629/4/5 12618/4/5 12628/4/5
f 12630/3/5 12619/3/5 12629/3/5
f 12631/4/5 12620/4/5 12619/4/5
f 12631/3/5 12619/3/5 12630/3/5
f 12632/4/5 12620/4/5 12631/4/5
f 12633/4/5 12620/4/5 12632/4/5
f 12636/4/5 12622/4/5 12621/4/5
f 12637/3/5 12623/3/5 12622/3/5
f 12637/4/5 12622/4/5 12636/4/5
f 12638/3/5 12623/3/5 12637/3/5
f 12639/4/5 12624/4/5 12623/4/5
f 12639/3/5 12623/3/5 12638/3/5
f 12640/4/5 12624/4/5 12639/4/5
f 12641/3/5 12625/3/5 12624/3/5
f 12641/4/5 12624/4/5 12640/4/5
f 12642/3/5 12625/3/5 12641/3/5
f 12644/4/5 12636/4/5 12635/4/5
f 12645/3/5 12628/3/5 12627/3/5
f 12646/4/5 12630/4/5 12629/4/5
f 12646/3/5 12628/3/5 12645/3/5
f 12646/4/5 12629/4/5 12628/4/5
f 12647/3/5 12631/3/5 12630/3/5
f 12647/4/5 12630/4/5 12646/4/5
f 12647/3/5 12632/3/5 12631/3/5
f 12648/4/5 12634/4/5 12633/4/5
f 12648/3/5 12632/3/5 12647/3/5
f 12648/4/5 12633/4/5 12632/4/5
f 12649/4/5 12634/4/5 12648/4/5
f 12650/4/5 12644/4/5 12643/4/5
f 12651/3/5 12638/3/5 12637/3/5
f 12651/4/5 12644/4/5 12650/4/5
f 12651/4/5 12636/4/5 12644/4/5
f 12651/3/5 12637/3/5 12636/3/5
f 12652/4/5 12640/4/5 12639/4/5
f 12652/3/5 12638/3/5 12651/3/5
f 12652/4/5 12639/4/5 12638/4/5
f 12653/3/5 12641/3/5 12640/3/5
f 12653/4/5 12640/4/5 12652/4/5
f 12654/3/5 12641/3/5 12653/3/5
f 12668/3/5 12656/3/5 12655/3/5
f 12669/4/5 12657/4/5 12656/4/5
f 12669/3/5 12656/3/5 12668/3/5
f 12669/4/5 12658/4/5 12657/4/5
f 12670/4/5 12658/4/5 12669/4/5
f 12671/4/5 12666/4/5 12665/4/5
f 12671/4/5 12665/4/5 12664/4/5
f 12672/3/5 12667/3/5 12666/3/5
f 12672/4/5 12666/4/5 12671/4/5
f 12673/3/5 12667/3/5 12672/3/5
f 12674/3/5 12670/3/5 12669/3/5
f 12675/4/5 12658/4/5 12670/4/5
f 12675/3/5 12670/3/5 12674/3/5
f 12676/3/5 12659/3/5 12658/3/5
f 12676/4/5 12658/4/5 12675/4/5
f 12676/3/5 12660/3/5 12659/3/5
f 12677/4/5 12661/4/5 12660/4/5
f 12677/3/5 12660/3/5 12676/3/5
f 12678/4/5 12661/4/5 12677/4/5
f 12679/4/5 12663/4/5 12662/4/5
f 12680/3/5 12664/3/5 12663/3/5
f 12680/4/5 12663/4/5 12679/4/5
f 12681/4/5 12671/4/5 12664/4/5
f 12681/3/5 12664/3/5 12680/3/5
f 12682/3/5 12672/3/5 12671/3/5
f 12682/4/5 12671/4/5 12681/4/5
f 12683/3/5 12672/3/5 12682/3/5
f 12697/3/5 12685/3/5 12684/3/5
f 12698/4/5 12686/4/5 12685/4/5
f 12698/3/5 12685/3/5 12697/3/5
f 12699/4/5 12686/4/5 12698/4/5
f 12700/3/5 12687/3/5 12686/3/5
f 12700/4/5 12686/4/5 12699/4/5
f 12701/3/5 12687/3/5 12700/3/5
f 12702/4/5 12688/4/5 12687/4/5
f 12702/3/5 12687/3/5 12701/3/5
f 12702/4/5 12689/4/5 12688/4/5
f 12703/4/5 12689/4/5 12702/4/5
f 12704/4/5 12689/4/5 12703/4/5
f 12706/4/5 12691/4/5 12690/4/5
f 12706/4/5 12692/4/5 12691/4/5
f 12707/3/5 12693/3/5 12692/3/5
f 12707/4/5 12692/4/5 12706/4/5
f 12707/3/5 12694/3/5 12693/3/5
f 12708/3/5 12694/3/5 12707/3/5
f 12709/4/5 12695/4/5 12694/4/5
f 12709/3/5 12694/3/5 12708/3/5
f 12710/4/5 12695/4/5 12709/4/5
f 12711/3/5 12696/3/5 12695/3/5
f 12711/4/5 12695/4/5 12710/4/5
f 12712/3/5 12696/3/5 12711/3/5
f 12713/3/5 12699/3/5 12698/3/5
f 12714/4/5 12701/4/5 12700/4/5
f 12714/3/5 12699/3/5 12713/3/5
f 12714/4/5 12700/4/5 12699/4/5
f 12715/4/5 12701/4/5 12714/4/5
f 12716/3/5 12703/3/5 12702/3/5
f 12716/4/5 12701/4/5 12715/4/5
f 12716/3/5 12702/3/5 12701/3/5
f 12717/3/5 12703/3/5 12716/3/5
f 12718/4/5 12705/4/5 12704/4/5
f 12718/4/5 12704/4/5 12703/4/5
f 12721/4/5 12706/4/5 12690/4/5
f 12722/3/5 12708/3/5 12707/3/5
f 12722/3/5 12707/3/5 12706/3/5
f 12722/4/5 12706/4/5 12721/4/5
f 12723/3/5 12708/3/5 12722/3/5
f 12724/4/5 12710/4/5 12709/4/5
f 12724/3/5 12708/3/5 12723/3/5
f 12724/4/5 12709/4/5 12708/4/5
f 12725/4/5 12710/4/5 12724/4/5
f 12726/3/5 12711/3/5 12710/3/5
f 12726/4/5 12710/4/5 12725/4/5
f 12727/3/5 12711/3/5 12726/3/5
f 12728/3/5 12715/3/5 12714/3/5
f 12729/4/5 12717/4/5 12716/4/5
f 12729/3/5 12715/3/5 12728/3/5
f 12729/4/5 12716/4/5 12715/4/5
f 12730/3/5 12703/3/5 12717/3/5
f 12730/4/5 12717/4/5 12729/4/5
f 12731/4/5 12719/4/5 12718/4/5
f 12731/3/5 12703/3/5 12730/3/5
f 12731/4/5 12718/4/5 12703/4/5
f 12732/4/5 12719/4/5 12731/4/5
f 12733/4/5 12721/4/5 12720/4/5
f 12734/3/5 12723/3/5 12722/3/5
f 12734/4/5 12721/4/5 12733/4/5
f 12734/3/5 12722/3/5 12721/3/5
f 12735/4/5 12725/4/5 12724/4/5
f 12735/3/5 12723/3/5 12734/3/5
f 12735/4/5 12724/4/5 12723/4/5
f 12736/3/5 12726/3/5 12725/3/5
f 12736/4/5 12725/4/5 12735/4/5
f 12737/3/5 12726/3/5 12736/3/5
f 12748/3/5 12739/3/5 12738/3/5
f 12749/4/5 12740/4/5 12739/4/5
f 12749/3/5 12739/3/5 12748/3/5
f 12750/4/5 12740/4/5 12749/4/5
f 12751/3/5 12741/3/5 12740/3/5
f 12751/4/5 12740/4/5 12750/4/5
f 12752/3/5 12741/3/5 12751/3/5
f 12753/4/5 12742/4/5 12741/4/5
f 12753/3/5 12741/3/5 12752/3/5
f 12754/4/5 12742/4/5 12753/4/5
f 12755/4/5 12742/4/5 12754/4/5
f 12758/4/5 12744/4/5 12743/4/5
f 12759/3/5 12745/3/5 12744/3/5
f 12760/4/5 12746/4/5 12745/4/5
f 12760/3/5 12745/3/5 12759/3/5
f 12761/4/5 12746/4/5 12760/4/5
f 12762/3/5 12747/3/5 12746/3/5
f 12762/4/5 12746/4/5 12761/4/5
f 12763/3/5 12747/3/5 12762/3/5
f 12764/3/5 12750/3/5 12749/3/5
f 12765/4/5 12752/4/5 12751/4/5
f 12765/3/5 12750/3/5 12764/3/5
f 12765/4/5 12751/4/5 12750/4/5
f 12766/3/5 12753/3/5 12752/3/5
f 12766/4/5 12752/4/5 12765/4/5
f 12766/3/5 12754/3/5 12753/3/5
f 12767/4/5 12756/4/5 12755/4/5
f 12767/3/5 12754/3/5 12766/3/5
f 12767/4/5 12755/4/5 12754/4/5
f 12768/4/5 12756/4/5 12767/4/5
f 12769/4/5 12758/4/5 12757/4/5
f 12770/3/5 12759/3/5 12744/3/5
f 12770/4/5 12758/4/5 12769/4/5
f 12770/4/5 12744/4/5 12758/4/5
f 12771/4/5 12761/4/5 12760/4/5
f 12771/3/5 12759/3/5 12770/3/5
f 12771/4/5 12760/4/5 12759/4/5
f 12772/3/5 12762/3/5 12761/3/5
f 12772/4/5 12761/4/5 12771/4/5
f 12773/3/5 12762/3/5 12772/3/5
f 12787/3/5 12775/3/5 12774/3/5
f 12788/4/5 12776/4/5 12775/4/5
f 12788/3/5 12775/3/5 12787/3/5
f 12788/4/5 12777/4/5 12776/4/5
f 12789/4/5 12777/4/5 12788/4/5
f 12790/3/5 12778/3/5 12777/3/5
f 12790/4/5 12777/4/5 12789/4/5
f 12791/3/5 12778/3/5 12790/3/5
f 12792/4/5 12779/4/5 12778/4/5
f 12792/3/5 12778/3/5 12791/3/5
f 12792/4/5 12780/4/5 12779/4/5
f 12793/4/5 12780/4/5 12792/4/5
f 12794/4/5 12782/4/5 12781/4/5
f 12795/3/5 12783/3/5 12782/3/5
f 12795/4/5 12782/4/5 12794/4/5
f 12796/3/5 12783/3/5 12795/3/5
f 12797/4/5 12785/4/5 12784/4/5
f 12797/3/5 12783/3/5 12796/3/5
f 12797/4/5 12784/4/5 12783/4/5
f 12798/4/5 12785/4/5 12797/4/5
f 12799/3/5 12786/3/5 12785/3/5
f 12799/4/5 12785/4/5 12798/4/5
f 12800/3/5 12786/3/5 12799/3/5
f 12801/3/5 12789/3/5 12788/3/5
f 12802/4/5 12791/4/5 12790/4/5
f 12802/3/5 12789/3/5 12801/3/5
f 12802/4/5 12790/4/5 12789/4/5
f 12803/4/5 12791/4/5 12802/4/5
f 12804/3/5 12792/3/5 12791/3/5
f 12804/4/5 12791/4/5 12803/4/5
f 12804/3/5 12793/3/5 12792/3/5
f 12805/3/5 12793/3/5 12804/3/5
f 12806/4/5 12780/4/5 12793/4/5
f 12806/3/5 12793/3/5 12805/3/5
f 12807/4/5 12780/4/5 12806/4/5
f 12809/4/5 12794/4/5 12781/4/5
f 12810/4/5 12794/4/5 12809/4/5
f 12811/3/5 12796/3/5 12795/3/5
f 12811/4/5 12794/4/5 12810/4/5
f 12811/3/5 12795/3/5 12794/3/5
f 12812/3/5 12796/3/5 12811/3/5
f 12813/4/5 12798/4/5 12797/4/5
f 12813/3/5 12796/3/5 12812/3/5
f 12813/4/5 12797/4/5 12796/4/5
f 12814/4/5 12798/4/5 12813/4/5
f 12815/3/5 12799/3/5 12798/3/5
f 12815/4/5 12798/4/5 12814/4/5
f 12816/3/5 12799/3/5 12815/3/5
f 12817/3/5 12803/3/5 12802/3/5
f 12818/4/5 12805/4/5 12804/4/5
f 12818/3/5 12803/3/5 12817/3/5
f 12818/4/5 12804/4/5 12803/4/5
f 12819/3/5 12806/3/5 12805/3/5
f 12819/4/5 12805/4/5 12818/4/5
f 12819/3/5 12807/3/5 12806/3/5
f 12820/4/5 12780/4/5 12807/4/5
f 12820/3/5 12807/3/5 12819/3/5
f 12821/4/5 12780/4/5 12820/4/5
f 12822/4/5 12810/4/5 12809/4/5
f 12822/4/5 12809/4/5 12808/4/5
f 12823/3/5 12812/3/5 12811/3/5
f 12823/4/5 12810/4/5 12822/4/5
f 12823/3/5 12811/3/5 12810/3/5
f 12824/4/5 12814/4/5 12813/4/5
f 12824/3/5 12812/3/5 12823/3/5
f 12824/4/5 12813/4/5 12812/4/5
f 12825/3/5 12815/3/5 12814/3/5
f 12825/4/5 12814/4/5 12824/4/5
f 12826/3/5 12815/3/5 12825/3/5
f 12843/3/5 12828/3/5 12827/3/5
f 12844/4/5 12829/4/5 12828/4/5
f 12844/3/5 12828/3/5 12843/3/5
f 12844/4/5 12830/4/5 12829/4/5
f 12845/4/5 12830/4/5 12844/4/5
f 12846/3/5 12831/3/5 12830/3/5
f 12846/4/5 12830/4/5 12845/4/5
f 12846/3/5 12832/3/5 12831/3/5
f 12847/3/5 12832/3/5 12846/3/5
f 12848/4/5 12833/4/5 12832/4/5
f 12848/3/5 12832/3/5 12847/3/5
f 12848/4/5 12834/4/5 12833/4/5
f 12849/4/5 12834/4/5 12848/4/5
f 12850/4/5 12834/4/5 12849/4/5
f 12853/4/5 12836/4/5 12835/4/5
f 12853/4/5 12837/4/5 12836/4/5
f 12854/4/5 12837/4/5 12853/4/5
f 12855/3/5 12838/3/5 12837/3/5
f 12855/4/5 12837/4/5 12854/4/5
f 12855/3/5 12839/3/5 12838/3/5
f 12856/3/5 12839/3/5 12855/3/5
f 12857/4/5 12841/4/5 12840/4/5
f 12857/3/5 12839/3/5 12856/3/5
f 12857/4/5 12840/4/5 12839/4/5
f 12858/4/5 12841/4/5 12857/4/5
f 12859/3/5 12842/3/5 12841/3/5
f 12859/4/5 12841/4/5 12858/4/5
f 12860/3/5 12842/3/5 12859/3/5
f 12861/3/5 12845/3/5 12844/3/5
f 12862/4/5 12847/4/5 12846/4/5
f 12862/3/5 12845/3/5 12861/3/5
f 12862/4/5 12846/4/5 12845/4/5
f 12863/4/5 12847/4/5 12862/4/5
f 12864/3/5 12848/3/5 12847/3/5
f 12864/4/5 12847/4/5 12863/4/5
f 12864/3/5 12849/3/5 12848/3/5
f 12865/3/5 12849/3/5 12864/3/5
f 12866/4/5 12851/4/5 12850/4/5
f 12866/3/5 12849/3/5 12865/3/5
f 12866/4/5 12850/4/5 12849/4/5
f 12867/4/5 12851/4/5 12866/4/5
f 12868/4/5 12851/4/5 12867/4/5
f 12871/4/5 12854/4/5 12853/4/5
f 12871/4/5 12853/4/5 12852/4/5
f 12872/3/5 12856/3/5 12855/3/5
f 12872/3/5 12855/3/5 12854/3/5
f 12872/4/5 12854/4/5 12871/4/5
f 12873/3/5 12856/3/5 12872/3/5
f 12874/4/5 12858/4/5 12857/4/5
f 12874/3/5 12856/3/5 12873/3/5
f 12874/4/5 12857/4/5 12856/4/5
f 12875/4/5 12858/4/5 12874/4/5
f 12876/3/5 12859/3/5 12858/3/5
f 12876/4/5 12858/4/5 12875/4/5
f 12877/3/5 12859/3/5 12876/3/5
f 12878/3/5 12863/3/5 12862/3/5
f 12879/4/5 12865/4/5 12864/4/5
f 12879/3/5 12863/3/5 12878/3/5
f 12879/4/5 12864/4/5 12863/4/5
f 12880/4/5 12865/4/5 12879/4/5
f 12881/3/5 12866/3/5 12865/3/5
f 12881/4/5 12865/4/5 12880/4/5
f 12881/3/5 12867/3/5 12866/3/5
f 12882/3/5 12867/3/5 12881/3/5
f 12883/4/5 12869/4/5 12868/4/5
f 12883/3/5 12867/3/5 12882/3/5
f 12883/4/5 12868/4/5 12867/4/5
f 12884/4/5 12869/4/5 12883/4/5
f 12885/4/5 12869/4/5 12884/4/5
f 12886/4/5 12871/4/5 12870/4/5
f 12887/4/5 12871/4/5 12886/4/5
f 12888/3/5 12873/3/5 12872/3/5
f 12888/4/5 12871/4/5 12887/4/5
f 12888/3/5 12872/3/5 12871/3/5
f 12889/3/5 12873/3/5 12888/3/5
f 12890/4/5 12875/4/5 12874/4/5
f 12890/3/5 12873/3/5 12889/3/5
f 12890/4/5 12874/4/5 12873/4/5
f 12891/4/5 12875/4/5 12890/4/5
f 12892/3/5 12876/3/5 12875/3/5
f 12892/4/5 12875/4/5 12891/4/5
f 12893/3/5 12876/3/5 12892/3/5
f 12894/3/5 12880/3/5 12879/3/5
f 12895/4/5 12882/4/5 12881/4/5
f 12895/3/5 12880/3/5 12894/3/5
f 12895/4/5 12881/4/5 12880/4/5
f 12896/3/5 12883/3/5 12882/3/5
f 12896/4/5 12882/4/5 12895/4/5
f 12896/3/5 12884/3/5 12883/3/5
f 12897/4/5 12887/4/5 12886/4/5
f 12897/3/5 12884/3/5 12896/3/5
f 12897/4/5 12885/4/5 12884/4/5
f 12897/4/5 12886/4/5 12885/4/5
f 12898/3/5 12889/3/5 12888/3/5
f 12898/4/5 12887/4/5 12897/4/5
f 12898/3/5 12888/3/5 12887/3/5
f 12899/4/5 12890/4/5 12889/4/5
f 12899/3/5 12889/3/5 12898/3/5
f 12899/4/5 12891/4/5 12890/4/5
f 12900/3/5 12892/3/5 12891/3/5
f 12900/4/5 12891/4/5 12899/4/5
f 12901/3/5 12892/3/5 12900/3/5
f 12914/3/5 12903/3/5 12902/3/5
f 12915/4/5 12904/4/5 12903/4/5
f 12915/3/5 12903/3/5 12914/3/5
f 12915/4/5 12905/4/5 12904/4/5
f 12916/4/5 12905/4/5 12915/4/5
f 12917/3/5 12906/3/5 12905/3/5
f 12917/4/5 12905/4/5 12916/4/5
f 12917/3/5 12907/3/5 12906/3/5
f 12918/3/5 12907/3/5 12917/3/5
f 12919/4/5 12908/4/5 12907/4/5
f 12919/3/5 12907/3/5 12918/3/5
f 12920/3/5 12909/3/5 12908/3/5
f 12920/4/5 12908/4/5 12919/4/5
f 12920/3/5 12910/3/5 12909/3/5
f 12921/3/5 12910/3/5 12920/3/5
f 12922/4/5 12912/4/5 12911/4/5
f 12922/3/5 12910/3/5 12921/3/5
f 12922/4/5 12911/4/5 12910/4/5
f 12923/4/5 12912/4/5 12922/4/5
f 12924/3/5 12913/3/5 12912/3/5
f 12924/4/5 12912/4/5 12923/4/5
f 12925/3/5 12913/3/5 12924/3/5
f 12926/3/5 12916/3/5 12915/3/5
f 12927/4/5 12918/4/5 12917/4/5
f 12927/3/5 12916/3/5 12926/3/5
f 12927/4/5 12917/4/5 12916/4/5
f 12928/4/5 12918/4/5 12927/4/5
f 12929/3/5 12921/3/5 12920/3/5
f 12929/4/5 12918/4/5 12928/4/5
f 12929/3/5 12919/3/5 12918/3/5
f 12929/3/5 12920/3/5 12919/3/5
f 12930/3/5 12921/3/5 12929/3/5
f 12931/3/5 12921/3/5 12930/3/5
f 12932/4/5 12923/4/5 12922/4/5
f 12932/3/5 12921/3/5 12931/3/5
f 12932/4/5 12922/4/5 12921/4/5
f 12933/4/5 12923/4/5 12932/4/5
f 12934/3/5 12924/3/5 12923/3/5
f 12934/4/5 12923/4/5 12933/4/5
f 12935/3/5 12924/3/5 12934/3/5
f 12936/3/5 12928/3/5 12927/3/5
f 12937/4/5 12930/4/5 12929/4/5
f 12937/3/5 12928/3/5 12936/3/5
f 12937/4/5 12929/4/5 12928/4/5
f 12938/3/5 12931/3/5 12930/3/5
f 12938/4/5 12930/4/5 12937/4/5
f 12939/4/5 12933/4/5 12932/4/5
f 12939/3/5 12931/3/5 12938/3/5
f 12939/4/5 12932/4/5 12931/4/5
f 12940/3/5 12934/3/5 12933/3/5
f 12940/4/5 12933/4/5 12939/4/5
f 12941/3/5 12934/3/5 12940/3/5
f 12948/3/5 12943/3/5 12942/3/5
f 12949/4/5 12944/4/5 12943/4/5
f 12949/3/5 12943/3/5 12948/3/5
f 12949/4/5 12945/4/5 12944/4/5
f 12949/4/5 12946/4/5 12945/4/5
f 12950/4/5 12946/4/5 12949/4/5
f 12951/4/5 12946/4/5 12950/4/5
f 12952/3/5 12947/3/5 12946/3/5
f 12952/4/5 12946/4/5 12951/4/5
f 12953/3/5 12947/3/5 12952/3/5
f 12954/3/5 12950/3/5 12949/3/5
f 12955/4/5 12951/4/5 12950/4/5
f 12955/3/5 12950/3/5 12954/3/5
f 12956/3/5 12952/3/5 12951/3/5
f 12956/4/5 12951/4/5 12955/4/5
f 12957/3/5 12952/3/5 12956/3/5
f 12958/3/5 12956/3/5 12955/3/5
f 12959/3/5 12956/3/5 12958/3/5
f 12960/3/6 12961/3/6 12963/3/6
f 12963/3/6 12961/3/6 12964/3/6
f 12962/3/6 12963/3/6 12967/3/6
f 12963/4/6 12964/4/6 12968/4/6
f 12967/3/6 12963/3/6 12968/3/6
f 12964/3/6 12965/3/6 12969/3/6
f 12968/4/6 12964/4/6 12969/4/6
f 12969/3/6 12965/3/6 12970/3/6
f 12966/3/6 12967/3/6 12972/3/6
f 12967/4/6 12968/4/6 12973/4/6
f 12972/3/6 12967/3/6 12973/3/6
f 12968/4/6 12969/4/6 12973/4/6
f 12969/4/6 12970/4/6 12973/4/6
f 12970/3/6 12971/3/6 12974/3/6
f 12973/4/6 12970/4/6 12974/4/6
f 12974/3/6 12971/3/6 12975/3/6
f 12976/3/6 12977/3/6 12981/3/6
f 12977/4/6 12978/4/6 12982/4/6
f 12981/3/6 12977/3/6 12982/3/6
f 12982/4/6 12978/4/6 12983/4/6
f 12983/4/6 12978/4/6 12984/4/6
f 12978/3/6 12979/3/6 12985/3/6
f 12984/4/6 12978/4/6 12985/4/6
f 12985/3/6 12979/3/6 12986/3/6
f 12980/3/6 12981/3/6 12989/3/6
f 12981/4/6 12982/4/6 12990/4/6
f 12982/4/6 12983/4/6 12990/4/6
f 12989/3/6 12981/3/6 12990/3/6
f 12990/4/6 12983/4/6 12991/4/6
f 12983/3/6 12984/3/6 12992/3/6
f 12991/4/6 12983/4/6 12992/4/6
f 12984/4/6 12985/4/6 12993/4/6
f 12992/3/6 12984/3/6 12993/3/6
f 12985/4/6 12986/4/6 12993/4/6
f 12993/4/6 12986/4/6 12994/4/6
f 12986/3/6 12987/3/6 12995/3/6
f 12994/4/6 12986/4/6 12995/4/6
f 12995/3/6 12987/3/6 12996/3/6
f 12988/3/6 12989/3/6 12998/3/6
f 12990/4/6 12991/4/6 12999/4/6
f 12998/3/6 12989/3/6 12999/3/6
f 12989/4/6 12990/4/6 12999/4/6
f 12999/4/6 12991/4/6 13000/4/6
f 12993/3/6 12994/3/6 13001/3/6
f 13000/4/6 12991/4/6 13001/4/6
f 12991/3/6 12992/3/6 13001/3/6
f 12992/3/6 12993/3/6 13001/3/6
f 13001/3/6 12994/3/6 13002/3/6
f 13002/3/6 12994/3/6 13003/3/6
f 12995/4/6 12996/4/6 13004/4/6
f 13003/3/6 12994/3/6 13004/3/6
f 12994/4/6 12995/4/6 13004/4/6
f 13004/4/6 12996/4/6 13005/4/6
f 12996/3/6 12997/3/6 13006/3/6
f 13005/4/6 12996/4/6 13006/4/6
f 13006/3/6 12997/3/6 13007/3/6
f 13008/3/6 13009/3/6 13017/3/6
f 13009/4/6 13010/4/6 13018/4/6
f 13017/3/6 13009/3/6 13018/3/6
f 13018/4/6 13010/4/6 13019/4/6
f 13010/3/6 13011/3/6 13020/3/6
f 13019/4/6 13010/4/6 13020/4/6
f 13020/3/6 13011/3/6 13021/3/6
f 13011/4/6 13012/4/6 13022/4/6
f 13021/3/6 13011/3/6 13022/3/6
f 13012/3/6 13013/3/6 13023/3/6
f 13022/4/6 13012/4/6 13023/4/6
f 13023/3/6 13013/3/6 13024/3/6
f 13013/4/6 13014/4/6 13025/4/6
f 13024/3/6 13013/3/6 13025/3/6
f 13025/4/6 13014/4/6 13026/4/6
f 13014/3/6 13015/3/6 13027/3/6
f 13026/4/6 13014/4/6 13027/4/6
f 13027/3/6 13015/3/6 13028/3/6
f 13016/3/6 13017/3/6 13031/3/6
f 13018/4/6 13019/4/6 13032/4/6
f 13017/4/6 13018/4/6 13032/4/6
f 13031/3/6 13017/3/6 13032/3/6
f 13032/4/6 13019/4/6 13033/4/6
f 13020/3/6 13021/3/6 13034/3/6
f 13033/4/6 13019/4/6 13034/4/6
f 13019/3/6 13020/3/6 13034/3/6
f 13034/3/6 13021/3/6 13035/3/6
f 13021/4/6 13022/4/6 13036/4/6
f 13035/3/6 13021/3/6 13036/3/6
f 13023/4/6 13024/4/6 13036/4/6
f 13022/4/6 13023/4/6 13036/4/6
f 13025/3/6 13026/3/6 13037/3/6
f 13036/4/6 13024/4/6 13037/4/6
f 13024/3/6 13025/3/6 13037/3/6
f 13037/3/6 13026/3/6 13038/3/6
f 13027/4/6 13028/4/6 13039/4/6
f 13038/3/6 13026/3/6 13039/3/6
f 13026/4/6 13027/4/6 13039/4/6
f 13039/4/6 13028/4/6 13040/4/6
f 13028/3/6 13029/3/6 13041/3/6
f 13040/4/6 13028/4/6 13041/4/6
f 13041/3/6 13029/3/6 13042/3/6
f 13030/3/6 13031/3/6 13045/3/6
f 13032/4/6 13033/4/6 13046/4/6
f 13031/4/6 13032/4/6 13046/4/6
f 13045/3/6 13031/3/6 13046/3/6
f 13046/4/6 13033/4/6 13047/4/6
f 13034/3/6 13035/3/6 13048/3/6
f 13047/4/6 13033/4/6 13048/4/6
f 13033/3/6 13034/3/6 13048/3/6
f 13048/3/6 13035/3/6 13049/3/6
f 13035/4/6 13036/4/6 13050/4/6
f 13049/3/6 13035/3/6 13050/3/6
f 13037/4/6 13038/4/6 13050/4/6
f 13036/4/6 13037/4/6 13050/4/6
f 13050/4/6 13038/4/6 13051/4/6
f 13051/4/6 13038/4/6 13052/4/6
f 13039/3/6 13040/3/6 13053/3/6
f 13052/4/6 13038/4/6 13053/4/6
f 13038/3/6 13039/3/6 13053/3/6
f 13053/3/6 13040/3/6 13054/3/6
f 13041/4/6 13042/4/6 13055/4/6
f 13054/3/6 13040/3/6 13055/3/6
f 13040/4/6 13041/4/6 13055/4/6
f 13055/4/6 13042/4/6 13056/4/6
f 13042/3/6 13043/3/6 13057/3/6
f 13056/4/6 13042/4/6 13057/4/6
f 13057/3/6 13043/3/6 13058/3/6
f 13044/3/6 13045/3/6 13060/3/6
f 13046/4/6 13047/4/6 13061/4/6
f 13060/3/6 13045/3/6 13061/3/6
f 13045/4/6 13046/4/6 13061/4/6
f 13061/4/6 13047/4/6 13062/4/6
f 13048/3/6 13049/3/6 13063/3/6
f 13062/4/6 13047/4/6 13063/4/6
f 13047/3/6 13048/3/6 13063/3/6
f 13063/3/6 13049/3/6 13064/3/6
f 13050/4/6 13051/4/6 13065/4/6
f 13064/3/6 13049/3/6 13065/3/6
f 13049/4/6 13050/4/6 13065/4/6
f 13065/4/6 13051/4/6 13066/4/6
f 13066/4/6 13051/4/6 13067/4/6
f 13053/4/6 13054/4/6 13068/4/6
f 13052/4/6 13053/4/6 13068/4/6
f 13068/4/6 13054/4/6 13069/4/6
f 13055/3/6 13056/3/6 13070/3/6
f 13069/4/6 13054/4/6 13070/4/6
f 13054/3/6 13055/3/6 13070/3/6
f 13070/3/6 13056/3/6 13071/3/6
f 13057/4/6 13058/4/6 13072/4/6
f 13071/3/6 13056/3/6 13072/3/6
f 13056/4/6 13057/4/6 13072/4/6
f 13072/4/6 13058/4/6 13073/4/6
f 13058/3/6 13059/3/6 13074/3/6
f 13073/4/6 13058/4/6 13074/4/6
f 13074/3/6 13059/3/6 13075/3/6
f 13076/3/6 13077/3/6 13087/3/6
f 13077/4/6 13078/4/6 13088/4/6
f 13087/3/6 13077/3/6 13088/3/6
f 13088/4/6 13078/4/6 13089/4/6
f 13078/3/6 13079/3/6 13090/3/6
f 13089/4/6 13078/4/6 13090/4/6
f 13090/3/6 13079/3/6 13091/3/6
f 13079/4/6 13080/4/6 13092/4/6
f 13091/3/6 13079/3/6 13092/3/6
f 13092/4/6 13080/4/6 13093/4/6
f 13093/4/6 13080/4/6 13094/4/6
f 13081/4/6 13082/4/6 13095/4/6
f 13095/4/6 13082/4/6 13096/4/6
f 13082/3/6 13083/3/6 13097/3/6
f 13096/4/6 13082/4/6 13097/4/6
f 13097/3/6 13083/3/6 13098/3/6
f 13083/4/6 13084/4/6 13099/4/6
f 13098/3/6 13083/3/6 13099/3/6
f 13099/4/6 13084/4/6 13100/4/6
f 13084/3/6 13085/3/6 13101/3/6
f 13100/4/6 13084/4/6 13101/4/6
f 13101/3/6 13085/3/6 13102/3/6
f 13086/3/6 13087/3/6 13105/3/6
f 13088/4/6 13089/4/6 13106/4/6
f 13087/4/6 13088/4/6 13106/4/6
f 13105/3/6 13087/3/6 13106/3/6
f 13106/4/6 13089/4/6 13107/4/6
f 13090/3/6 13091/3/6 13108/3/6
f 13107/4/6 13089/4/6 13108/4/6
f 13089/3/6 13090/3/6 13108/3/6
f 13108/3/6 13091/3/6 13109/3/6
f 13091/4/6 13092/4/6 13110/4/6
f 13109/3/6 13091/3/6 13110/3/6
f 13092/4/6 13093/4/6 13110/4/6
f 13110/4/6 13093/4/6 13111/4/6
f 13111/4/6 13093/4/6 13112/4/6
f 13097/4/6 13098/4/6 13113/4/6
f 13096/4/6 13097/4/6 13113/4/6
f 13113/4/6 13098/4/6 13114/4/6
f 13099/3/6 13100/3/6 13115/3/6
f 13114/4/6 13098/4/6 13115/4/6
f 13098/3/6 13099/3/6 13115/3/6
f 13115/3/6 13100/3/6 13116/3/6
f 13100/4/6 13101/4/6 13117/4/6
f 13116/3/6 13100/3/6 13117/3/6
f 13101/4/6 13102/4/6 13117/4/6
f 13117/4/6 13102/4/6 13118/4/6
f 13102/3/6 13103/3/6 13119/3/6
f 13118/4/6 13102/4/6 13119/4/6
f 13119/3/6 13103/3/6 13120/3/6
f 13104/3/6 13105/3/6 13122/3/6
f 13106/4/6 13107/4/6 13123/4/6
f 13122/3/6 13105/3/6 13123/3/6
f 13105/4/6 13106/4/6 13123/4/6
f 13123/4/6 13107/4/6 13124/4/6
f 13108/3/6 13109/3/6 13125/3/6
f 13124/4/6 13107/4/6 13125/4/6
f 13107/3/6 13108/3/6 13125/3/6
f 13110/4/6 13111/4/6 13126/4/6
f 13125/3/6 13109/3/6 13126/3/6
f 13109/4/6 13110/4/6 13126/4/6
f 13126/4/6 13111/4/6 13127/4/6
f 13127/4/6 13111/4/6 13128/4/6
f 13115/4/6 13116/4/6 13129/4/6
f 13114/4/6 13115/4/6 13129/4/6
f 13129/4/6 13116/4/6 13130/4/6
f 13117/3/6 13118/3/6 13131/3/6
f 13130/4/6 13116/4/6 13131/4/6
f 13116/3/6 13117/3/6 13131/3/6
f 13119/4/6 13120/4/6 13132/4/6
f 13131/3/6 13118/3/6 13132/3/6
f 13118/4/6 13119/4/6 13132/4/6
f 13132/4/6 13120/4/6 13133/4/6
f 13120/3/6 13121/3/6 13134/3/6
f 13133/4/6 13120/4/6 13134/4/6
f 13134/3/6 13121/3/6 13135/3/6
f 13136/3/6 13137/3/6 13147/3/6
f 13137/4/6 13138/4/6 13148/4/6
f 13147/3/6 13137/3/6 13148/3/6
f 13148/4/6 13138/4/6 13149/4/6
f 13138/3/6 13139/3/6 13150/3/6
f 13149/4/6 13138/4/6 13150/4/6
f 13150/3/6 13139/3/6 13151/3/6
f 13139/4/6 13140/4/6 13152/4/6
f 13151/3/6 13139/3/6 13152/3/6
f 13152/4/6 13140/4/6 13153/4/6
f 13153/4/6 13140/4/6 13154/4/6
f 13141/4/6 13142/4/6 13155/4/6
f 13155/4/6 13142/4/6 13156/4/6
f 13142/3/6 13143/3/6 13157/3/6
f 13156/4/6 13142/4/6 13157/4/6
f 13157/3/6 13143/3/6 13158/3/6
f 13143/4/6 13144/4/6 13159/4/6
f 13158/3/6 13143/3/6 13159/3/6
f 13159/4/6 13144/4/6 13160/4/6
f 13144/3/6 13145/3/6 13161/3/6
f 13160/4/6 13144/4/6 13161/4/6
f 13161/3/6 13145/3/6 13162/3/6
f 13146/3/6 13147/3/6 13164/3/6
f 13148/4/6 13149/4/6 13165/4/6
f 13164/3/6 13147/3/6 13165/3/6
f 13147/4/6 13148/4/6 13165/4/6
f 13165/4/6 13149/4/6 13166/4/6
f 13150/3/6 13151/3/6 13167/3/6
f 13166/4/6 13149/4/6 13167/4/6
f 13149/3/6 13150/3/6 13167/3/6
f 13167/3/6 13151/3/6 13168/3/6
f 13151/4/6 13152/4/6 13169/4/6
f 13168/3/6 13151/3/6 13169/3/6
f 13152/4/6 13153/4/6 13169/4/6
f 13169/4/6 13153/4/6 13170/4/6
f 13170/4/6 13153/4/6 13171/4/6
f 13157/4/6 13158/4/6 13172/4/6
f 13156/4/6 13157/4/6 13172/4/6
f 13172/4/6 13158/4/6 13173/4/6
f 13159/3/6 13160/3/6 13174/3/6
f 13173/4/6 13158/4/6 13174/4/6
f 13158/3/6 13159/3/6 13174/3/6
f 13161/4/6 13162/4/6 13175/4/6
f 13174/3/6 13160/3/6 13175/3/6
f 13160/4/6 13161/4/6 13175/4/6
f 13175/4/6 13162/4/6 13176/4/6
f 13162/3/6 13163/3/6 13177/3/6
f 13176/4/6 13162/4/6 13177/4/6
f 13177/3/6 13163/3/6 13178/3/6
f 13179/3/6 13180/3/6 13190/3/6
f 13180/4/6 13181/4/6 13191/4/6
f 13190/3/6 13180/3/6 13191/3/6
f 13182/4/6 13183/4/6 13192/4/6
f 13192/4/6 13183/4/6 13193/4/6
f 13184/4/6 13185/4/6 13194/4/6
f 13194/4/6 13185/4/6 13195/4/6
f 13187/3/6 13188/3/6 13196/3/6
f 13186/4/6 13187/4/6 13196/4/6
f 13196/3/6 13188/3/6 13197/3/6
f 13191/4/6 13181/4/6 13199/4/6
f 13190/4/6 13191/4/6 13199/4/6
f 13181/3/6 13182/3/6 13200/3/6
f 13199/4/6 13181/4/6 13200/4/6
f 13195/4/6 13185/4/6 13201/4/6
f 13185/3/6 13186/3/6 13201/3/6
f 13201/3/6 13186/3/6 13202/3/6
f 13196/4/6 13197/4/6 13203/4/6
f 13202/3/6 13186/3/6 13203/3/6
f 13186/4/6 13196/4/6 13203/4/6
f 13203/4/6 13197/4/6 13204/4/6
f 13189/3/6 13190/3/6 13206/3/6
f 13190/4/6 13199/4/6 13207/4/6
f 13206/3/6 13190/3/6 13207/3/6
f 13182/4/6 13192/4/6 13208/4/6
f 13208/4/6 13192/4/6 13209/4/6
f 13201/4/6 13202/4/6 13210/4/6
f 13195/4/6 13201/4/6 13210/4/6
f 13210/4/6 13202/4/6 13211/4/6
f 13204/4/6 13197/4/6 13212/4/6
f 13197/3/6 13198/3/6 13212/3/6
f 13212/3/6 13198/3/6 13213/3/6
f 13205/3/6 13206/3/6 13215/3/6
f 13206/4/6 13207/4/6 13216/4/6
f 13215/3/6 13206/3/6 13216/3/6
f 13207/4/6 13199/4/6 13217/4/6
f 13216/4/6 13207/4/6 13217/4/6
f 13199/3/6 13200/3/6 13218/3/6
f 13217/4/6 13199/4/6 13218/4/6
f 13200/3/6 13182/3/6 13219/3/6
f 13218/3/6 13200/3/6 13219/3/6
f 13182/4/6 13208/4/6 13220/4/6
f 13219/3/6 13182/3/6 13220/3/6
f 13220/4/6 13208/4/6 13221/4/6
f 13221/4/6 13208/4/6 13222/4/6
f 13211/4/6 13202/4/6 13223/4/6
f 13202/3/6 13203/3/6 13224/3/6
f 13223/4/6 13202/4/6 13224/4/6
f 13203/3/6 13204/3/6 13224/3/6
f 13224/3/6 13204/3/6 13225/3/6
f 13212/4/6 13213/4/6 13226/4/6
f 13225/3/6 13204/3/6 13226/3/6
f 13204/4/6 13212/4/6 13226/4/6
f 13226/4/6 13213/4/6 13227/4/6
f 13213/3/6 13214/3/6 13228/3/6
f 13227/4/6 13213/4/6 13228/4/6
f 13228/3/6 13214/3/6 13229/3/6
f 13230/3/6 13231/3/6 13241/3/6
f 13231/4/6 13232/4/6 13242/4/6
f 13241/3/6 13231/3/6 13242/3/6
f 13235/4/6 13236/4/6 13243/4/6
f 13236/3/6 13237/3/6 13243/3/6
f 13243/3/6 13237/3/6 13244/3/6
f 13238/3/6 13239/3/6 13245/3/6
f 13237/4/6 13238/4/6 13245/4/6
f 13245/3/6 13239/3/6 13246/3/6
f 13240/3/6 13241/3/6 13248/3/6
f 13241/4/6 13242/4/6 13249/4/6
f 13248/3/6 13241/3/6 13249/3/6
f 13232/3/6 13233/3/6 13250/3/6
f 13249/4/6 13242/4/6 13250/4/6
f 13242/4/6 13232/4/6 13250/4/6
f 13233/4/6 13234/4/6 13251/4/6
f 13250/3/6 13233/3/6 13251/3/6
f 13251/4/6 13234/4/6 13252/4/6
f 13252/4/6 13234/4/6 13253/4/6
f 13243/4/6 13244/4/6 13254/4/6
f 13235/4/6 13243/4/6 13254/4/6
f 13254/4/6 13244/4/6 13255/4/6
f 13244/3/6 13237/3/6 13256/3/6
f 13255/4/6 13244/4/6 13256/4/6
f 13245/4/6 13246/4/6 13257/4/6
f 13256/3/6 13237/3/6 13257/3/6
f 13237/4/6 13245/4/6 13257/4/6
f 13246/3/6 13247/3/6 13258/3/6
f 13257/4/6 13246/4/6 13258/4/6
f 13258/3/6 13247/3/6 13259/3/6
f 13261/4/6 13262/4/6 13270/4/6
f 13262/3/6 13263/3/6 13271/3/6
f 13270/4/6 13262/4/6 13271/4/6
f 13271/3/6 13263/3/6 13272/3/6
f 13263/4/6 13264/4/6 13273/4/6
f 13272/3/6 13263/3/6 13273/3/6
f 13266/3/6 13267/3/6 13274/3/6
f 13267/4/6 13268/4/6 13274/4/6
f 13274/4/6 13268/4/6 13275/4/6
f 13260/3/6 13261/3/6 13277/3/6
f 13261/4/6 13270/4/6 13278/4/6
f 13277/3/6 13261/3/6 13278/3/6
f 13265/4/6 13266/4/6 13279/4/6
f 13279/4/6 13266/4/6 13280/4/6
f 13275/4/6 13268/4/6 13281/4/6
f 13268/3/6 13269/3/6 13281/3/6
f 13281/3/6 13269/3/6 13282/3/6
f 13278/4/6 13270/4/6 13284/4/6
f 13277/4/6 13278/4/6 13284/4/6
f 13271/3/6 13272/3/6 13285/3/6
f 13284/4/6 13270/4/6 13285/4/6
f 13270/3/6 13271/3/6 13285/3/6
f 13285/3/6 13272/3/6 13286/3/6
f 13272/4/6 13273/4/6 13287/4/6
f 13286/3/6 13272/3/6 13287/3/6
f 13280/4/6 13266/4/6 13288/4/6
f 13266/3/6 13274/3/6 13288/3/6
f 13274/3/6 13275/3/6 13288/3/6
f 13288/3/6 13275/3/6 13289/3/6
f 13281/4/6 13282/4/6 13290/4/6
f 13289/3/6 13275/3/6 13290/3/6
f 13275/4/6 13281/4/6 13290/4/6
f 13290/4/6 13282/4/6 13291/4/6
f 13276/3/6 13277/3/6 13292/3/6
f 13277/4/6 13284/4/6 13293/4/6
f 13292/3/6 13277/3/6 13293/3/6
f 13285/3/6 13286/3/6 13294/3/6
f 13293/4/6 13284/4/6 13294/4/6
f 13284/3/6 13285/3/6 13294/3/6
f 13286/4/6 13287/4/6 13295/4/6
f 13294/3/6 13286/3/6 13295/3/6
f 13287/4/6 13273/4/6 13296/4/6
f 13295/4/6 13287/4/6 13296/4/6
f 13273/4/6 13264/4/6 13296/4/6
f 13296/4/6 13264/4/6 13297/4/6
f 13288/4/6 13289/4/6 13298/4/6
f 13280/4/6 13288/4/6 13298/4/6
f 13298/4/6 13289/4/6 13299/4/6
f 13289/3/6 13290/3/6 13300/3/6
f 13299/4/6 13289/4/6 13300/4/6
f 13290/3/6 13291/3/6 13300/3/6
f 13291/4/6 13282/4/6 13301/4/6
f 13300/3/6 13291/3/6 13301/3/6
f 13282/3/6 13283/3/6 13302/3/6
f 13301/4/6 13282/4/6 13302/4/6
f 13302/3/6 13283/3/6 13303/3/6
f 13304/3/6 13305/3/6 13314/3/6
f 13305/4/6 13306/4/6 13315/4/6
f 13314/3/6 13305/3/6 13315/3/6
f 13306/3/6 13307/3/6 13316/3/6
f 13315/4/6 13306/4/6 13316/4/6
f 13307/4/6 13308/4/6 13317/4/6
f 13316/3/6 13307/3/6 13317/3/6
f 13317/4/6 13308/4/6 13318/4/6
f 13309/4/6 13310/4/6 13319/4/6
f 13310/3/6 13311/3/6 13320/3/6
f 13319/4/6 13310/4/6 13320/4/6
f 13311/4/6 13312/4/6 13321/4/6
f 13320/3/6 13311/3/6 13321/3/6
f 13312/3/6 13313/3/6 13322/3/6
f 13321/4/6 13312/4/6 13322/4/6
f 13322/3/6 13313/3/6 13323/3/6
f 13324/3/6 13325/3/6 13334/3/6
f 13325/4/6 13326/4/6 13335/4/6
f 13334/3/6 13325/3/6 13335/3/6
f 13326/3/6 13327/3/6 13336/3/6
f 13335/4/6 13326/4/6 13336/4/6
f 13327/4/6 13328/4/6 13337/4/6
f 13336/3/6 13327/3/6 13337/3/6
f 13337/4/6 13328/4/6 13338/4/6
f 13329/4/6 13330/4/6 13339/4/6
f 13330/3/6 13331/3/6 13340/3/6
f 13339/4/6 13330/4/6 13340/4/6
f 13331/4/6 13332/4/6 13341/4/6
f 13340/3/6 13331/3/6 13341/3/6
f 13332/3/6 13333/3/6 13342/3/6
f 13341/4/6 13332/4/6 13342/4/6
f 13342/3/6 13333/3/6 13343/3/6
f 13344/1/6 13345/1/6 13348/1/6
f 13348/1/6 13345/1/6 13349/1/6
f 13346/1/6 13347/1/6 13350/1/6
f 13350/1/6 13347/1/6 13351/1/6
f 13352/1/6 13353/1/6 13356/1/6
f 13356/1/6 13353/1/6 13357/1/6
f 13354/1/6 13355/1/6 13358/1/6
f 13358/1/6 13355/1/6 13359/1/6
f 13360/1/6 13361/1/6 13364/1/6
f 13364/1/6 13361/1/6 13365/1/6
f 13362/1/6 13363/1/6 13366/1/6
f 13366/1/6 13363/1/6 13367/1/6
f 13368/2/6 13369/2/6 13372/2/6
f 13372/2/6 13369/2/6 13373/2/6
f 13370/1/6 13371/1/6 13374/1/6
f 13374/1/6 13371/1/6 13375/1/6
f 13376/1/6 13377/1/6 13380/1/6
f 13380/1/6 13377/1/6 13381/1/6
f 13378/1/6 13379/1/6 13382/1/6
f 13382/1/6 13379/1/6 13383/1/6
f 13384/1/6 13385/1/6 13388/1/6
f 13388/1/6 13385/1/6 13389/1/6
f 13386/1/6 13387/1/6 13390/1/6
f 13390/1/6 13387/1/6 13391/1/6
f 13392/2/6 13393/2/6 13396/2/6
f 13396/2/6 13393/2/6 13397/2/6
f 13394/1/6 13395/1/6 13398/1/6
f 13398/1/6 13395/1/6 13399/1/6
f 13400/2/6 13401/2/6 13404/2/6
f 13404/2/6 13401/2/6 13405/2/6
f 13402/1/6 13403/1/6 13406/1/6
f 13406/1/6 13403/1/6 13407/1/6
f 13408/3/6 13409/3/6 13418/3/6
f 13409/4/6 13410/4/6 13419/4/6
f 13418/3/6 13409/3/6 13419/3/6
f 13419/4/6 13410/4/6 13420/4/6
f 13410/3/6 13411/3/6 13421/3/6
f 13420/4/6 13410/4/6 13421/4/6
f 13421/3/6 13411/3/6 13422/3/6
f 13411/4/6 13412/4/6 13423/4/6
f 13422/3/6 13411/3/6 13423/3/6
f 13423/4/6 13412/4/6 13424/4/6
f 13424/4/6 13412/4/6 13425/4/6
f 13413/4/6 13414/4/6 13428/4/6
f 13414/3/6 13415/3/6 13429/3/6
f 13428/4/6 13414/4/6 13429/4/6
f 13429/3/6 13415/3/6 13430/3/6
f 13415/4/6 13416/4/6 13431/4/6
f 13430/3/6 13415/3/6 13431/3/6
f 13431/4/6 13416/4/6 13432/4/6
f 13416/3/6 13417/3/6 13433/3/6
f 13432/4/6 13416/4/6 13433/4/6
f 13433/3/6 13417/3/6 13434/3/6
f 13427/4/6 13428/4/6 13440/4/6
f 13419/3/6 13420/3/6 13441/3/6
f 13421/4/6 13422/4/6 13442/4/6
f 13441/3/6 13420/3/6 13442/3/6
f 13420/4/6 13421/4/6 13442/4/6
f 13422/3/6 13423/3/6 13443/3/6
f 13442/4/6 13422/4/6 13443/4/6
f 13423/3/6 13424/3/6 13443/3/6
f 13443/3/6 13424/3/6 13444/3/6
f 13425/4/6 13426/4/6 13445/4/6
f 13444/3/6 13424/3/6 13445/3/6
f 13424/4/6 13425/4/6 13445/4/6
f 13445/4/6 13426/4/6 13446/4/6
f 13446/4/6 13426/4/6 13447/4/6
f 13435/1/6 13436/1/6 13448/1/6
f 13448/1/6 13436/1/6 13449/1/6
f 13437/1/6 13438/1/6 13450/1/6
f 13450/1/6 13438/1/6 13451/1/6
f 13439/4/6 13440/4/6 13452/4/6
f 13429/3/6 13430/3/6 13453/3/6
f 13452/4/6 13440/4/6 13453/4/6
f 13440/4/6 13428/4/6 13453/4/6
f 13428/3/6 13429/3/6 13453/3/6
f 13453/3/6 13430/3/6 13454/3/6
f 13431/4/6 13432/4/6 13455/4/6
f 13454/3/6 13430/3/6 13455/3/6
f 13430/4/6 13431/4/6 13455/4/6
f 13432/3/6 13433/3/6 13456/3/6
f 13455/4/6 13432/4/6 13456/4/6
f 13456/3/6 13433/3/6 13457/3/6
f 13458/1/6 13459/1/6 13462/1/6
f 13462/1/6 13459/1/6 13463/1/6
f 13460/1/6 13461/1/6 13464/1/6
f 13464/1/6 13461/1/6 13465/1/6
f 13466/1/6 13467/1/6 13470/1/6
f 13470/1/6 13467/1/6 13471/1/6
f 13468/1/6 13469/1/6 13472/1/6
f 13472/1/6 13469/1/6 13473/1/6
f 13474/2/6 13475/2/6 13478/2/6
f 13478/2/6 13475/2/6 13479/2/6
f 13476/1/6 13477/1/6 13480/1/6
f 13480/1/6 13477/1/6 13481/1/6
f 13482/1/6 13483/1/6 13486/1/6
f 13486/1/6 13483/1/6 13487/1/6
f 13484/1/6 13485/1/6 13488/1/6
f 13488/1/6 13485/1/6 13489/1/6
f 13490/1/6 13491/1/6 13495/1/6
f 13495/1/6 13491/1/6 13496/1/6
f 13492/1/6 13493/1/6 13497/1/6
f 13497/1/6 13493/1/6 13498/1/6
f 13494/1/6 13495/1/6 13500/1/6
f 13500/1/6 13495/1/6 13501/1/6
f 13498/1/6 13499/1/6 13502/1/6
f 13502/1/6 13499/1/6 13503/1/6
f 13504/1/6 13505/1/6 13508/1/6
f 13508/1/6 13505/1/6 13509/1/6
f 13506/1/6 13507/1/6 13510/1/6
f 13510/1/6 13507/1/6 13511/1/6
f 13512/2/6 13513/2/6 13516/2/6
f 13516/2/6 13513/2/6 13517/2/6
f 13514/2/6 13515/2/6 13518/2/6
f 13518/2/6 13515/2/6 13519/2/6
f 13520/3/6 13521/3/6 13530/3/6
f 13521/4/6 13522/4/6 13531/4/6
f 13530/3/6 13521/3/6 13531/3/6
f 13531/4/6 13522/4/6 13532/4/6
f 13527/4/6 13528/4/6 13533/4/6
f 13528/3/6 13529/3/6 13534/3/6
f 13533/4/6 13528/4/6 13534/4/6
f 13534/3/6 13529/3/6 13535/3/6
f 13531/3/6 13532/3/6 13536/3/6
f 13532/4/6 13522/4/6 13537/4/6
f 13536/3/6 13532/3/6 13537/3/6
f 13522/3/6 13523/3/6 13538/3/6
f 13537/4/6 13522/4/6 13538/4/6
f 13523/4/6 13524/4/6 13539/4/6
f 13538/3/6 13523/3/6 13539/3/6
f 13539/4/6 13524/4/6 13540/4/6
f 13525/4/6 13526/4/6 13541/4/6
f 13541/4/6 13526/4/6 13542/4/6
f 13526/3/6 13527/3/6 13543/3/6
f 13542/4/6 13526/4/6 13543/4/6
f 13527/4/6 13533/4/6 13544/4/6
f 13543/3/6 13527/3/6 13544/3/6
f 13533/3/6 13534/3/6 13545/3/6
f 13544/4/6 13533/4/6 13545/4/6
f 13545/3/6 13534/3/6 13546/3/6
f 13547/1/6 13548/1/6 13551/1/6
f 13551/1/6 13548/1/6 13552/1/6
f 13549/1/6 13550/1/6 13555/1/6
f 13555/1/6 13550/1/6 13556/1/6
f 13552/1/6 13553/1/6 13557/1/6
f 13557/1/6 13553/1/6 13558/1/6
f 13554/1/6 13555/1/6 13559/1/6
f 13559/1/6 13555/1/6 13560/1/6
f 13561/1/6 13562/1/6 13565/1/6
f 13565/1/6 13562/1/6 13566/1/6
f 13563/1/6 13564/1/6 13567/1/6
f 13567/1/6 13564/1/6 13568/1/6
f 13569/1/6 13570/1/6 13573/1/6
f 13573/1/6 13570/1/6 13574/1/6
f 13571/1/6 13572/1/6 13577/1/6
f 13577/1/6 13572/1/6 13578/1/6
f 13575/1/6 13576/1/6 13579/1/6
f 13579/1/6 13576/1/6 13580/1/6
f 13581/1/6 13582/1/6 13585/1/6
f 13585/1/6 13582/1/6 13586/1/6
f 13583/1/6 13584/1/6 13587/1/6
f 13587/1/6 13584/1/6 13588/1/6
f 13589/1/6 13590/1/6 13593/1/6
f 13593/1/6 13590/1/6 13594/1/6
f 13591/1/6 13592/1/6 13595/1/6
f 13595/1/6 13592/1/6 13596/1/6
f 13597/1/6 13598/1/6 13601/1/6
f 13601/1/6 13598/1/6 13602/1/6
f 13599/1/6 13600/1/6 13603/1/6
f 13603/1/6 13600/1/6 13604/1/6
f 13605/1/6 13606/1/6 13609/1/6
f 13609/1/6 13606/1/6 13610/1/6
f 13607/2/6 13608/2/6 13611/2/6
f 13611/2/6 13608/2/6 13612/2/6
f 13613/1/6 13614/1/6 13617/1/6
f 13617/1/6 13614/1/6 13618/1/6
f 13615/1/6 13616/1/6 13619/1/6
f 13619/1/6 13616/1/6 13620/1/6
f 13621/1/6 13622/1/6 13625/1/6
f 13625/1/6 13622/1/6 13626/1/6
f 13623/1/6 13624/1/6 13627/1/6
f 13627/1/6 13624/1/6 13628/1/6
f 13629/3/6 13630/3/6 13639/3/6
f 13630/4/6 13631/4/6 13640/4/6
f 13639/3/6 13630/3/6 13640/3/6
f 13640/4/6 13631/4/6 13641/4/6
f 13631/3/6 13632/3/6 13642/3/6
f 13641/4/6 13631/4/6 13642/4/6
f 13642/3/6 13632/3/6 13643/3/6
f 13632/4/6 13633/4/6 13644/4/6
f 13643/3/6 13632/3/6 13644/3/6
f 13644/4/6 13633/4/6 13645/4/6
f 13645/4/6 13633/4/6 13646/4/6
f 13634/4/6 13635/4/6 13648/4/6
f 13635/3/6 13636/3/6 13649/3/6
f 13648/4/6 13635/4/6 13649/4/6
f 13649/3/6 13636/3/6 13650/3/6
f 13636/4/6 13637/4/6 13651/4/6
f 13650/3/6 13636/3/6 13651/3/6
f 13651/4/6 13637/4/6 13652/4/6
f 13637/3/6 13638/3/6 13653/3/6
f 13652/4/6 13637/4/6 13653/4/6
f 13653/3/6 13638/3/6 13654/3/6
f 13640/3/6 13641/3/6 13655/3/6
f 13642/4/6 13643/4/6 13656/4/6
f 13655/3/6 13641/3/6 13656/3/6
f 13641/4/6 13642/4/6 13656/4/6
f 13656/4/6 13643/4/6 13657/4/6
f 13643/3/6 13644/3/6 13658/3/6
f 13657/4/6 13643/4/6 13658/4/6
f 13644/3/6 13645/3/6 13658/3/6
f 13658/3/6 13645/3/6 13659/3/6
f 13646/4/6 13647/4/6 13660/4/6
f 13645/4/6 13646/4/6 13660/4/6
f 13634/4/6 13648/4/6 13667/4/6
f 13649/3/6 13650/3/6 13668/3/6
f 13648/3/6 13649/3/6 13668/3/6
f 13667/4/6 13648/4/6 13668/4/6
f 13668/3/6 13650/3/6 13669/3/6
f 13651/4/6 13652/4/6 13670/4/6
f 13669/3/6 13650/3/6 13670/3/6
f 13650/4/6 13651/4/6 13670/4/6
f 13670/4/6 13652/4/6 13671/4/6
f 13652/3/6 13653/3/6 13672/3/6
f 13671/4/6 13652/4/6 13672/4/6
f 13672/3/6 13653/3/6 13673/3/6
f 13656/3/6 13657/3/6 13674/3/6
f 13658/4/6 13659/4/6 13675/4/6
f 13674/3/6 13657/3/6 13675/3/6
f 13657/4/6 13658/4/6 13675/4/6
f 13659/3/6 13645/3/6 13676/3/6
f 13675/4/6 13659/4/6 13676/4/6
f 13645/4/6 13660/4/6 13677/4/6
f 13676/3/6 13645/3/6 13677/3/6
f 13660/4/6 13661/4/6 13677/4/6
f 13677/4/6 13661/4/6 13678/4/6
f 13662/1/6 13663/1/6 13679/1/6
f 13679/1/6 13663/1/6 13680/1/6
f 13664/1/6 13665/1/6 13681/1/6
f 13681/1/6 13665/1/6 13682/1/6
f 13666/4/6 13667/4/6 13683/4/6
f 13668/3/6 13669/3/6 13684/3/6
f 13683/4/6 13667/4/6 13684/4/6
f 13667/3/6 13668/3/6 13684/3/6
f 13670/4/6 13671/4/6 13685/4/6
f 13684/3/6 13669/3/6 13685/3/6
f 13669/4/6 13670/4/6 13685/4/6
f 13671/3/6 13672/3/6 13686/3/6
f 13685/4/6 13671/4/6 13686/4/6
f 13686/3/6 13672/3/6 13687/3/6
f 13688/1/6 13689/1/6 13692/1/6
f 13692/1/6 13689/1/6 13693/1/6
f 13690/1/6 13691/1/6 13696/1/6
f 13696/1/6 13691/1/6 13697/1/6
f 13694/1/6 13695/1/6 13698/1/6
f 13698/1/6 13695/1/6 13699/1/6
f 13700/1/6 13701/1/6 13706/1/6
f 13706/1/6 13701/1/6 13707/1/6
f 13702/1/6 13703/1/6 13708/1/6
f 13708/1/6 13703/1/6 13709/1/6
f 13704/1/6 13705/1/6 13712/1/6
f 13712/1/6 13705/1/6 13713/1/6
f 13710/1/6 13711/1/6 13714/1/6
f 13714/1/6 13711/1/6 13715/1/6
f 13716/1/6 13717/1/6 13720/1/6
f 13720/1/6 13717/1/6 13721/1/6
f 13718/1/6 13719/1/6 13722/1/6
f 13722/1/6 13719/1/6 13723/1/6
f 13724/1/6 13725/1/6 13728/1/6
f 13728/1/6 13725/1/6 13729/1/6
f 13726/1/6 13727/1/6 13730/1/6
f 13730/1/6 13727/1/6 13731/1/6
f 13732/1/6 13733/1/6 13736/1/6
f 13736/1/6 13733/1/6 13737/1/6
f 13734/1/6 13735/1/6 13738/1/6
f 13738/1/6 13735/1/6 13739/1/6
f 13740/1/6 13741/1/6 13744/1/6
f 13744/1/6 13741/1/6 13745/1/6
f 13742/1/6 13743/1/6 13746/1/6
f 13746/1/6 13743/1/6 13747/1/6
f 13748/1/6 13749/1/6 13752/1/6
f 13752/1/6 13749/1/6 13753/1/6
f 13750/2/6 13751/2/6 13754/2/6
f 13754/2/6 13751/2/6 13755/2/6
f 13756/1/6 13757/1/6 13760/1/6
f 13760/1/6 13757/1/6 13761/1/6
f 13758/1/6 13759/1/6 13762/1/6
f 13762/1/6 13759/1/6 13763/1/6
f 13764/1/6 13765/1/6 13768/1/6
f 13768/1/6 13765/1/6 13769/1/6
f 13766/1/6 13767/1/6 13770/1/6
f 13770/1/6 13767/1/6 13771/1/6
f 13772/1/6 13773/1/6 13776/1/6
f 13776/1/6 13773/1/6 13777/1/6
f 13774/1/6 13775/1/6 13778/1/6
f 13778/1/6 13775/1/6 13779/1/6
f 13780/3/6 13781/3/6 13794/3/6
f 13781/4/6 13782/4/6 13795/4/6
f 13794/3/6 13781/3/6 13795/3/6
f 13795/4/6 13782/4/6 13796/4/6
f 13782/3/6 13783/3/6 13797/3/6
f 13796/4/6 13782/4/6 13797/4/6
f 13797/3/6 13783/3/6 13798/3/6
f 13783/4/6 13784/4/6 13799/4/6
f 13798/3/6 13783/3/6 13799/3/6
f 13799/4/6 13784/4/6 13800/4/6
f 13800/4/6 13784/4/6 13801/4/6
f 13785/1/6 13786/1/6 13803/1/6
f 13803/1/6 13786/1/6 13804/1/6
f 13787/1/6 13788/1/6 13809/1/6
f 13809/1/6 13788/1/6 13810/1/6
f 13789/4/6 13790/4/6 13812/4/6
f 13790/3/6 13791/3/6 13813/3/6
f 13791/4/6 13792/4/6 13814/4/6
f 13813/3/6 13791/3/6 13814/3/6
f 13814/4/6 13792/4/6 13815/4/6
f 13792/3/6 13793/3/6 13816/3/6
f 13815/4/6 13792/4/6 13816/4/6
f 13816/3/6 13793/3/6 13817/3/6
f 13805/1/6 13806/1/6 13818/1/6
f 13818/1/6 13806/1/6 13819/1/6
f 13807/2/6 13808/2/6 13820/2/6
f 13820/2/6 13808/2/6 13821/2/6
f 13795/3/6 13796/3/6 13822/3/6
f 13797/4/6 13798/4/6 13823/4/6
f 13822/3/6 13796/3/6 13823/3/6
f 13796/4/6 13797/4/6 13823/4/6
f 13823/4/6 13798/4/6 13824/4/6
f 13798/3/6 13799/3/6 13825/3/6
f 13824/4/6 13798/4/6 13825/4/6
f 13799/3/6 13800/3/6 13825/3/6
f 13801/4/6 13802/4/6 13826/4/6
f 13825/3/6 13800/3/6 13826/3/6
f 13800/4/6 13801/4/6 13826/4/6
f 13826/4/6 13802/4/6 13827/4/6
f 13827/4/6 13802/4/6 13828/4/6
f 13811/4/6 13812/4/6 13829/4/6
f 13790/3/6 13813/3/6 13830/3/6
f 13829/4/6 13812/4/6 13830/4/6
f 13812/4/6 13790/4/6 13830/4/6
f 13814/4/6 13815/4/6 13831/4/6
f 13830/3/6 13813/3/6 13831/3/6
f 13813/4/6 13814/4/6 13831/4/6
f 13831/4/6 13815/4/6 13832/4/6
f 13815/3/6 13816/3/6 13833/3/6
f 13832/4/6 13815/4/6 13833/4/6
f 13833/3/6 13816/3/6 13834/3/6
f 13835/1/6 13836/1/6 13841/1/6
f 13841/1/6 13836/1/6 13842/1/6
f 13837/1/6 13838/1/6 13843/1/6
f 13843/1/6 13838/1/6 13844/1/6
f 13839/1/6 13840/1/6 13849/1/6
f 13849/1/6 13840/1/6 13850/1/6
f 13845/1/6 13846/1/6 13851/1/6
f 13851/1/6 13846/1/6 13852/1/6
f 13847/1/6 13848/1/6 13855/1/6
f 13855/1/6 13848/1/6 13856/1/6
f 13853/1/6 13854/1/6 13857/1/6
f 13857/1/6 13854/1/6 13858/1/6
f 13859/1/6 13860/1/6 13864/1/6
f 13864/1/6 13860/1/6 13865/1/6
f 13861/1/6 13862/1/6 13866/1/6
f 13866/1/6 13862/1/6 13867/1/6
f 13863/1/6 13864/1/6 13870/1/6
f 13870/1/6 13864/1/6 13871/1/6
f 13867/1/6 13868/1/6 13872/1/6
f 13872/1/6 13868/1/6 13873/1/6
f 13869/1/6 13870/1/6 13875/1/6
f 13875/1/6 13870/1/6 13876/1/6
f 13873/1/6 13874/1/6 13877/1/6
f 13877/1/6 13874/1/6 13878/1/6
f 13879/1/6 13880/1/6 13883/1/6
f 13883/1/6 13880/1/6 13884/1/6
f 13881/1/6 13882/1/6 13885/1/6
f 13885/1/6 13882/1/6 13886/1/6
f 13887/1/6 13888/1/6 13891/1/6
f 13891/1/6 13888/1/6 13892/1/6
f 13889/1/6 13890/1/6 13893/1/6
f 13893/1/6 13890/1/6 13894/1/6
f 13895/1/6 13896/1/6 13899/1/6
f 13899/1/6 13896/1/6 13900/1/6
f 13897/2/6 13898/2/6 13901/2/6
f 13901/2/6 13898/2/6 13902/2/6
f 13903/1/6 13904/1/6 13907/1/6
f 13907/1/6 13904/1/6 13908/1/6
f 13905/2/6 13906/2/6 13909/2/6
f 13909/2/6 13906/2/6 13910/2/6
f 13911/1/6 13912/1/6 13915/1/6
f 13915/1/6 13912/1/6 13916/1/6
f 13913/1/6 13914/1/6 13917/1/6
f 13917/1/6 13914/1/6 13918/1/6
f 13919/1/6 13920/1/6 13923/1/6
f 13923/1/6 13920/1/6 13924/1/6
f 13921/1/6 13922/1/6 13925/1/6
f 13925/1/6 13922/1/6 13926/1/6
f 13927/1/6 13928/1/6 13931/1/6
f 13931/1/6 13928/1/6 13932/1/6
f 13929/1/6 13930/1/6 13935/1/6
f 13935/1/6 13930/1/6 13936/1/6
f 13932/1/6 13933/1/6 13937/1/6
f 13937/1/6 13933/1/6 13938/1/6
f 13934/1/6 13935/1/6 13941/1/6
f 13941/1/6 13935/1/6 13942/1/6
f 13938/1/6 13939/1/6 13943/1/6
f 13943/1/6 13939/1/6 13944/1/6
f 13940/1/6 13941/1/6 13945/1/6
f 13945/1/6 13941/1/6 13946/1/6
f 13947/1/6 13948/1/6 13951/1/6
f 13951/1/6 13948/1/6 13952/1/6
f 13949/1/6 13950/1/6 13957/1/6
f 13957/1/6 13950/1/6 13958/1/6
f 13953/1/6 13954/1/6 13959/1/6
f 13959/1/6 13954/1/6 13960/1/6
f 13955/2/6 13956/2/6 13965/2/6
f 13965/2/6 13956/2/6 13966/2/6
f 13961/1/6 13962/1/6 13967/1/6
f 13967/1/6 13962/1/6 13968/1/6
f 13963/2/6 13964/2/6 13969/2/6
f 13969/2/6 13964/2/6 13970/2/6
f 13971/3/6 13972/3/6 13981/3/6
f 13972/4/6 13973/4/6 13982/4/6
f 13981/3/6 13972/3/6 13982/3/6
f 13982/4/6 13973/4/6 13983/4/6
f 13973/3/6 13974/3/6 13984/3/6
f 13983/4/6 13973/4/6 13984/4/6
f 13984/3/6 13974/3/6 13985/3/6
f 13974/4/6 13975/4/6 13986/4/6
f 13985/3/6 13974/3/6 13986/3/6
f 13986/4/6 13975/4/6 13987/4/6
f 13976/4/6 13977/4/6 13988/4/6
f 13977/3/6 13978/3/6 13989/3/6
f 13988/4/6 13977/4/6 13989/4/6
f 13989/3/6 13978/3/6 13990/3/6
f 13978/4/6 13979/4/6 13991/4/6
f 13990/3/6 13978/3/6 13991/3/6
f 13991/4/6 13979/4/6 13992/4/6
f 13979/3/6 13980/3/6 13993/3/6
f 13992/4/6 13979/4/6 13993/4/6
f 13993/3/6 13980/3/6 13994/3/6
f 13982/3/6 13983/3/6 13995/3/6
f 13984/4/6 13985/4/6 13996/4/6
f 13995/3/6 13983/3/6 13996/3/6
f 13983/4/6 13984/4/6 13996/4/6
f 13996/4/6 13985/4/6 13997/4/6
f 13985/3/6 13986/3/6 13998/3/6
f 13997/4/6 13985/4/6 13998/4/6
f 13986/3/6 13987/3/6 13998/3/6
f 13998/3/6 13987/3/6 13999/3/6
f 13987/4/6 13975/4/6 14000/4/6
f 13999/3/6 13987/3/6 14000/3/6
f 14000/4/6 13975/4/6 14001/4/6
f 13976/4/6 13988/4/6 14003/4/6
f 14003/4/6 13988/4/6 14004/4/6
f 13989/3/6 13990/3/6 14005/3/6
f 14004/4/6 13988/4/6 14005/4/6
f 13988/3/6 13989/3/6 14005/3/6
f 14005/3/6 13990/3/6 14006/3/6
f 13991/4/6 13992/4/6 14007/4/6
f 14006/3/6 13990/3/6 14007/3/6
f 13990/4/6 13991/4/6 14007/4/6
f 14007/4/6 13992/4/6 14008/4/6
f 13992/3/6 13993/3/6 14009/3/6
f 14008/4/6 13992/4/6 14009/4/6
f 14009/3/6 13993/3/6 14010/3/6
f 13996/3/6 13997/3/6 14011/3/6
f 13998/4/6 13999/4/6 14012/4/6
f 14011/3/6 13997/3/6 14012/3/6
f 13997/4/6 13998/4/6 14012/4/6
f 14012/4/6 13999/4/6 14013/4/6
f 13999/3/6 14000/3/6 14014/3/6
f 14013/4/6 13999/4/6 14014/4/6
f 14000/3/6 14001/3/6 14014/3/6
f 14014/3/6 14001/3/6 14015/3/6
f 14001/4/6 13975/4/6 14016/4/6
f 14015/3/6 14001/3/6 14016/3/6
f 14016/4/6 13975/4/6 14017/4/6
f 14017/4/6 13975/4/6 14018/4/6
f 14003/4/6 14004/4/6 14019/4/6
f 14002/4/6 14003/4/6 14019/4/6
f 14019/4/6 14004/4/6 14020/4/6
f 14005/3/6 14006/3/6 14021/3/6
f 14020/4/6 14004/4/6 14021/4/6
f 14004/3/6 14005/3/6 14021/3/6
f 14021/3/6 14006/3/6 14022/3/6
f 14007/4/6 14008/4/6 14023/4/6
f 14022/3/6 14006/3/6 14023/3/6
f 14006/4/6 14007/4/6 14023/4/6
f 14023/4/6 14008/4/6 14024/4/6
f 14008/3/6 14009/3/6 14025/3/6
f 14024/4/6 14008/4/6 14025/4/6
f 14025/3/6 14009/3/6 14026/3/6
f 14027/1/6 14028/1/6 14033/1/6
f 14033/1/6 14028/1/6 14034/1/6
f 14029/1/6 14030/1/6 14035/1/6
f 14035/1/6 14030/1/6 14036/1/6
f 14031/1/6 14032/1/6 14041/1/6
f 14041/1/6 14032/1/6 14042/1/6
f 14037/1/6 14038/1/6 14043/1/6
f 14043/1/6 14038/1/6 14044/1/6
f 14039/1/6 14040/1/6 14049/1/6
f 14049/1/6 14040/1/6 14050/1/6
f 14045/2/6 14046/2/6 14051/2/6
f 14051/2/6 14046/2/6 14052/2/6
f 14047/1/6 14048/1/6 14055/1/6
f 14055/1/6 14048/1/6 14056/1/6
f 14053/2/6 14054/2/6 14057/2/6
f 14057/2/6 14054/2/6 14058/2/6
f 14059/1/6 14060/1/6 14063/1/6
f 14063/1/6 14060/1/6 14064/1/6
f 14061/1/6 14062/1/6 14065/1/6
f 14065/1/6 14062/1/6 14066/1/6
f 14067/1/6 14068/1/6 14071/1/6
f 14071/1/6 14068/1/6 14072/1/6
f 14069/1/6 14070/1/6 14073/1/6
f 14073/1/6 14070/1/6 14074/1/6
f 14075/1/6 14076/1/6 14079/1/6
f 14079/1/6 14076/1/6 14080/1/6
f 14077/1/6 14078/1/6 14081/1/6
f 14081/1/6 14078/1/6 14082/1/6
f 14083/1/6 14084/1/6 14087/1/6
f 14087/1/6 14084/1/6 14088/1/6
f 14085/2/6 14086/2/6 14089/2/6
f 14089/2/6 14086/2/6 14090/2/6
f 14091/1/6 14092/1/6 14095/1/6
f 14095/1/6 14092/1/6 14096/1/6
f 14093/2/6 14094/2/6 14097/2/6
f 14097/2/6 14094/2/6 14098/2/6
f 14099/1/6 14100/1/6 14103/1/6
f 14103/1/6 14100/1/6 14104/1/6
f 14101/2/6 14102/2/6 14105/2/6
f 14105/2/6 14102/2/6 14106/2/6
f 14107/1/6 14108/1/6 14111/1/6
f 14111/1/6 14108/1/6 14112/1/6
f 14109/1/6 14110/1/6 14113/1/6
f 14113/1/6 14110/1/6 14114/1/6
f 14115/1/6 14116/1/6 14119/1/6
f 14119/1/6 14116/1/6 14120/1/6
f 14117/1/6 14118/1/6 14121/1/6
f 14121/1/6 14118/1/6 14122/1/6
f 14123/1/6 14124/1/6 14127/1/6
f 14127/1/6 14124/1/6 14128/1/6
f 14125/1/6 14126/1/6 14133/1/6
f 14133/1/6 14126/1/6 14134/1/6
f 14129/1/6 14130/1/6 14135/1/6
f 14135/1/6 14130/1/6 14136/1/6
f 14131/2/6 14132/2/6 14141/2/6
f 14141/2/6 14132/2/6 14142/2/6
f 14137/1/6 14138/1/6 14143/1/6
f 14143/1/6 14138/1/6 14144/1/6
f 14139/2/6 14140/2/6 14151/2/6
f 14151/2/6 14140/2/6 14152/2/6
f 14145/1/6 14146/1/6 14153/1/6
f 14153/1/6 14146/1/6 14154/1/6
f 14147/1/6 14148/1/6 14155/1/6
f 14148/1/6 14149/1/6 14155/1/6
f 14149/2/6 14150/2/6 14156/2/6
f 14155/1/6 14149/1/6 14156/1/6
f 14156/2/6 14150/2/6 14157/2/6
f 14158/3/6 14159/3/6 14168/3/6
f 14159/4/6 14160/4/6 14169/4/6
f 14168/3/6 14159/3/6 14169/3/6
f 14169/4/6 14160/4/6 14170/4/6
f 14160/3/6 14161/3/6 14171/3/6
f 14170/4/6 14160/4/6 14171/4/6
f 14171/3/6 14161/3/6 14172/3/6
f 14161/4/6 14162/4/6 14173/4/6
f 14172/3/6 14161/3/6 14173/3/6
f 14173/4/6 14162/4/6 14174/4/6
f 14174/4/6 14162/4/6 14175/4/6
f 14163/4/6 14164/4/6 14178/4/6
f 14178/4/6 14164/4/6 14179/4/6
f 14164/3/6 14165/3/6 14180/3/6
f 14179/4/6 14164/4/6 14180/4/6
f 14180/3/6 14165/3/6 14181/3/6
f 14165/4/6 14166/4/6 14182/4/6
f 14181/3/6 14165/3/6 14182/3/6
f 14182/4/6 14166/4/6 14183/4/6
f 14166/3/6 14167/3/6 14184/3/6
f 14183/4/6 14166/4/6 14184/4/6
f 14184/3/6 14167/3/6 14185/3/6
f 14169/3/6 14170/3/6 14186/3/6
f 14171/4/6 14172/4/6 14187/4/6
f 14186/3/6 14170/3/6 14187/3/6
f 14170/4/6 14171/4/6 14187/4/6
f 14187/4/6 14172/4/6 14188/4/6
f 14172/3/6 14173/3/6 14189/3/6
f 14188/4/6 14172/4/6 14189/4/6
f 14173/3/6 14174/3/6 14189/3/6
f 14189/3/6 14174/3/6 14190/3/6
f 14175/4/6 14176/4/6 14191/4/6
f 14190/3/6 14174/3/6 14191/3/6
f 14174/4/6 14175/4/6 14191/4/6
f 14191/4/6 14176/4/6 14192/4/6
f 14192/4/6 14176/4/6 14193/4/6
f 14178/4/6 14179/4/6 14196/4/6
f 14177/4/6 14178/4/6 14196/4/6
f 14180/3/6 14181/3/6 14197/3/6
f 14179/3/6 14180/3/6 14197/3/6
f 14196/4/6 14179/4/6 14197/4/6
f 14197/3/6 14181/3/6 14198/3/6
f 14182/4/6 14183/4/6 14199/4/6
f 14198/3/6 14181/3/6 14199/3/6
f 14181/4/6 14182/4/6 14199/4/6
f 14199/4/6 14183/4/6 14200/4/6
f 14183/3/6 14184/3/6 14201/3/6
f 14200/4/6 14183/4/6 14201/4/6
f 14201/3/6 14184/3/6 14202/3/6
f 14187/3/6 14188/3/6 14203/3/6
f 14189/4/6 14190/4/6 14204/4/6
f 14203/3/6 14188/3/6 14204/3/6
f 14188/4/6 14189/4/6 14204/4/6
f 14204/4/6 14190/4/6 14205/4/6
f 14190/3/6 14191/3/6 14206/3/6
f 14205/4/6 14190/4/6 14206/4/6
f 14191/3/6 14192/3/6 14206/3/6
f 14206/3/6 14192/3/6 14207/3/6
f 14193/4/6 14194/4/6 14208/4/6
f 14207/3/6 14192/3/6 14208/3/6
f 14192/4/6 14193/4/6 14208/4/6
f 14208/4/6 14194/4/6 14209/4/6
f 14209/4/6 14194/4/6 14210/4/6
f 14195/4/6 14196/4/6 14211/4/6
f 14211/4/6 14196/4/6 14212/4/6
f 14197/3/6 14198/3/6 14213/3/6
f 14212/4/6 14196/4/6 14213/4/6
f 14196/3/6 14197/3/6 14213/3/6
f 14213/3/6 14198/3/6 14214/3/6
f 14199/4/6 14200/4/6 14215/4/6
f 14214/3/6 14198/3/6 14215/3/6
f 14198/4/6 14199/4/6 14215/4/6
f 14215/4/6 14200/4/6 14216/4/6
f 14200/3/6 14201/3/6 14217/3/6
f 14216/4/6 14200/4/6 14217/4/6
f 14217/3/6 14201/3/6 14218/3/6
f 14204/3/6 14205/3/6 14219/3/6
f 14206/4/6 14207/4/6 14220/4/6
f 14219/3/6 14205/3/6 14220/3/6
f 14205/4/6 14206/4/6 14220/4/6
f 14220/4/6 14207/4/6 14221/4/6
f 14207/3/6 14208/3/6 14222/3/6
f 14221/4/6 14207/4/6 14222/4/6
f 14208/3/6 14209/3/6 14222/3/6
f 14222/3/6 14209/3/6 14223/3/6
f 14211/4/6 14212/4/6 14224/4/6
f 14223/3/6 14209/3/6 14224/3/6
f 14209/4/6 14210/4/6 14224/4/6
f 14210/4/6 14211/4/6 14224/4/6
f 14224/4/6 14212/4/6 14225/4/6
f 14225/4/6 14212/4/6 14226/4/6
f 14213/3/6 14214/3/6 14227/3/6
f 14226/4/6 14212/4/6 14227/4/6
f 14212/3/6 14213/3/6 14227/3/6
f 14227/3/6 14214/3/6 14228/3/6
f 14215/4/6 14216/4/6 14229/4/6
f 14228/3/6 14214/3/6 14229/3/6
f 14214/4/6 14215/4/6 14229/4/6
f 14229/4/6 14216/4/6 14230/4/6
f 14216/3/6 14217/3/6 14231/3/6
f 14230/4/6 14216/4/6 14231/4/6
f 14231/3/6 14217/3/6 14232/3/6
f 14233/1/6 14234/1/6 14237/1/6
f 14237/1/6 14234/1/6 14238/1/6
f 14235/1/6 14236/1/6 14243/1/6
f 14243/1/6 14236/1/6 14244/1/6
f 14239/2/6 14240/2/6 14245/2/6
f 14245/2/6 14240/2/6 14246/2/6
f 14241/1/6 14242/1/6 14251/1/6
f 14251/1/6 14242/1/6 14252/1/6
f 14247/2/6 14248/2/6 14253/2/6
f 14253/2/6 14248/2/6 14254/2/6
f 14249/1/6 14250/1/6 14259/1/6
f 14259/1/6 14250/1/6 14260/1/6
f 14255/2/6 14256/2/6 14261/2/6
f 14261/2/6 14256/2/6 14262/2/6
f 14257/1/6 14258/1/6 14266/1/6
f 14266/1/6 14258/1/6 14267/1/6
f 14263/1/6 14264/1/6 14268/1/6
f 14268/1/6 14264/1/6 14269/1/6
f 14265/1/6 14266/1/6 14272/1/6
f 14272/1/6 14266/1/6 14273/1/6
f 14269/1/6 14270/1/6 14274/1/6
f 14274/1/6 14270/1/6 14275/1/6
f 14271/1/6 14272/1/6 14278/1/6
f 14278/1/6 14272/1/6 14279/1/6
f 14275/1/6 14276/1/6 14280/1/6
f 14280/1/6 14276/1/6 14281/1/6
f 14277/1/6 14278/1/6 14283/1/6
f 14283/1/6 14278/1/6 14284/1/6
f 14281/1/6 14282/1/6 14285/1/6
f 14285/1/6 14282/1/6 14286/1/6
f 14287/1/6 14288/1/6 14291/1/6
f 14291/1/6 14288/1/6 14292/1/6
f 14289/1/6 14290/1/6 14293/1/6
f 14293/1/6 14290/1/6 14294/1/6
f 14295/1/6 14296/1/6 14299/1/6
f 14299/1/6 14296/1/6 14300/1/6
f 14297/1/6 14298/1/6 14301/1/6
f 14301/1/6 14298/1/6 14302/1/6
f 14303/1/6 14304/1/6 14307/1/6
f 14307/1/6 14304/1/6 14308/1/6
f 14305/1/6 14306/1/6 14309/1/6
f 14309/1/6 14306/1/6 14310/1/6
f 14311/1/6 14312/1/6 14315/1/6
f 14315/1/6 14312/1/6 14316/1/6
f 14313/2/6 14314/2/6 14317/2/6
f 14317/2/6 14314/2/6 14318/2/6
f 14319/1/6 14320/1/6 14323/1/6
f 14323/1/6 14320/1/6 14324/1/6
f 14321/2/6 14322/2/6 14325/2/6
f 14325/2/6 14322/2/6 14326/2/6
f 14327/1/6 14328/1/6 14331/1/6
f 14331/1/6 14328/1/6 14332/1/6
f 14329/1/6 14330/1/6 14333/1/6
f 14333/1/6 14330/1/6 14334/1/6
f 14335/1/6 14336/1/6 14339/1/6
f 14339/1/6 14336/1/6 14340/1/6
f 14337/1/6 14338/1/6 14341/1/6
f 14341/1/6 14338/1/6 14342/1/6
f 14343/1/6 14344/1/6 14347/1/6
f 14347/1/6 14344/1/6 14348/1/6
f 14345/1/6 14346/1/6 14351/1/6
f 14351/1/6 14346/1/6 14352/1/6
f 14348/1/6 14349/1/6 14353/1/6
f 14353/1/6 14349/1/6 14354/1/6
f 14350/1/6 14351/1/6 14357/1/6
f 14357/1/6 14351/1/6 14358/1/6
f 14354/1/6 14355/1/6 14359/1/6
f 14359/1/6 14355/1/6 14360/1/6
f 14356/1/6 14357/1/6 14363/1/6
f 14363/1/6 14357/1/6 14364/1/6
f 14360/1/6 14361/1/6 14365/1/6
f 14365/1/6 14361/1/6 14366/1/6
f 14362/1/6 14363/1/6 14371/1/6
f 14371/1/6 14363/1/6 14372/1/6
f 14367/1/6 14368/1/6 14373/1/6
f 14373/1/6 14368/1/6 14374/1/6
f 14369/2/6 14370/2/6 14379/2/6
f 14379/2/6 14370/2/6 14380/2/6
f 14375/1/6 14376/1/6 14381/1/6
f 14381/1/6 14376/1/6 14382/1/6
f 14377/2/6 14378/2/6 14387/2/6
f 14387/2/6 14378/2/6 14388/2/6
f 14383/1/6 14384/1/6 14389/1/6
f 14389/1/6 14384/1/6 14390/1/6
f 14385/2/6 14386/2/6 14393/2/6
f 14393/2/6 14386/2/6 14394/2/6
f 14391/1/6 14392/1/6 14395/1/6
f 14395/1/6 14392/1/6 14396/1/6
f 14397/3/6 14398/3/6 14405/3/6
f 14398/4/6 14399/4/6 14406/4/6
f 14405/3/6 14398/3/6 14406/3/6
f 14406/4/6 14399/4/6 14407/4/6
f 14399/3/6 14400/3/6 14408/3/6
f 14407/4/6 14399/4/6 14408/4/6
f 14408/3/6 14400/3/6 14409/3/6
f 14400/4/6 14401/4/6 14410/4/6
f 14409/3/6 14400/3/6 14410/3/6
f 14401/3/6 14402/3/6 14411/3/6
f 14410/4/6 14401/4/6 14411/4/6
f 14411/3/6 14402/3/6 14412/3/6
f 14402/4/6 14403/4/6 14413/4/6
f 14412/3/6 14402/3/6 14413/3/6
f 14413/4/6 14403/4/6 14414/4/6
f 14403/3/6 14404/3/6 14415/3/6
f 14414/4/6 14403/4/6 14415/4/6
f 14415/3/6 14404/3/6 14416/3/6
f 14406/3/6 14407/3/6 14417/3/6
f 14408/4/6 14409/4/6 14418/4/6
f 14417/3/6 14407/3/6 14418/3/6
f 14407/4/6 14408/4/6 14418/4/6
f 14418/4/6 14409/4/6 14419/4/6
f 14411/3/6 14412/3/6 14420/3/6
f 14419/4/6 14409/4/6 14420/4/6
f 14409/3/6 14410/3/6 14420/3/6
f 14410/3/6 14411/3/6 14420/3/6
f 14420/3/6 14412/3/6 14421/3/6
f 14421/3/6 14412/3/6 14422/3/6
f 14413/4/6 14414/4/6 14423/4/6
f 14422/3/6 14412/3/6 14423/3/6
f 14412/4/6 14413/4/6 14423/4/6
f 14423/4/6 14414/4/6 14424/4/6
f 14414/3/6 14415/3/6 14425/3/6
f 14424/4/6 14414/4/6 14425/4/6
f 14425/3/6 14415/3/6 14426/3/6
f 14427/1/6 14428/1/6 14434/1/6
f 14434/1/6 14428/1/6 14435/1/6
f 14429/1/6 14430/1/6 14436/1/6
f 14430/2/6 14431/2/6 14437/2/6
f 14436/1/6 14430/1/6 14437/1/6
f 14437/2/6 14431/2/6 14438/2/6
f 14432/1/6 14433/1/6 14443/1/6
f 14443/1/6 14433/1/6 14444/1/6
f 14439/2/6 14440/2/6 14445/2/6
f 14445/2/6 14440/2/6 14446/2/6
f 14441/1/6 14442/1/6 14451/1/6
f 14451/1/6 14442/1/6 14452/1/6
f 14447/2/6 14448/2/6 14453/2/6
f 14453/2/6 14448/2/6 14454/2/6
f 14449/1/6 14450/1/6 14458/1/6
f 14458/1/6 14450/1/6 14459/1/6
f 14455/2/6 14456/2/6 14460/2/6
f 14460/2/6 14456/2/6 14461/2/6
f 14457/1/6 14458/1/6 14464/1/6
f 14464/1/6 14458/1/6 14465/1/6
f 14461/1/6 14462/1/6 14466/1/6
f 14466/1/6 14462/1/6 14467/1/6
f 14463/1/6 14464/1/6 14470/1/6
f 14470/1/6 14464/1/6 14471/1/6
f 14467/1/6 14468/1/6 14472/1/6
f 14472/1/6 14468/1/6 14473/1/6
f 14469/1/6 14470/1/6 14476/1/6
f 14476/1/6 14470/1/6 14477/1/6
f 14473/1/6 14474/1/6 14478/1/6
f 14478/1/6 14474/1/6 14479/1/6
f 14475/1/6 14476/1/6 14481/1/6
f 14481/1/6 14476/1/6 14482/1/6
f 14479/1/6 14480/1/6 14483/1/6
f 14483/1/6 14480/1/6 14484/1/6
f 14485/1/6 14486/1/6 14489/1/6
f 14489/1/6 14486/1/6 14490/1/6
f 14487/1/6 14488/1/6 14491/1/6
f 14491/1/6 14488/1/6 14492/1/6
f 14493/1/6 14494/1/6 14497/1/6
f 14497/1/6 14494/1/6 14498/1/6
f 14495/1/6 14496/1/6 14499/1/6
f 14499/1/6 14496/1/6 14500/1/6
f 14503/1/6 14504/1/6 14505/1/6
f 14505/1/6 14504/1/6 14506/1/6
f 14501/1/6 14502/1/6 14507/1/6
f 14507/1/6 14502/1/6 14508/1/6
f 14505/2/6 14506/2/6 14509/2/6
f 14509/2/6 14506/2/6 14510/2/6
f 14513/2/6 14514/2/6 14515/2/6
f 14511/1/6 14512/1/6 14516/1/6
f 14516/1/6 14512/1/6 14517/1/6
f 14515/2/6 14514/2/6 14518/2/6
f 14518/2/6 14514/2/6 14519/2/6
f 14520/1/6 14521/1/6 14524/1/6
f 14524/1/6 14521/1/6 14525/1/6
f 14522/1/6 14523/1/6 14526/1/6
f 14526/1/6 14523/1/6 14527/1/6
f 14528/1/6 14529/1/6 14532/1/6
f 14532/1/6 14529/1/6 14533/1/6
f 14530/1/6 14531/1/6 14534/1/6
f 14534/1/6 14531/1/6 14535/1/6
f 14536/2/6 14537/2/6 14540/2/6
f 14540/2/6 14537/2/6 14541/2/6
f 14538/1/6 14539/1/6 14544/1/6
f 14544/1/6 14539/1/6 14545/1/6
f 14541/2/6 14542/2/6 14546/2/6
f 14546/2/6 14542/2/6 14547/2/6
f 14543/1/6 14544/1/6 14550/1/6
f 14550/1/6 14544/1/6 14551/1/6
f 14547/2/6 14548/2/6 14552/2/6
f 14552/2/6 14548/2/6 14553/2/6
f 14549/1/6 14550/1/6 14556/1/6
f 14556/1/6 14550/1/6 14557/1/6
f 14553/2/6 14554/2/6 14558/2/6
f 14558/2/6 14554/2/6 14559/2/6
f 14555/1/6 14556/1/6 14562/1/6
f 14562/1/6 14556/1/6 14563/1/6
f 14559/1/6 14560/1/6 14564/1/6
f 14564/1/6 14560/1/6 14565/1/6
f 14561/1/6 14562/1/6 14570/1/6
f 14570/1/6 14562/1/6 14571/1/6
f 14566/1/6 14567/1/6 14572/1/6
f 14572/1/6 14567/1/6 14573/1/6
f 14568/2/6 14569/2/6 14578/2/6
f 14578/2/6 14569/2/6 14579/2/6
f 14574/1/6 14575/1/6 14580/1/6
f 14580/1/6 14575/1/6 14581/1/6
f 14576/2/6 14577/2/6 14586/2/6
f 14586/2/6 14577/2/6 14587/2/6
f 14582/1/6 14583/1/6 14588/1/6
f 14588/1/6 14583/1/6 14589/1/6
f 14584/2/6 14585/2/6 14590/2/6
f 14590/2/6 14585/2/6 14591/2/6
f 14592/3/6 14593/3/6 14598/3/6
f 14593/4/6 14594/4/6 14599/4/6
f 14598/3/6 14593/3/6 14599/3/6
f 14599/4/6 14594/4/6 14600/4/6
f 14594/3/6 14595/3/6 14601/3/6
f 14600/4/6 14594/4/6 14601/4/6
f 14595/4/6 14596/4/6 14602/4/6
f 14601/3/6 14595/3/6 14602/3/6
f 14602/4/6 14596/4/6 14603/4/6
f 14596/3/6 14597/3/6 14604/3/6
f 14603/4/6 14596/4/6 14604/4/6
f 14604/3/6 14597/3/6 14605/3/6
f 14599/3/6 14600/3/6 14606/3/6
f 14600/4/6 14601/4/6 14607/4/6
f 14606/3/6 14600/3/6 14607/3/6
f 14602/4/6 14603/4/6 14607/4/6
f 14601/4/6 14602/4/6 14607/4/6
f 14607/4/6 14603/4/6 14608/4/6
f 14608/4/6 14603/4/6 14609/4/6
f 14603/3/6 14604/3/6 14610/3/6
f 14609/4/6 14603/4/6 14610/4/6
f 14610/3/6 14604/3/6 14611/3/6
f 14607/3/6 14608/3/6 14612/3/6
f 14608/4/6 14609/4/6 14613/4/6
f 14612/3/6 14608/3/6 14613/3/6
f 14609/3/6 14610/3/6 14614/3/6
f 14613/4/6 14609/4/6 14614/4/6
f 14614/3/6 14610/3/6 14615/3/6
f 14613/3/6 14614/3/6 14616/3/6
f 14616/3/6 14614/3/6 14617/3/6
f 14618/1/6 14619/1/6 14622/1/6
f 14622/1/6 14619/1/6 14623/1/6
f 14620/1/6 14621/1/6 14628/1/6
f 14628/1/6 14621/1/6 14629/1/6
f 14624/2/6 14625/2/6 14630/2/6
f 14630/2/6 14625/2/6 14631/2/6
f 14626/1/6 14627/1/6 14636/1/6
f 14636/1/6 14627/1/6 14637/1/6
f 14632/2/6 14633/2/6 14638/2/6
f 14638/2/6 14633/2/6 14639/2/6
f 14634/1/6 14635/1/6 14643/1/6
f 14643/1/6 14635/1/6 14644/1/6
f 14640/2/6 14641/2/6 14645/2/6
f 14645/2/6 14641/2/6 14646/2/6
f 14642/1/6 14643/1/6 14648/1/6
f 14648/1/6 14643/1/6 14649/1/6
f 14646/1/6 14647/1/6 14650/1/6
f 14650/1/6 14647/1/6 14651/1/6
f 14652/1/6 14653/1/6 14657/1/6
f 14657/1/6 14653/1/6 14658/1/6
f 14654/1/6 14655/1/6 14659/1/6
f 14659/1/6 14655/1/6 14660/1/6
f 14656/1/6 14657/1/6 14662/1/6
f 14662/1/6 14657/1/6 14663/1/6
f 14660/1/6 14661/1/6 14664/1/6
f 14664/1/6 14661/1/6 14665/1/6
f 14666/1/6 14667/1/6 14670/1/6
f 14670/1/6 14667/1/6 14671/1/6
f 14668/1/6 14669/1/6 14672/1/6
f 14672/1/6 14669/1/6 14673/1/6
f 14674/1/6 14675/1/6 14678/1/6
f 14678/1/6 14675/1/6 14679/1/6
f 14676/1/6 14677/1/6 14680/1/6
f 14680/1/6 14677/1/6 14681/1/6
f 14684/2/6 14685/2/6 14686/2/6
f 14682/1/6 14683/1/6 14687/1/6
f 14687/1/6 14683/1/6 14688/1/6
f 14686/2/6 14685/2/6 14689/2/6
f 14689/2/6 14685/2/6 14690/2/6
f 14691/1/6 14692/1/6 14695/1/6
f 14695/1/6 14692/1/6 14696/1/6
f 14693/1/6 14694/1/6 14697/1/6
f 14697/1/6 14694/1/6 14698/1/6
f 14699/1/6 14700/1/6 14703/1/6
f 14703/1/6 14700/1/6 14704/1/6
f 14701/1/6 14702/1/6 14705/1/6
f 14705/1/6 14702/1/6 14706/1/6
f 14707/2/6 14708/2/6 14711/2/6
f 14711/2/6 14708/2/6 14712/2/6
f 14709/1/6 14710/1/6 14715/1/6
f 14715/1/6 14710/1/6 14716/1/6
f 14712/2/6 14713/2/6 14717/2/6
f 14717/2/6 14713/2/6 14718/2/6
f 14714/1/6 14715/1/6 14719/1/6
f 14719/1/6 14715/1/6 14720/1/6
f 14721/2/6 14722/2/6 14725/2/6
f 14725/2/6 14722/2/6 14726/2/6
f 14723/1/6 14724/1/6 14729/1/6
f 14729/1/6 14724/1/6 14730/1/6
f 14726/1/6 14727/1/6 14731/1/6
f 14731/1/6 14727/1/6 14732/1/6
f 14728/2/6 14729/2/6 14737/2/6
f 14737/2/6 14729/2/6 14738/2/6
f 14733/1/6 14734/1/6 14739/1/6
f 14739/1/6 14734/1/6 14740/1/6
f 14735/2/6 14736/2/6 14745/2/6
f 14745/2/6 14736/2/6 14746/2/6
f 14741/1/6 14742/1/6 14747/1/6
f 14747/1/6 14742/1/6 14748/1/6
f 14743/2/6 14744/2/6 14751/2/6
f 14751/2/6 14744/2/6 14752/2/6
f 14749/1/6 14750/1/6 14753/1/6
f 14753/1/6 14750/1/6 14754/1/6
f 14755/1/6 14756/1/6 14760/1/6
f 14756/2/6 14757/2/6 14761/2/6
f 14760/1/6 14756/1/6 14761/1/6
f 14761/2/6 14757/2/6 14762/2/6
f 14758/1/6 14759/1/6 14767/1/6
f 14767/1/6 14759/1/6 14768/1/6
f 14768/1/6 14759/1/6 14769/1/6
f 14763/2/6 14764/2/6 14770/2/6
f 14770/2/6 14764/2/6 14771/2/6
f 14765/1/6 14766/1/6 14775/1/6
f 14775/1/6 14766/1/6 14776/1/6
f 14772/2/6 14773/2/6 14777/2/6
f 14777/2/6 14773/2/6 14778/2/6
f 14774/1/6 14775/1/6 14782/1/6
f 14782/1/6 14775/1/6 14783/1/6
f 14778/1/6 14779/1/6 14784/1/6
f 14784/1/6 14779/1/6 14785/1/6
f 14780/1/6 14781/1/6 14789/1/6
f 14789/1/6 14781/1/6 14790/1/6
f 14786/1/6 14787/1/6 14791/1/6
f 14791/1/6 14787/1/6 14792/1/6
f 14788/1/6 14789/1/6 14794/1/6
f 14794/1/6 14789/1/6 14795/1/6
f 14792/1/6 14793/1/6 14796/1/6
f 14796/1/6 14793/1/6 14797/1/6
f 14798/1/6 14799/1/6 14803/1/6
f 14803/1/6 14799/1/6 14804/1/6
f 14800/1/6 14801/1/6 14805/1/6
f 14805/1/6 14801/1/6 14806/1/6
f 14802/1/6 14803/1/6 14808/1/6
f 14808/1/6 14803/1/6 14809/1/6
f 14806/1/6 14807/1/6 14810/1/6
f 14810/1/6 14807/1/6 14811/1/6
f 14812/1/6 14813/1/6 14816/1/6
f 14816/1/6 14813/1/6 14817/1/6
f 14814/1/6 14815/1/6 14818/1/6
f 14818/1/6 14815/1/6 14819/1/6
f 14822/1/6 14823/1/6 14824/1/6
f 14824/1/6 14823/1/6 14825/1/6
f 14824/2/6 14825/2/6 14826/2/6
f 14826/2/6 14825/2/6 14827/2/6
f 14820/1/6 14821/1/6 14828/1/6
f 14828/1/6 14821/1/6 14829/1/6
f 14826/1/6 14827/1/6 14830/1/6
f 14830/1/6 14827/1/6 14831/1/6
f 14832/1/6 14833/1/6 14836/1/6
f 14836/1/6 14833/1/6 14837/1/6
f 14834/1/6 14835/1/6 14838/1/6
f 14838/1/6 14835/1/6 14839/1/6
f 14840/2/6 14841/2/6 14844/2/6
f 14844/2/6 14841/2/6 14845/2/6
f 14842/1/6 14843/1/6 14848/1/6
f 14848/1/6 14843/1/6 14849/1/6
f 14845/2/6 14846/2/6 14850/2/6
f 14850/2/6 14846/2/6 14851/2/6
f 14847/1/6 14848/1/6 14852/1/6
f 14852/1/6 14848/1/6 14853/1/6
f 14854/2/6 14855/2/6 14858/2/6
f 14858/2/6 14855/2/6 14859/2/6
f 14856/1/6 14857/1/6 14862/1/6
f 14862/1/6 14857/1/6 14863/1/6
f 14859/2/6 14860/2/6 14864/2/6
f 14864/2/6 14860/2/6 14865/2/6
f 14861/1/6 14862/1/6 14870/1/6
f 14870/1/6 14862/1/6 14871/1/6
f 14866/2/6 14867/2/6 14872/2/6
f 14872/2/6 14867/2/6 14873/2/6
f 14868/1/6 14869/1/6 14876/1/6
f 14876/1/6 14869/1/6 14877/1/6
f 14873/1/6 14874/1/6 14878/1/6
f 14878/1/6 14874/1/6 14879/1/6
f 14875/2/6 14876/2/6 14884/2/6
f 14884/2/6 14876/2/6 14885/2/6
f 14880/1/6 14881/1/6 14886/1/6
f 14886/1/6 14881/1/6 14887/1/6
f 14882/2/6 14883/2/6 14891/2/6
f 14891/2/6 14883/2/6 14892/2/6
f 14888/1/6 14889/1/6 14893/1/6
f 14889/2/6 14890/2/6 14894/2/6
f 14893/1/6 14889/1/6 14894/1/6
f 14894/2/6 14890/2/6 14895/2/6
f 14896/1/6 14897/1/6 14902/1/6
f 14902/1/6 14897/1/6 14903/1/6
f 14898/2/6 14899/2/6 14904/2/6
f 14904/2/6 14899/2/6 14905/2/6
f 14905/2/6 14899/2/6 14906/2/6
f 14900/1/6 14901/1/6 14910/1/6
f 14910/1/6 14901/1/6 14911/1/6
f 14907/2/6 14908/2/6 14912/2/6
f 14912/2/6 14908/2/6 14913/2/6
f 14909/1/6 14910/1/6 14916/1/6
f 14916/1/6 14910/1/6 14917/1/6
f 14913/1/6 14914/1/6 14918/1/6
f 14918/1/6 14914/1/6 14919/1/6
f 14915/1/6 14916/1/6 14922/1/6
f 14922/1/6 14916/1/6 14923/1/6
f 14923/1/6 14916/1/6 14924/1/6
f 14919/1/6 14920/1/6 14925/1/6
f 14925/1/6 14920/1/6 14926/1/6
f 14921/1/6 14922/1/6 14929/1/6
f 14929/1/6 14922/1/6 14930/1/6
f 14926/1/6 14927/1/6 14931/1/6
f 14931/1/6 14927/1/6 14932/1/6
f 14928/1/6 14929/1/6 14935/1/6
f 14935/1/6 14929/1/6 14936/1/6
f 14932/1/6 14933/1/6 14937/1/6
f 14937/1/6 14933/1/6 14938/1/6
f 14934/1/6 14935/1/6 14941/1/6
f 14941/1/6 14935/1/6 14942/1/6
f 14938/1/6 14939/1/6 14943/1/6
f 14943/1/6 14939/1/6 14944/1/6
f 14940/1/6 14941/1/6 14946/1/6
f 14946/1/6 14941/1/6 14947/1/6
f 14944/1/6 14945/1/6 14948/1/6
f 14948/1/6 14945/1/6 14949/1/6
f 14950/1/6 14951/1/6 14954/1/6
f 14954/1/6 14951/1/6 14955/1/6
f 14952/1/6 14953/1/6 14956/1/6
f 14956/1/6 14953/1/6 14957/1/6
f 14958/1/6 14959/1/6 14962/1/6
f 14962/1/6 14959/1/6 14963/1/6
f 14960/1/6 14961/1/6 14964/1/6
f 14964/1/6 14961/1/6 14965/1/6
f 14966/1/6 14967/1/6 14970/1/6
f 14966/1/6 14970/1/6 14971/1/6
f 14971/1/6 14970/1/6 14972/1/6
f 14968/1/6 14969/1/6 14975/1/6
f 14975/1/6 14969/1/6 14976/1/6
f 14972/2/6 14973/2/6 14977/2/6
f 14977/2/6 14973/2/6 14978/2/6
f 14974/1/6 14975/1/6 14981/1/6
f 14981/1/6 14975/1/6 14982/1/6
f 14978/2/6 14979/2/6 14983/2/6
f 14983/2/6 14979/2/6 14984/2/6
f 14980/1/6 14981/1/6 14987/1/6
f 14987/1/6 14981/1/6 14988/1/6
f 14984/2/6 14985/2/6 14989/2/6
f 14989/2/6 14985/2/6 14990/2/6
f 14986/1/6 14987/1/6 14993/1/6
f 14993/1/6 14987/1/6 14994/1/6
f 14990/2/6 14991/2/6 14995/2/6
f 14995/2/6 14991/2/6 14996/2/6
f 14992/1/6 14993/1/6 14999/1/6
f 14999/1/6 14993/1/6 15000/1/6
f 14996/2/6 14997/2/6 15001/2/6
f 15001/2/6 14997/2/6 15002/2/6
f 14998/1/6 14999/1/6 15005/1/6
f 15005/1/6 14999/1/6 15006/1/6
f 15002/1/6 15003/1/6 15007/1/6
f 15007/1/6 15003/1/6 15008/1/6
f 15004/2/6 15005/2/6 15014/2/6
f 15014/2/6 15005/2/6 15015/2/6
f 15009/1/6 15010/1/6 15016/1/6
f 15016/1/6 15010/1/6 15017/1/6
f 15011/1/6 15012/1/6 15018/1/6
f 15012/2/6 15013/2/6 15019/2/6
f 15018/1/6 15012/1/6 15019/1/6
f 15019/2/6 15013/2/6 15020/2/6
f 15021/2/6 15022/2/6 15026/2/6
f 15022/1/6 15023/1/6 15027/1/6
f 15026/2/6 15022/2/6 15027/2/6
f 15027/1/6 15023/1/6 15028/1/6
f 15028/1/6 15023/1/6 15029/1/6
f 15024/2/6 15025/2/6 15034/2/6
f 15034/2/6 15025/2/6 15035/2/6
f 15030/1/6 15031/1/6 15036/1/6
f 15031/2/6 15032/2/6 15037/2/6
f 15036/1/6 15031/1/6 15037/1/6
f 15037/2/6 15032/2/6 15038/2/6
f 15033/2/6 15034/2/6 15041/2/6
f 15041/2/6 15034/2/6 15042/2/6
f 15038/1/6 15039/1/6 15043/1/6
f 15043/1/6 15039/1/6 15044/1/6
f 15040/2/6 15041/2/6 15048/2/6
f 15048/2/6 15041/2/6 15049/2/6
f 15044/1/6 15045/1/6 15050/1/6
f 15050/1/6 15045/1/6 15051/1/6
f 15046/1/6 15047/1/6 15054/1/6
f 15047/2/6 15048/2/6 15055/2/6
f 15054/1/6 15047/1/6 15055/1/6
f 15055/2/6 15048/2/6 15056/2/6
f 15051/1/6 15052/1/6 15057/1/6
f 15057/1/6 15052/1/6 15058/1/6
f 15058/1/6 15052/1/6 15059/1/6
f 15053/1/6 15054/1/6 15061/1/6
f 15054/1/6 15055/1/6 15061/1/6
f 15061/1/6 15055/1/6 15062/1/6
f 15059/1/6 15060/1/6 15063/1/6
f 15058/1/6 15059/1/6 15063/1/6
f 15063/1/6 15060/1/6 15064/1/6
f 15053/1/6 15061/1/6 15066/1/6
f 15066/1/6 15061/1/6 15067/1/6
f 15064/1/6 15060/1/6 15068/1/6
f 15068/1/6 15060/1/6 15069/1/6
f 15065/1/6 15066/1/6 15072/1/6
f 15072/1/6 15066/1/6 15073/1/6
f 15069/1/6 15070/1/6 15074/1/6
f 15074/1/6 15070/1/6 15075/1/6
f 15071/1/6 15072/1/6 15078/1/6
f 15078/1/6 15072/1/6 15079/1/6
f 15075/1/6 15076/1/6 15080/1/6
f 15080/1/6 15076/1/6 15081/1/6
f 15077/1/6 15078/1/6 15083/1/6
f 15083/1/6 15078/1/6 15084/1/6
f 15081/1/6 15082/1/6 15085/1/6
f 15085/1/6 15082/1/6 15086/1/6
f 15087/1/6 15088/1/6 15091/1/6
f 15091/1/6 15088/1/6 15092/1/6
f 15089/1/6 15090/1/6 15093/1/6
f 15093/1/6 15090/1/6 15094/1/6
f 15095/1/6 15096/1/6 15099/1/6
f 15099/1/6 15096/1/6 15100/1/6
f 15097/1/6 15098/1/6 15103/1/6
f 15103/1/6 15098/1/6 15104/1/6
f 15100/1/6 15101/1/6 15105/1/6
f 15105/1/6 15101/1/6 15106/1/6
f 15105/2/6 15106/2/6 15107/2/6
f 15107/2/6 15106/2/6 15108/2/6
f 15102/1/6 15103/1/6 15111/1/6
f 15111/1/6 15103/1/6 15112/1/6
f 15108/2/6 15109/2/6 15113/2/6
f 15113/2/6 15109/2/6 15114/2/6
f 15110/1/6 15111/1/6 15117/1/6
f 15117/1/6 15111/1/6 15118/1/6
f 15114/2/6 15115/2/6 15119/2/6
f 15116/1/6 15117/1/6 15122/1/6
f 15119/2/6 15120/2/6 15123/2/6
f 15114/2/6 15119/2/6 15123/2/6
f 15123/2/6 15120/2/6 15124/2/6
f 15124/2/6 15120/2/6 15125/2/6
f 15121/1/6 15122/1/6 15128/1/6
f 15122/1/6 15117/1/6 15129/1/6
f 15128/1/6 15122/1/6 15129/1/6
f 15129/1/6 15117/1/6 15130/1/6
f 15125/2/6 15126/2/6 15131/2/6
f 15124/2/6 15125/2/6 15131/2/6
f 15131/2/6 15126/2/6 15132/2/6
f 15127/1/6 15128/1/6 15135/1/6
f 15128/1/6 15129/1/6 15135/1/6
f 15135/1/6 15129/1/6 15136/1/6
f 15132/2/6 15133/2/6 15137/2/6
f 15137/2/6 15133/2/6 15138/2/6
f 15134/1/6 15135/1/6 15141/1/6
f 15141/1/6 15135/1/6 15142/1/6
f 15138/2/6 15139/2/6 15143/2/6
f 15143/2/6 15139/2/6 15144/2/6
f 15140/1/6 15141/1/6 15148/1/6
f 15148/1/6 15141/1/6 15149/1/6
f 15144/1/6 15145/1/6 15150/1/6
f 15150/1/6 15145/1/6 15151/1/6
f 15146/1/6 15147/1/6 15154/1/6
f 15147/2/6 15148/2/6 15155/2/6
f 15154/1/6 15147/1/6 15155/1/6
f 15155/2/6 15148/2/6 15156/2/6
f 15152/1/6 15153/1/6 15157/1/6
f 15157/1/6 15153/1/6 15158/1/6
f 15159/2/6 15160/2/6 15163/2/6
f 15163/2/6 15160/2/6 15164/2/6
f 15160/1/6 15161/1/6 15165/1/6
f 15164/2/6 15160/2/6 15165/2/6
f 15165/1/6 15161/1/6 15166/1/6
f 15162/2/6 15163/2/6 15169/2/6
f 15169/2/6 15163/2/6 15170/2/6
f 15166/1/6 15167/1/6 15171/1/6
f 15171/1/6 15167/1/6 15172/1/6
f 15168/2/6 15169/2/6 15175/2/6
f 15175/2/6 15169/2/6 15176/2/6
f 15172/1/6 15173/1/6 15177/1/6
f 15177/1/6 15173/1/6 15178/1/6
f 15174/2/6 15175/2/6 15181/2/6
f 15181/2/6 15175/2/6 15182/2/6
f 15178/1/6 15179/1/6 15183/1/6
f 15183/1/6 15179/1/6 15184/1/6
f 15180/1/6 15181/1/6 15187/1/6
f 15187/1/6 15181/1/6 15188/1/6
f 15184/1/6 15185/1/6 15189/1/6
f 15189/1/6 15185/1/6 15190/1/6
f 15186/1/6 15187/1/6 15193/1/6
f 15193/1/6 15187/1/6 15194/1/6
f 15190/1/6 15191/1/6 15195/1/6
f 15195/1/6 15191/1/6 15196/1/6
f 15192/1/6 15193/1/6 15199/1/6
f 15199/1/6 15193/1/6 15200/1/6
f 15196/1/6 15197/1/6 15201/1/6
f 15201/1/6 15197/1/6 15202/1/6
f 15198/1/6 15199/1/6 15205/1/6
f 15205/1/6 15199/1/6 15206/1/6
f 15202/1/6 15203/1/6 15207/1/6
f 15207/1/6 15203/1/6 15208/1/6
f 15204/1/6 15205/1/6 15211/1/6
f 15211/1/6 15205/1/6 15212/1/6
f 15208/1/6 15209/1/6 15213/1/6
f 15213/1/6 15209/1/6 15214/1/6
f 15210/1/6 15211/1/6 15216/1/6
f 15216/1/6 15211/1/6 15217/1/6
f 15214/1/6 15215/1/6 15220/1/6
f 15220/1/6 15215/1/6 15221/1/6
f 15217/1/6 15218/1/6 15222/1/6
f 15222/1/6 15218/1/6 15223/1/6
f 15219/1/6 15220/1/6 15226/1/6
f 15226/1/6 15220/1/6 15227/1/6
f 15223/1/6 15224/1/6 15228/1/6
f 15228/1/6 15224/1/6 15229/1/6
f 15228/2/6 15229/2/6 15230/2/6
f 15230/2/6 15229/2/6 15231/2/6
f 15225/1/6 15226/1/6 15234/1/6
f 15234/1/6 15226/1/6 15235/1/6
f 15231/2/6 15232/2/6 15236/2/6
f 15236/2/6 15232/2/6 15237/2/6
f 15233/1/6 15234/1/6 15240/1/6
f 15240/1/6 15234/1/6 15241/1/6
f 15237/2/6 15238/2/6 15242/2/6
f 15242/2/6 15238/2/6 15243/2/6
f 15239/1/6 15240/1/6 15246/1/6
f 15246/1/6 15240/1/6 15247/1/6
f 15243/2/6 15244/2/6 15248/2/6
f 15248/2/6 15244/2/6 15249/2/6
f 15245/1/6 15246/1/6 15252/1/6
f 15252/1/6 15246/1/6 15253/1/6
f 15249/2/6 15250/2/6 15254/2/6
f 15254/2/6 15250/2/6 15255/2/6
f 15251/1/6 15252/1/6 15258/1/6
f 15258/1/6 15252/1/6 15259/1/6
f 15255/2/6 15256/2/6 15260/2/6
f 15260/2/6 15256/2/6 15261/2/6
f 15257/1/6 15258/1/6 15264/1/6
f 15264/1/6 15258/1/6 15265/1/6
f 15261/1/6 15262/1/6 15266/1/6
f 15266/1/6 15262/1/6 15267/1/6
f 15263/1/6 15264/1/6 15268/1/6
f 15268/1/6 15264/1/6 15269/1/6
f 15267/1/6 15268/1/6 15270/1/6
f 15270/1/6 15268/1/6 15271/1/6
f 15272/2/6 15273/2/6 15276/2/6
f 15276/2/6 15273/2/6 15277/2/6
f 15273/1/6 15274/1/6 15278/1/6
f 15277/2/6 15273/2/6 15278/2/6
f 15278/1/6 15274/1/6 15279/1/6
f 15279/1/6 15274/1/6 15280/1/6
f 15276/2/6 15277/2/6 15283/2/6
f 15275/2/6 15276/2/6 15283/2/6
f 15283/2/6 15277/2/6 15284/2/6
f 15284/2/6 15277/2/6 15285/2/6
f 15279/1/6 15280/1/6 15286/1/6
f 15280/1/6 15281/1/6 15286/1/6
f 15286/1/6 15281/1/6 15287/1/6
f 15287/1/6 15281/1/6 15288/1/6
f 15283/2/6 15284/2/6 15291/2/6
f 15282/2/6 15283/2/6 15291/2/6
f 15291/2/6 15284/2/6 15292/2/6
f 15292/2/6 15284/2/6 15293/2/6
f 15288/1/6 15289/1/6 15294/1/6
f 15287/1/6 15288/1/6 15294/1/6
f 15294/1/6 15289/1/6 15295/1/6
f 15295/1/6 15289/1/6 15296/1/6
f 15291/1/6 15292/1/6 15299/1/6
f 15290/1/6 15291/1/6 15299/1/6
f 15299/1/6 15292/1/6 15300/1/6
f 15300/1/6 15292/1/6 15301/1/6
f 15296/1/6 15297/1/6 15302/1/6
f 15295/1/6 15296/1/6 15302/1/6
f 15302/1/6 15297/1/6 15303/1/6
f 15303/1/6 15297/1/6 15304/1/6
f 15299/1/6 15300/1/6 15307/1/6
f 15298/1/6 15299/1/6 15307/1/6
f 15307/1/6 15300/1/6 15308/1/6
f 15308/1/6 15300/1/6 15309/1/6
f 15304/1/6 15305/1/6 15310/1/6
f 15303/1/6 15304/1/6 15310/1/6
f 15310/1/6 15305/1/6 15311/1/6
f 15311/1/6 15305/1/6 15312/1/6
f 15307/1/6 15308/1/6 15315/1/6
f 15306/1/6 15307/1/6 15315/1/6
f 15315/1/6 15308/1/6 15316/1/6
f 15316/1/6 15308/1/6 15317/1/6
f 15312/1/6 15313/1/6 15318/1/6
f 15311/1/6 15312/1/6 15318/1/6
f 15318/1/6 15313/1/6 15319/1/6
f 15319/1/6 15313/1/6 15320/1/6
f 15315/1/6 15316/1/6 15322/1/6
f 15314/1/6 15315/1/6 15322/1/6
f 15322/1/6 15316/1/6 15323/1/6
f 15320/1/6 15321/1/6 15324/1/6
f 15319/1/6 15320/1/6 15324/1/6
f 15324/1/6 15321/1/6 15325/1/6
f 15314/1/6 15322/1/6 15327/1/6
f 15325/1/6 15321/1/6 15328/1/6
f 15326/1/6 15327/1/6 15330/1/6
f 15327/1/6 15322/1/6 15330/1/6
f 15330/1/6 15322/1/6 15331/1/6
f 15328/1/6 15329/1/6 15332/1/6
f 15325/1/6 15328/1/6 15332/1/6
f 15332/1/6 15329/1/6 15333/1/6
f 15326/1/6 15330/1/6 15335/1/6
f 15333/1/6 15329/1/6 15336/1/6
f 15334/1/6 15335/1/6 15338/1/6
f 15335/1/6 15330/1/6 15338/1/6
f 15338/1/6 15330/1/6 15339/1/6
f 15336/1/6 15337/1/6 15340/1/6
f 15333/1/6 15336/1/6 15340/1/6
f 15340/1/6 15337/1/6 15341/1/6
f 15334/1/6 15338/1/6 15342/1/6
f 15341/1/6 15337/1/6 15345/1/6
f 15342/1/6 15343/1/6 15346/1/6
f 15334/1/6 15342/1/6 15346/1/6
f 15346/1/6 15343/1/6 15347/1/6
f 15344/1/6 15345/1/6 15348/1/6
f 15345/1/6 15337/1/6 15348/1/6
f 15348/1/6 15337/1/6 15349/1/6
f 15347/1/6 15343/1/6 15350/1/6
f 15344/1/6 15348/1/6 15353/1/6
f 15350/1/6 15351/1/6 15354/1/6
f 15347/1/6 15350/1/6 15354/1/6
f 15354/1/6 15351/1/6 15355/1/6
f 15352/1/6 15353/1/6 15356/1/6
f 15353/1/6 15348/1/6 15356/1/6
f 15356/1/6 15348/1/6 15357/1/6
f 15355/1/6 15351/1/6 15358/1/6
f 15358/1/6 15351/1/6 15359/1/6
f 15352/1/6 15356/1/6 15362/1/6
f 15359/2/6 15360/2/6 15363/2/6
f 15358/2/6 15359/2/6 15363/2/6
f 15363/2/6 15360/2/6 15364/2/6
f 15364/2/6 15360/2/6 15365/2/6
f 15361/1/6 15362/1/6 15368/1/6
f 15362/1/6 15356/1/6 15369/1/6
f 15368/1/6 15362/1/6 15369/1/6
f 15369/1/6 15356/1/6 15370/1/6
f 15365/2/6 15366/2/6 15371/2/6
f 15364/2/6 15365/2/6 15371/2/6
f 15371/2/6 15366/2/6 15372/2/6
f 15372/2/6 15366/2/6 15373/2/6
f 15367/1/6 15368/1/6 15376/1/6
f 15368/1/6 15369/1/6 15376/1/6
f 15376/1/6 15369/1/6 15377/1/6
f 15377/1/6 15369/1/6 15378/1/6
f 15373/2/6 15374/2/6 15379/2/6
f 15372/2/6 15373/2/6 15379/2/6
f 15379/2/6 15374/2/6 15380/2/6
f 15380/2/6 15374/2/6 15381/2/6
f 15376/1/6 15377/1/6 15384/1/6
f 15375/1/6 15376/1/6 15384/1/6
f 15384/1/6 15377/1/6 15385/1/6
f 15385/1/6 15377/1/6 15386/1/6
f 15381/2/6 15382/2/6 15387/2/6
f 15380/2/6 15381/2/6 15387/2/6
f 15387/2/6 15382/2/6 15388/2/6
f 15388/2/6 15382/2/6 15389/2/6
f 15384/1/6 15385/1/6 15393/1/6
f 15383/1/6 15384/1/6 15393/1/6
f 15393/1/6 15385/1/6 15394/1/6
f 15394/1/6 15385/1/6 15395/1/6
f 15390/2/6 15391/2/6 15396/2/6
f 15389/2/6 15390/2/6 15396/2/6
f 15388/2/6 15389/2/6 15396/2/6
f 15396/2/6 15391/2/6 15397/2/6
f 15397/2/6 15391/2/6 15398/2/6
f 15393/1/6 15394/1/6 15401/1/6
f 15392/1/6 15393/1/6 15401/1/6
f 15401/1/6 15394/1/6 15402/1/6
f 15402/1/6 15394/1/6 15403/1/6
f 15398/1/6 15399/1/6 15404/1/6
f 15397/1/6 15398/1/6 15404/1/6
f 15404/1/6 15399/1/6 15405/1/6
f 15405/1/6 15399/1/6 15406/1/6
f 15401/1/6 15402/1/6 15407/1/6
f 15400/1/6 15401/1/6 15407/1/6
f 15407/1/6 15402/1/6 15408/1/6
f 15408/1/6 15402/1/6 15409/1/6
f 15405/1/6 15406/1/6 15410/1/6
f 15407/1/6 15408/1/6 15410/1/6
f 15406/1/6 15407/1/6 15410/1/6
f 15410/1/6 15408/1/6 15411/1/6
f 15412/1/6 15413/1/6 15415/1/6
f 15415/1/6 15413/1/6 15416/1/6
f 15414/1/6 15415/1/6 15419/1/6
f 15416/1/6 15417/1/6 15419/1/6
f 15415/1/6 15416/1/6 15419/1/6
f 15419/1/6 15417/1/6 15420/1/6
f 15420/1/6 15417/1/6 15421/1/6
f 15421/1/6 15417/1/6 15422/1/6
f 15418/1/6 15419/1/6 15425/1/6
f 15419/1/6 15420/1/6 15425/1/6
f 15425/1/6 15420/1/6 15426/1/6
f 15426/1/6 15420/1/6 15427/1/6
f 15421/1/6 15422/1/6 15428/1/6
f 15422/1/6 15423/1/6 15428/1/6
f 15428/1/6 15423/1/6 15429/1/6
f 15429/1/6 15423/1/6 15430/1/6
f 15425/1/6 15426/1/6 15433/1/6
f 15424/1/6 15425/1/6 15433/1/6
f 15433/1/6 15426/1/6 15434/1/6
f 15434/1/6 15426/1/6 15435/1/6
f 15430/1/6 15431/1/6 15436/1/6
f 15429/1/6 15430/1/6 15436/1/6
f 15436/1/6 15431/1/6 15437/1/6
f 15437/1/6 15431/1/6 15438/1/6
f 15433/1/6 15434/1/6 15441/1/6
f 15432/1/6 15433/1/6 15441/1/6
f 15441/1/6 15434/1/6 15442/1/6
f 15442/1/6 15434/1/6 15443/1/6
f 15438/1/6 15439/1/6 15444/1/6
f 15437/1/6 15438/1/6 15444/1/6
f 15444/1/6 15439/1/6 15445/1/6
f 15445/1/6 15439/1/6 15446/1/6
f 15441/1/6 15442/1/6 15449/1/6
f 15440/1/6 15441/1/6 15449/1/6
f 15449/1/6 15442/1/6 15450/1/6
f 15450/1/6 15442/1/6 15451/1/6
f 15446/1/6 15447/1/6 15452/1/6
f 15445/1/6 15446/1/6 15452/1/6
f 15452/1/6 15447/1/6 15453/1/6
f 15453/1/6 15447/1/6 15454/1/6
f 15449/1/6 15450/1/6 15456/1/6
f 15448/1/6 15449/1/6 15456/1/6
f 15456/1/6 15450/1/6 15457/1/6
f 15454/1/6 15455/1/6 15458/1/6
f 15453/1/6 15454/1/6 15458/1/6
f 15458/1/6 15455/1/6 15459/1/6
f 15448/1/6 15456/1/6 15461/1/6
f 15459/1/6 15455/1/6 15462/1/6
f 15460/1/6 15461/1/6 15464/1/6
f 15461/1/6 15456/1/6 15464/1/6
f 15464/1/6 15456/1/6 15465/1/6
f 15462/1/6 15463/1/6 15466/1/6
f 15459/1/6 15462/1/6 15466/1/6
f 15466/1/6 15463/1/6 15467/1/6
f 15460/1/6 15464/1/6 15469/1/6
f 15467/1/6 15463/1/6 15470/1/6
f 15468/1/6 15469/1/6 15472/1/6
f 15469/1/6 15464/1/6 15473/1/6
f 15472/1/6 15469/1/6 15473/1/6
f 15470/1/6 15471/1/6 15474/1/6
f 15467/1/6 15470/1/6 15474/1/6
f 15474/1/6 15471/1/6 15475/1/6
f 15473/1/6 15464/1/6 15476/1/6
f 15467/1/6 15474/1/6 15479/1/6
f 15476/1/6 15477/1/6 15480/1/6
f 15473/1/6 15476/1/6 15480/1/6
f 15480/1/6 15477/1/6 15481/1/6
f 15478/1/6 15479/1/6 15482/1/6
f 15479/1/6 15474/1/6 15482/1/6
f 15482/1/6 15474/1/6 15483/1/6
f 15481/1/6 15477/1/6 15484/1/6
f 15478/1/6 15482/1/6 15487/1/6
f 15484/1/6 15485/1/6 15488/1/6
f 15481/1/6 15484/1/6 15488/1/6
f 15488/1/6 15485/1/6 15489/1/6
f 15489/1/6 15485/1/6 15490/1/6
f 15486/1/6 15487/1/6 15493/1/6
f 15487/1/6 15482/1/6 15494/1/6
f 15493/1/6 15487/1/6 15494/1/6
f 15494/1/6 15482/1/6 15495/1/6
f 15490/1/6 15491/1/6 15496/1/6
f 15489/1/6 15490/1/6 15496/1/6
f 15496/1/6 15491/1/6 15497/1/6
f 15497/1/6 15491/1/6 15498/1/6
f 15492/1/6 15493/1/6 15501/1/6
f 15493/1/6 15494/1/6 15501/1/6
f 15501/1/6 15494/1/6 15502/1/6
f 15502/1/6 15494/1/6 15503/1/6
f 15497/2/6 15498/2/6 15504/2/6
f 15498/1/6 15499/1/6 15505/1/6
f 15504/2/6 15498/2/6 15505/2/6
f 15505/1/6 15499/1/6 15506/1/6
f 15501/1/6 15502/1/6 15509/1/6
f 15500/1/6 15501/1/6 15509/1/6
f 15509/1/6 15502/1/6 15510/1/6
f 15510/1/6 15502/1/6 15511/1/6
f 15505/2/6 15506/2/6 15512/2/6
f 15506/1/6 15507/1/6 15513/1/6
f 15512/2/6 15506/2/6 15513/2/6
f 15513/1/6 15507/1/6 15514/1/6
f 15509/1/6 15510/1/6 15517/1/6
f 15508/1/6 15509/1/6 15517/1/6
f 15517/1/6 15510/1/6 15518/1/6
f 15518/1/6 15510/1/6 15519/1/6
f 15513/2/6 15514/2/6 15520/2/6
f 15514/1/6 15515/1/6 15521/1/6
f 15520/2/6 15514/2/6 15521/2/6
f 15521/1/6 15515/1/6 15522/1/6
f 15522/1/6 15515/1/6 15523/1/6
f 15517/1/6 15518/1/6 15524/1/6
f 15516/1/6 15517/1/6 15524/1/6
f 15524/1/6 15518/1/6 15525/1/6
f 15525/1/6 15518/1/6 15526/1/6
f 15522/1/6 15523/1/6 15527/1/6
f 15524/1/6 15525/1/6 15527/1/6
f 15523/1/6 15524/1/6 15527/1/6
f 15527/1/6 15525/1/6 15528/1/6
f 15528/1/6 15525/1/6 15529/1/6
f 15529/1/6 15525/1/6 15530/1/6
f 15528/1/6 15529/1/6 15531/1/6
f 15531/1/6 15529/1/6 15532/1/6
f 15533/1/6 15534/1/6 15536/1/6
f 15536/1/6 15534/1/6 15537/1/6
f 15537/1/6 15534/1/6 15538/1/6
f 15538/1/6 15534/1/6 15539/1/6
f 15535/1/6 15536/1/6 15542/1/6
f 15536/1/6 15537/1/6 15542/1/6
f 15542/1/6 15537/1/6 15543/1/6
f 15543/1/6 15537/1/6 15544/1/6
f 15538/1/6 15539/1/6 15545/1/6
f 15539/1/6 15540/1/6 15545/1/6
f 15545/1/6 15540/1/6 15546/1/6
f 15546/1/6 15540/1/6 15547/1/6
f 15542/1/6 15543/1/6 15550/1/6
f 15541/1/6 15542/1/6 15550/1/6
f 15550/1/6 15543/1/6 15551/1/6
f 15551/1/6 15543/1/6 15552/1/6
f 15547/1/6 15548/1/6 15553/1/6
f 15546/1/6 15547/1/6 15553/1/6
f 15553/1/6 15548/1/6 15554/1/6
f 15554/1/6 15548/1/6 15555/1/6
f 15550/1/6 15551/1/6 15558/1/6
f 15549/1/6 15550/1/6 15558/1/6
f 15558/1/6 15551/1/6 15559/1/6
f 15559/1/6 15551/1/6 15560/1/6
f 15555/1/6 15556/1/6 15561/1/6
f 15554/1/6 15555/1/6 15561/1/6
f 15561/1/6 15556/1/6 15562/1/6
f 15562/1/6 15556/1/6 15563/1/6
f 15558/1/6 15559/1/6 15566/1/6
f 15557/1/6 15558/1/6 15566/1/6
f 15566/1/6 15559/1/6 15567/1/6
f 15567/1/6 15559/1/6 15568/1/6
f 15563/1/6 15564/1/6 15569/1/6
f 15562/1/6 15563/1/6 15569/1/6
f 15569/1/6 15564/1/6 15570/1/6
f 15570/1/6 15564/1/6 15571/1/6
f 15566/1/6 15567/1/6 15573/1/6
f 15565/1/6 15566/1/6 15573/1/6
f 15573/1/6 15567/1/6 15574/1/6
f 15571/1/6 15572/1/6 15575/1/6
f 15570/1/6 15571/1/6 15575/1/6
f 15575/1/6 15572/1/6 15576/1/6
f 15565/1/6 15573/1/6 15578/1/6
f 15576/1/6 15572/1/6 15579/1/6
f 15577/1/6 15578/1/6 15581/1/6
f 15578/1/6 15573/1/6 15581/1/6
f 15581/1/6 15573/1/6 15582/1/6
f 15579/1/6 15580/1/6 15583/1/6
f 15576/1/6 15579/1/6 15583/1/6
f 15583/1/6 15580/1/6 15584/1/6
f 15577/1/6 15581/1/6 15585/1/6
f 15584/1/6 15580/1/6 15588/1/6
f 15585/1/6 15586/1/6 15589/1/6
f 15577/1/6 15585/1/6 15589/1/6
f 15589/1/6 15586/1/6 15590/1/6
f 15587/1/6 15588/1/6 15591/1/6
f 15588/1/6 15580/1/6 15591/1/6
f 15591/1/6 15580/1/6 15592/1/6
f 15590/1/6 15586/1/6 15593/1/6
f 15587/1/6 15591/1/6 15596/1/6
f 15593/1/6 15594/1/6 15597/1/6
f 15590/1/6 15593/1/6 15597/1/6
f 15597/1/6 15594/1/6 15598/1/6
f 15598/1/6 15594/1/6 15599/1/6
f 15595/1/6 15596/1/6 15602/1/6
f 15596/1/6 15591/1/6 15603/1/6
f 15602/1/6 15596/1/6 15603/1/6
f 15603/1/6 15591/1/6 15604/1/6
f 15599/1/6 15600/1/6 15605/1/6
f 15598/1/6 15599/1/6 15605/1/6
f 15605/1/6 15600/1/6 15606/1/6
f 15606/1/6 15600/1/6 15607/1/6
f 15601/1/6 15602/1/6 15610/1/6
f 15602/1/6 15603/1/6 15610/1/6
f 15610/1/6 15603/1/6 15611/1/6
f 15611/1/6 15603/1/6 15612/1/6
f 15607/1/6 15608/1/6 15613/1/6
f 15606/1/6 15607/1/6 15613/1/6
f 15613/1/6 15608/1/6 15614/1/6
f 15614/1/6 15608/1/6 15615/1/6
f 15610/1/6 15611/1/6 15618/1/6
f 15609/1/6 15610/1/6 15618/1/6
f 15618/1/6 15611/1/6 15619/1/6
f 15619/1/6 15611/1/6 15620/1/6
f 15615/1/6 15616/1/6 15621/1/6
f 15614/1/6 15615/1/6 15621/1/6
f 15621/1/6 15616/1/6 15622/1/6
f 15622/1/6 15616/1/6 15623/1/6
f 15618/1/6 15619/1/6 15626/1/6
f 15617/1/6 15618/1/6 15626/1/6
f 15626/1/6 15619/1/6 15627/1/6
f 15627/1/6 15619/1/6 15628/1/6
f 15623/1/6 15624/1/6 15629/1/6
f 15622/1/6 15623/1/6 15629/1/6
f 15629/1/6 15624/1/6 15630/1/6
f 15630/1/6 15624/1/6 15631/1/6
f 15626/1/6 15627/1/6 15632/1/6
f 15625/1/6 15626/1/6 15632/1/6
f 15632/1/6 15627/1/6 15633/1/6
f 15633/1/6 15627/1/6 15634/1/6
f 15630/1/6 15631/1/6 15635/1/6
f 15632/1/6 15633/1/6 15635/1/6
f 15631/1/6 15632/1/6 15635/1/6
f 15635/1/6 15633/1/6 15636/1/6
f 15637/1/6 15638/1/6 15640/1/6
f 15640/1/6 15638/1/6 15641/1/6
f 15639/1/6 15640/1/6 15644/1/6
f 15641/1/6 15642/1/6 15644/1/6
f 15640/1/6 15641/1/6 15644/1/6
f 15644/1/6 15642/1/6 15645/1/6
f 15645/1/6 15642/1/6 15646/1/6
f 15646/1/6 15642/1/6 15647/1/6
f 15643/1/6 15644/1/6 15650/1/6
f 15644/1/6 15645/1/6 15650/1/6
f 15650/1/6 15645/1/6 15651/1/6
f 15651/1/6 15645/1/6 15652/1/6
f 15646/1/6 15647/1/6 15653/1/6
f 15647/1/6 15648/1/6 15653/1/6
f 15653/1/6 15648/1/6 15654/1/6
f 15654/1/6 15648/1/6 15655/1/6
f 15650/1/6 15651/1/6 15658/1/6
f 15649/1/6 15650/1/6 15658/1/6
f 15658/1/6 15651/1/6 15659/1/6
f 15659/1/6 15651/1/6 15660/1/6
f 15655/1/6 15656/1/6 15661/1/6
f 15654/1/6 15655/1/6 15661/1/6
f 15661/1/6 15656/1/6 15662/1/6
f 15662/1/6 15656/1/6 15663/1/6
f 15658/1/6 15659/1/6 15666/1/6
f 15657/1/6 15658/1/6 15666/1/6
f 15666/1/6 15659/1/6 15667/1/6
f 15667/1/6 15659/1/6 15668/1/6
f 15663/1/6 15664/1/6 15669/1/6
f 15662/1/6 15663/1/6 15669/1/6
f 15669/1/6 15664/1/6 15670/1/6
f 15670/1/6 15664/1/6 15671/1/6
f 15666/1/6 15667/1/6 15673/1/6
f 15665/1/6 15666/1/6 15673/1/6
f 15673/1/6 15667/1/6 15674/1/6
f 15671/1/6 15672/1/6 15675/1/6
f 15670/1/6 15671/1/6 15675/1/6
f 15675/1/6 15672/1/6 15676/1/6
f 15665/1/6 15673/1/6 15678/1/6
f 15676/1/6 15672/1/6 15679/1/6
f 15677/1/6 15678/1/6 15681/1/6
f 15678/1/6 15673/1/6 15681/1/6
f 15681/1/6 15673/1/6 15682/1/6
f 15679/1/6 15680/1/6 15683/1/6
f 15676/1/6 15679/1/6 15683/1/6
f 15683/1/6 15680/1/6 15684/1/6
f 15677/1/6 15681/1/6 15685/1/6
f 15684/1/6 15680/1/6 15688/1/6
f 15685/1/6 15686/1/6 15689/1/6
f 15677/1/6 15685/1/6 15689/1/6
f 15689/1/6 15686/1/6 15690/1/6
f 15687/1/6 15688/1/6 15691/1/6
f 15688/1/6 15680/1/6 15691/1/6
f 15691/1/6 15680/1/6 15692/1/6
f 15690/1/6 15686/1/6 15693/1/6
f 15687/1/6 15691/1/6 15696/1/6
f 15693/1/6 15694/1/6 15697/1/6
f 15690/1/6 15693/1/6 15697/1/6
f 15697/1/6 15694/1/6 15698/1/6
f 15698/1/6 15694/1/6 15699/1/6
f 15695/1/6 15696/1/6 15702/1/6
f 15696/1/6 15691/1/6 15703/1/6
f 15702/1/6 15696/1/6 15703/1/6
f 15703/1/6 15691/1/6 15704/1/6
f 15699/1/6 15700/1/6 15705/1/6
f 15698/1/6 15699/1/6 15705/1/6
f 15705/1/6 15700/1/6 15706/1/6
f 15706/1/6 15700/1/6 15707/1/6
f 15701/1/6 15702/1/6 15710/1/6
f 15702/1/6 15703/1/6 15710/1/6
f 15710/1/6 15703/1/6 15711/1/6
f 15711/1/6 15703/1/6 15712/1/6
f 15707/1/6 15708/1/6 15713/1/6
f 15706/1/6 15707/1/6 15713/1/6
f 15713/1/6 15708/1/6 15714/1/6
f 15714/1/6 15708/1/6 15715/1/6
f 15710/1/6 15711/1/6 15718/1/6
f 15709/1/6 15710/1/6 15718/1/6
f 15718/1/6 15711/1/6 15719/1/6
f 15719/1/6 15711/1/6 15720/1/6
f 15715/1/6 15716/1/6 15721/1/6
f 15714/1/6 15715/1/6 15721/1/6
f 15721/1/6 15716/1/6 15722/1/6
f 15722/1/6 15716/1/6 15723/1/6
f 15718/1/6 15719/1/6 15724/1/6
f 15717/1/6 15718/1/6 15724/1/6
f 15724/1/6 15719/1/6 15725/1/6
f 15725/1/6 15719/1/6 15726/1/6
f 15722/1/6 15723/1/6 15727/1/6
f 15724/1/6 15725/1/6 15727/1/6
f 15723/1/6 15724/1/6 15727/1/6
f 15727/1/6 15725/1/6 15728/1/6
f 15728/1/6 15725/1/6 15729/1/6
f 15729/1/6 15725/1/6 15730/1/6
f 15728/1/6 15729/1/6 15731/1/6
f 15731/1/6 15729/1/6 15732/1/6
f 15733/1/6 15734/1/6 15736/1/6
f 15736/1/6 15734/1/6 15737/1/6
f 15735/1/6 15736/1/6 15740/1/6
f 15737/1/6 15738/1/6 15740/1/6
f 15736/1/6 15737/1/6 15740/1/6
f 15740/1/6 15738/1/6 15741/1/6
f 15739/1/6 15740/1/6 15744/1/6
f 15741/1/6 15742/1/6 15744/1/6
f 15740/1/6 15741/1/6 15744/1/6
f 15744/1/6 15742/1/6 15745/1/6
f 15743/1/6 15744/1/6 15748/1/6
f 15745/1/6 15746/1/6 15748/1/6
f 15744/1/6 15745/1/6 15748/1/6
f 15748/1/6 15746/1/6 15749/1/6
f 15749/1/6 15746/1/6 15750/1/6
f 15750/1/6 15746/1/6 15751/1/6
f 15747/1/6 15748/1/6 15753/1/6
f 15748/1/6 15749/1/6 15753/1/6
f 15753/1/6 15749/1/6 15754/1/6
f 15751/1/6 15752/1/6 15755/1/6
f 15750/1/6 15751/1/6 15755/1/6
f 15755/1/6 15752/1/6 15756/1/6
f 15747/1/6 15753/1/6 15758/1/6
f 15756/1/6 15752/1/6 15759/1/6
f 15757/1/6 15758/1/6 15761/1/6
f 15758/1/6 15753/1/6 15762/1/6
f 15761/1/6 15758/1/6 15762/1/6
f 15759/1/6 15760/1/6 15763/1/6
f 15756/1/6 15759/1/6 15763/1/6
f 15763/1/6 15760/1/6 15764/1/6
f 15762/1/6 15753/1/6 15765/1/6
f 15756/1/6 15763/1/6 15768/1/6
f 15765/1/6 15766/1/6 15769/1/6
f 15762/1/6 15765/1/6 15769/1/6
f 15769/1/6 15766/1/6 15770/1/6
f 15770/1/6 15766/1/6 15771/1/6
f 15767/1/6 15768/1/6 15772/1/6
f 15768/1/6 15763/1/6 15773/1/6
f 15772/1/6 15768/1/6 15773/1/6
f 15773/1/6 15763/1/6 15774/1/6
f 15770/1/6 15771/1/6 15775/1/6
f 15771/1/6 15772/1/6 15775/1/6
f 15772/1/6 15773/1/6 15775/1/6
f 15775/1/6 15773/1/6 15776/1/6
f 15776/1/6 15773/1/6 15777/1/6
f 15777/1/6 15773/1/6 15778/1/6
f 15776/1/6 15777/1/6 15779/1/6
f 15779/1/6 15777/1/6 15780/1/6
f 15780/1/6 15777/1/6 15781/1/6
f 15781/1/6 15777/1/6 15782/1/6
f 15780/1/6 15781/1/6 15783/1/6
f 15783/1/6 15781/1/6 15784/1/6
f 15784/1/6 15781/1/6 15785/1/6
f 15785/1/6 15781/1/6 15786/1/6
f 15784/1/6 15785/1/6 15787/1/6
f 15787/1/6 15785/1/6 15788/1/6
f 15789/1/6 15790/1/6 15792/1/6
f 15792/1/6 15790/1/6 15793/1/6
f 15791/1/6 15792/1/6 15795/1/6
f 15792/2/6 15793/2/6 15795/2/6
f 15793/1/6 15794/1/6 15796/1/6
f 15795/2/6 15793/2/6 15796/2/6
f 15791/1/6 15795/1/6 15797/1/6
f 15795/1/6 15796/1/6 15797/1/6
f 15797/1/6 15796/1/6 15798/1/6
f 15796/1/6 15794/1/6 15799/1/6
f 15798/1/6 15796/1/6 15799/1/6
f 15799/1/6 15794/1/6 15800/1/6
f 15798/1/6 15799/1/6 15801/1/6
f 15801/1/6 15799/1/6 15802/1/6
